OBJECTID,ACCIDENTNUM,ACCIDENTDATE,LOCATION,ACCIDENT_LOCATION,IMPACT_LOCATION,ENVIRONMENT_CONDITION,LIGHT,COLLISION_TYPE,TRAFFICCOLLISIONSID
362,13-174128,20130727,WEST AVE @ VICTORIA ST S / STRANGE ST,01-Non intersection,09-Right shoulder,01-Clear,01-Daylight,INTERSECTION,
363,13-141810,20130621,FRANKLIN ST N @ DALEWOOD DR,02-Intersection related,03-Left turn lane,01-Clear,01-Daylight,INTERSECTION,
364,13-178186,20130731,ELM RIDGE DR @ HICKORY HEIGHTS CRES,03-At intersection,01-Within intersection,02-Rain,01-Daylight,INTERSECTION,
365,13-016308,20130120,BLACKHORNE DR @ BRIAR KNOLL DR,01-Non intersection,02-Thru lane,03-Snow,07-Dark,INTERSECTION,
366,13-002870,20130104,STAUFFER DR @ REIDEL DR,01-Non intersection,10-Not on roadway - left side,01-Clear,07-Dark,INTERSECTION,
367,13-052203,20130307,CRANSHAW ST @ FEATHERSTONE ST / HURON RD,01-Non intersection,02-Thru lane,01-Clear,01-Daylight,INTERSECTION,
368,13-022969,20130129,RESURRECTION DR @ COUNTRYSTONE DR,02-Intersection related,12-Off highway,01-Clear,01-Daylight,INTERSECTION,
369,13-112076,20130518,BRAUN ST @ SHANLEY ST,01-Non intersection,02-Thru lane,01-Clear,"08-Dark, artificial",INTERSECTION,
370,12-203189,20120829,BREITHAUPT ST @ WATERLOO ST,03-At intersection,01-Within intersection,01-Clear,01-Daylight,INTERSECTION,
371,12-200934,20120826,BANBURY ST @ LACKNER BLVD,02-Intersection related,02-Thru lane,01-Clear,01-Daylight,INTERSECTION,
372,13-133058,20130612,GREENCROFT CRT @ WESTFOREST TRAIL,04-At/near private drive,11-Not on roadway - right side,02-Rain,07-Dark,INTERSECTION,
373,13-138896,20130618,AHRENS ST W @ WELLINGTON ST N,02-Intersection related,02-Thru lane,01-Clear,01-Daylight,INTERSECTION,
374,13-071647,20130330,COUNTRYSTONE DR @ COUNTRYSTONE CRES,03-At intersection,01-Within intersection,01-Clear,01-Daylight,INTERSECTION,
375,12-081489,20120408,DOON VILLAGE RD @ TILT DR,01-Non intersection,11-Not on roadway - right side,01-Clear,07-Dark,INTERSECTION,
376,12-181293,20120803,HIGHGATE RD @ HUCK CRES,02-Intersection related,02-Thru lane,01-Clear,01-Daylight,INTERSECTION,
377,12-176190,20120728,FIFTH AVE @ KINGSWAY DR,04-At/near private drive,02-Thru lane,01-Clear,01-Daylight,INTERSECTION,
378,13-019259,20130123,HOMER WATSON BLVD @ STIRLING AVE S,03-At intersection,01-Within intersection,01-Clear,"06-Dusk, artificial",INTERSECTION,
379,13-085565,20130417,KING ST E @ BETZNER AVE S / BETZNER AVE N,04-At/near private drive,09-Right shoulder,01-Clear,01-Daylight,INTERSECTION,
380,13-074894,20130404,STRASBURG RD @ MCINTYRE DR,02-Intersection related,02-Thru lane,01-Clear,01-Daylight,INTERSECTION,
381,13-131792,20130610,SPADINA RD E @ WENTWORTH AVE,01-Non intersection,02-Thru lane,01-Clear,01-Daylight,INTERSECTION,
382,13-032856,20130211,FOREST EDGE TRAIL @ CHESTNUT HILL CRES,01-Non intersection,02-Thru lane,04-Freezing Rain,03-Dawn,INTERSECTION,
383,13-030694,20130208,WATERLOO ST @ GUELPH ST,03-At intersection,01-Within intersection,03-Snow,"08-Dark, artificial",INTERSECTION,
384,12-208043,20120903,LYDIA ST @ CAMERON ST N,01-Non intersection,02-Thru lane,01-Clear,"08-Dark, artificial",INTERSECTION,
385,12-181233,20120803,WHITNEY PL @ BENTON ST,04-At/near private drive,09-Right shoulder,01-Clear,01-Daylight,INTERSECTION,
386,12-178862,20120731,MORGAN AVE @ PEPPERWOOD CRES,04-At/near private drive,10-Not on roadway - left side,01-Clear,01-Daylight,INTERSECTION,
387,13-022895,20130129,KARN ST @ WEICHEL ST,03-At intersection,01-Within intersection,04-Freezing Rain,01-Daylight,INTERSECTION,
388,13-026187,20130202,BELMONT AVE E @ SOUTH DR,03-At intersection,11-Not on roadway - right side,03-Snow,01-Daylight,INTERSECTION,
389,13-032960,20130211,GLEN RD @ PLEASANT AVE,01-Non intersection,02-Thru lane,02-Rain,01-Daylight,INTERSECTION,
390,13-026870,20130203,HIGHVIEW DR @ HIGHVIEW PL,01-Non intersection,99-Other,03-Snow,"08-Dark, artificial",INTERSECTION,
391,13-029993,20130207,WEBER ST E @ MONTGOMERY RD,04-At/near private drive,02-Thru lane,03-Snow,01-Daylight,INTERSECTION,
392,13-019134,20130124,QUEEN ST S @ CHURCH ST,01-Non intersection,02-Thru lane,01-Clear,01-Daylight,INTERSECTION,
393,13-029492,20130106,OTTERBEIN RD @ MISTY ST / BRANDY CRES,01-Non intersection,10-Not on roadway - left side,01-Clear,01-Daylight,INTERSECTION,
394,12-075987,20120401,KINZIE AVE @ HUBER ST,04-At/near private drive,02-Thru lane,01-Clear,01-Daylight,INTERSECTION,
395,12-076182,20120330,EVENS POND CRES @ ROBERT FERRIE DR,04-At/near private drive,02-Thru lane,01-Clear,01-Daylight,INTERSECTION,
396,12-073793,20120330,DOON VILLAGE RD @ MILLWOOD CRES,04-At/near private drive,02-Thru lane,01-Clear,01-Daylight,INTERSECTION,
397,12-072853,20120326,SHIRLEY AVE @ BINGEMANS CENTRE DR,04-At/near private drive,02-Thru lane,01-Clear,01-Daylight,INTERSECTION,
398,13-189024,20130815,SADDLEWOOD DR @ THOMAS SLEE DR / PEARWOOD CRT,01-Non intersection,02-Thru lane,01-Clear,01-Daylight,INTERSECTION,
399,13-184560,20130809,FARRIER DR @ DOON VILLAGE RD / MILLWOOD CRES,02-Intersection related,03-Left turn lane,01-Clear,01-Daylight,INTERSECTION,
400,13-199351,20130827,RITTENHOUSE RD @ BLOCK LINE RD,03-At intersection,02-Thru lane,01-Clear,01-Daylight,INTERSECTION,
401,13-192692,20130819,PATRICIA AVE @ SPADINA RD W,02-Intersection related,01-Within intersection,01-Clear,01-Daylight,INTERSECTION,
402,13-000920,20130102,AUTUMN RIDGE TRAIL @ RIDGEMOUNT ST,04-At/near private drive,02-Thru lane,01-Clear,01-Daylight,INTERSECTION,
403,13-007299,20130110,VANIER DR @ BONIFACE AVE,01-Non intersection,01-Within intersection,01-Clear,01-Daylight,INTERSECTION,
404,13-008796,20130111,TAGGE ST @ STANLEY AVE,03-At intersection,01-Within intersection,"07-Fog, mist, smoke, dust",07-Dark,INTERSECTION,
405,13-004785,20130107,UPPER CANADA DR @ DOON VILLAGE RD,02-Intersection related,01-Within intersection,01-Clear,01-Daylight,INTERSECTION,
406,13-073156,20130402,OTTAWA ST S @ HOWE DR,04-At/near private drive,11-Not on roadway - right side,01-Clear,01-Daylight,INTERSECTION,
407,12-180296,20120802,FOURTH AVE @ KINGSWAY DR,03-At intersection,01-Within intersection,01-Clear,01-Daylight,INTERSECTION,
408,12-215510,20120912,MCGARRY DR @ ELM RIDGE DR,03-At intersection,02-Thru lane,01-Clear,01-Daylight,INTERSECTION,
409,13-115382,20130522,TALBOT ST @ BELMONT AVE W,03-At intersection,01-Within intersection,02-Rain,01-Daylight,INTERSECTION,
410,13-125813,20130603,TRILLIUM DR @ TRILLIUM PARK PL,04-At/near private drive,02-Thru lane,01-Clear,01-Daylight,INTERSECTION,
411,13-127757,20130605,POMPEII ST @ WOODBINE AVE,01-Non intersection,02-Thru lane,01-Clear,01-Daylight,INTERSECTION,
412,13-154352,20130705,ST LEGER ST @ BLUCHER ST / BLUCHER BLVD,03-At intersection,01-Within intersection,01-Clear,01-Daylight,INTERSECTION,
413,13-124655,20130601,EAGEN DR @ RALGREEN CRES,01-Non intersection,02-Thru lane,02-Rain,"08-Dark, artificial",INTERSECTION,
414,13-049951,20130303,BORDEN AVE S @ CHARLES ST E,04-At/near private drive,02-Thru lane,01-Clear,01-Daylight,INTERSECTION,
415,13-081420,20130412,COURTLAND AVE E @ SIEBERT AVE,01-Non intersection,10-Not on roadway - left side,02-Rain,01-Daylight,INTERSECTION,
416,13-074429,20130404,ROLLING MEADOWS DR @ DRIFTWOOD DR,01-Non intersection,02-Thru lane,01-Clear,01-Daylight,INTERSECTION,
417,13-100955,20130505,WILDERNESS DR @ MOUNTAIN MINT CRES / PINE MARTIN CRES,02-Intersection related,02-Thru lane,01-Clear,01-Daylight,INTERSECTION,
418,13-107339,20130513,DONNENWERTH DR @ ACTIVA AVE,01-Non intersection,11-Not on roadway - right side,01-Clear,"08-Dark, artificial",INTERSECTION,
419,13-187596,20130813,SHADELAND CRES @ HAZELGLEN DR,04-At/near private drive,02-Thru lane,01-Clear,01-Daylight,INTERSECTION,
420,13-136417,20130615,DONNENWERTH DR @ PERIWINKLE ST,03-At intersection,01-Within intersection,01-Clear,01-Daylight,INTERSECTION,
421,13-038699,20130215,NEW DUNDEE RD @ PINNACLE DR,03-At intersection,11-Not on roadway - right side,03-Snow,07-Dark,INTERSECTION,
422,13-037993,20130216,LANCASTER ST W @ ASH ST,04-At/near private drive,02-Thru lane,01-Clear,"06-Dusk, artificial",INTERSECTION,
423,13-039614,20130219,MARLBOROUGH AVE @ NORTH DR,04-At/near private drive,02-Thru lane,01-Clear,01-Daylight,INTERSECTION,
424,13-028773,20130205,RIVER RD E @ LORRAINE AVE,01-Non intersection,02-Thru lane,01-Clear,01-Daylight,INTERSECTION,
425,13-022469,20130128,RIDGEMERE CRT @ RIDGEMERE ST,02-Intersection related,12-Off highway,02-Rain,01-Daylight,INTERSECTION,
426,13-017925,20130122,HIGHLAND RD E @ MAUSSER AVE,03-At intersection,01-Within intersection,01-Clear,"08-Dark, artificial",INTERSECTION,
427,13-023458,20130129,CHARLES ST W @ GAUKEL ST,04-At/near private drive,02-Thru lane,02-Rain,07-Dark,INTERSECTION,
428,13-015590,20130119,KING ST E @ ONWARD AVE,02-Intersection related,01-Within intersection,01-Clear,07-Dark,INTERSECTION,
429,13-193529,20130820,HOMER WATSON BLVD @ MANITOU DR / DOON VILLAGE RD,04-At/near private drive,03-Left turn lane,01-Clear,01-Daylight,INTERSECTION,
430,13-199632,20130828,QUEENS BLVD @ REX DR,02-Intersection related,10-Not on roadway - left side,01-Clear,"08-Dark, artificial",INTERSECTION,
431,13-009418,20130112,COPPER LEAF ST @ LEMONBALM ST,04-At/near private drive,10-Not on roadway - left side,01-Clear,01-Daylight,INTERSECTION,
432,13-057738,20130314,STOKE DR @ WEXFORD CRES,04-At/near private drive,02-Thru lane,01-Clear,01-Daylight,INTERSECTION,
433,13-048196,20130302,KING ST W @ FRANCIS ST S / FRANCIS ST N,03-At intersection,01-Within intersection,01-Clear,"08-Dark, artificial",INTERSECTION,
434,13-085501,20130415,OVERLEA CRES @ OVERLEA DR,04-At/near private drive,02-Thru lane,01-Clear,01-Daylight,INTERSECTION,
435,13-105238,20130510,OTTAWA ST S @ VALLEYVIEW RD,04-At/near private drive,02-Thru lane,01-Clear,01-Daylight,INTERSECTION,
436,13-106798,20130512,CLIVE RD @ BRENTWOOD AVE,04-At/near private drive,09-Right shoulder,01-Clear,"08-Dark, artificial",INTERSECTION,
437,13-119476,20130527,PARK ST @ VICTORIA ST S,04-At/near private drive,02-Thru lane,01-Clear,01-Daylight,INTERSECTION,
438,13-132033,20130610,DUMFRIES AVE @ KRUG ST,02-Intersection related,01-Within intersection,02-Rain,01-Daylight,INTERSECTION,
439,13-092725,20130426,BECHTEL DR @ PATHFINDER CRES,01-Non intersection,09-Right shoulder,01-Clear,03-Dawn,INTERSECTION,
440,13-158634,20130710,BRUNSWICK AVE @ GUELPH ST,03-At intersection,01-Within intersection,01-Clear,01-Daylight,INTERSECTION,
441,13-153598,20130704,LEMON GRASS ST @ COUNTRYSTONE DR,07-Overpass or bridge,02-Thru lane,01-Clear,01-Daylight,INTERSECTION,
442,13-157729,20130709,TEMPLEWOOD DR @ OLD HURON RD,01-Non intersection,02-Thru lane,01-Clear,01-Daylight,INTERSECTION,
443,13-077519,20130407,ROCKWAY DR @ DOON RD,03-At intersection,01-Within intersection,01-Clear,01-Daylight,INTERSECTION,
444,13-074929,20130404,KENNETH AVE @ FRANKLIN ST N,03-At intersection,02-Thru lane,01-Clear,01-Daylight,INTERSECTION,
445,13-117219,20130524,BLACKWELL DR @ WESTHEIGHTS DR,03-At intersection,02-Thru lane,01-Clear,01-Daylight,INTERSECTION,
446,13-102492,20130507,MONTCALM DR @ BISHOP CRT,02-Intersection related,02-Thru lane,01-Clear,01-Daylight,INTERSECTION,
447,13-044097,20130225,LOUISA ST @ MARGARET AVE,02-Intersection related,02-Thru lane,01-Clear,01-Daylight,INTERSECTION,
448,13-050761,20130302,FARRIER DR @ DUNLOP PL,02-Intersection related,09-Right shoulder,01-Clear,07-Dark,INTERSECTION,
449,13-038799,20130218,MEINZINGER AVE @ HOFFMAN ST,02-Intersection related,11-Not on roadway - right side,01-Clear,01-Daylight,INTERSECTION,
450,13-042197,20130222,OTTAWA ST S @ ALPINE RD,04-At/near private drive,02-Thru lane,03-Snow,"08-Dark, artificial",INTERSECTION,
451,13-071364,20130406,OPRINGTON DR @ BENESFORT DR,01-Non intersection,02-Thru lane,01-Clear,01-Daylight,INTERSECTION,
452,13-094489,20130428,MOWAT BLVD @ CHANDLER DR,01-Non intersection,08-Left shoulder,01-Clear,"08-Dark, artificial",INTERSECTION,
453,13-024958,20130131,DAIMLER DR @ BRIARMEADOW DR / BRIARMEADOW PL,02-Intersection related,11-Not on roadway - right side,01-Clear,"08-Dark, artificial",INTERSECTION,
454,13-050686,20130305,DAIMLER DR @ OLD CHICOPEE DR,01-Non intersection,08-Left shoulder,01-Clear,01-Daylight,INTERSECTION,
455,13-050652,20130305,BECHTEL DR @ SABRINA CRES,02-Intersection related,02-Thru lane,01-Clear,01-Daylight,INTERSECTION,
456,12-179699,20120801,GLASGOW ST @ EARL ST,01-Non intersection,02-Thru lane,01-Clear,01-Daylight,INTERSECTION,
457,12-168491,20120719,ELLIS AVE @ GUELPH ST,03-At intersection,01-Within intersection,01-Clear,01-Daylight,INTERSECTION,
458,12-222719,20120920,QUEEN ST S @ COURTLAND AVE W,01-Non intersection,02-Thru lane,01-Clear,01-Daylight,INTERSECTION,
459,12-266921,20120929,WESTMOUNT RD E @ LAURENTIAN DR,04-At/near private drive,02-Thru lane,02-Rain,01-Daylight,INTERSECTION,
460,12-150465,20120628,OTTAWA ST N @ RIVER RD E,04-At/near private drive,03-Left turn lane,01-Clear,01-Daylight,INTERSECTION,
461,12-237842,20121007,BELMONT AVE W @ ADELAIDE ST,03-At intersection,01-Within intersection,01-Clear,01-Daylight,INTERSECTION,
462,12-234717,20121003,KINZIE AVE @ THALER AVE,03-At intersection,01-Within intersection,01-Clear,"08-Dark, artificial",INTERSECTION,
463,12-239449,20121009,ELIZA AVE @ ISAIAH DR / ISAIAH CRES,04-At/near private drive,09-Right shoulder,01-Clear,01-Daylight,INTERSECTION,
464,12-202403,20120828,BELMONT AVE W @ METZLOFF DR,04-At/near private drive,02-Thru lane,01-Clear,01-Daylight,INTERSECTION,
465,12-175240,20120725,EARL ST @ ARGYLE ST,04-At/near private drive,09-Right shoulder,01-Clear,01-Daylight,INTERSECTION,
466,12-177740,20120729,FEATHERSTONE CRES @ FEATHERSTONE ST,04-At/near private drive,09-Right shoulder,01-Clear,01-Daylight,INTERSECTION,
467,12-228987,20120927,BLUCHER ST @ DIEPPE AVE,01-Non intersection,02-Thru lane,01-Clear,01-Daylight,INTERSECTION,
468,12-232838,20121001,BURN PL @ BELMONT AVE W,04-At/near private drive,02-Thru lane,01-Clear,01-Daylight,INTERSECTION,
469,12-233471,20121002,EAST AVE @ KRUG ST,02-Intersection related,02-Thru lane,01-Clear,01-Daylight,INTERSECTION,
470,12-288696,20121211,HARTWOOD AVE @ BRUNSWICK AVE / HARTWOOD PL,03-At intersection,11-Not on roadway - right side,03-Snow,01-Daylight,INTERSECTION,
471,12-287193,20121209,BURBANK RD @ ARCHER PL,01-Non intersection,10-Not on roadway - left side,01-Clear,"08-Dark, artificial",INTERSECTION,
472,12-177773,20120730,SHELDON AVE S @ CHARLES ST E,03-At intersection,02-Thru lane,01-Clear,01-Daylight,INTERSECTION,
473,12-079041,20120405,EAST AVE @ SHERBOURNE AVE,03-At intersection,01-Within intersection,01-Clear,01-Daylight,INTERSECTION,
474,12-076946,20120403,BLACKHORNE CRES @ BLACKHORNE DR,04-At/near private drive,02-Thru lane,01-Clear,07-Dark,INTERSECTION,
475,12-023694,20120129,UNION LANE @ UNION ST,01-Non intersection,08-Left shoulder,01-Clear,01-Daylight,INTERSECTION,
476,12-288443,20121211,SHUH AVE @ FRANKLIN ST N,01-Non intersection,11-Not on roadway - right side,01-Clear,"08-Dark, artificial",INTERSECTION,
477,12-285204,20121206,HALLS LANE W @ FRANCIS ST S,03-At intersection,01-Within intersection,01-Clear,01-Daylight,INTERSECTION,
478,12-283864,20121130,KINZIE AVE @ HAROLD AVE,02-Intersection related,02-Thru lane,03-Snow,01-Daylight,INTERSECTION,
479,12-245021,20121016,UNION ST @ MAPLEWOOD PL,01-Non intersection,02-Thru lane,01-Clear,01-Daylight,INTERSECTION,
480,12-158865,20120708,DOON SOUTH DR @ THOMAS SLEE DR,02-Intersection related,02-Thru lane,01-Clear,"08-Dark, artificial",INTERSECTION,
481,12-156236,20120705,SOUTHWOOD DR @ DEVONGLEN DR,03-At intersection,10-Not on roadway - left side,01-Clear,07-Dark,INTERSECTION,
482,12-189046,20120811,SHELLEY DR @ VANIER DR,03-At intersection,02-Thru lane,02-Rain,01-Daylight,INTERSECTION,
483,12-229849,20120927,EDMUND RD @ SHELDON AVE N,04-At/near private drive,09-Right shoulder,01-Clear,01-Daylight,INTERSECTION,
484,12-199845,20120825,EDWIN ST @ BLUCHER BLVD,03-At intersection,11-Not on roadway - right side,01-Clear,01-Daylight,INTERSECTION,
485,12-212389,20120908,HAMEL AVE @ LANCASTER ST W,01-Non intersection,02-Thru lane,01-Clear,01-Daylight,INTERSECTION,
486,12-070863,20120327,BANKSIDE DR @ OPRINGTON DR,02-Intersection related,02-Thru lane,01-Clear,01-Daylight,INTERSECTION,
487,12-247211,20121018,TRILLIUM DR @ BEASLEY DR,03-At intersection,01-Within intersection,01-Clear,07-Dark,INTERSECTION,
488,12-216802,20120908,TARA CRES @ ERINBROOK DR,02-Intersection related,02-Thru lane,01-Clear,01-Daylight,INTERSECTION,
489,12-128957,20120603,EDWIN ST @ LEONARD ST,04-At/near private drive,02-Thru lane,01-Clear,01-Daylight,INTERSECTION,
490,12-133027,20120607,HICKSON DR @ HALLIWELL DR,04-At/near private drive,09-Right shoulder,01-Clear,01-Daylight,INTERSECTION,
491,12-131203,20120605,SAMUEL ST @ STIRLING AVE N,04-At/near private drive,02-Thru lane,01-Clear,01-Daylight,INTERSECTION,
492,12-139275,20120615,TRILLIUM DR @ SHOEMAKER ST,04-At/near private drive,02-Thru lane,01-Clear,01-Daylight,INTERSECTION,
493,12-136062,20120611,GREEN VALLEY DR @ ARROWHEAD CRES,04-At/near private drive,02-Thru lane,02-Rain,01-Daylight,INTERSECTION,
494,12-280894,20121130,QUEENS BLVD @ HAHN PL,01-Non intersection,02-Thru lane,03-Snow,01-Daylight,INTERSECTION,
495,12-281571,20121201,ROSEDALE AVE @ BRICK ST,01-Non intersection,11-Not on roadway - right side,01-Clear,01-Daylight,INTERSECTION,
496,12-290806,20121214,RIVER RD E @ CONWAY DR,02-Intersection related,11-Not on roadway - right side,01-Clear,01-Daylight,INTERSECTION,
497,12-283775,20121204,WEBER ST E @ STIRLING AVE N,04-At/near private drive,02-Thru lane,02-Rain,01-Daylight,INTERSECTION,
498,12-055273,20120309,QUEENS BLVD @ CECILE DR,02-Intersection related,11-Not on roadway - right side,03-Snow,01-Daylight,INTERSECTION,
499,12-021814,20120128,CHURCH ST @ EBY ST S,01-Non intersection,02-Thru lane,01-Clear,07-Dark,INTERSECTION,
500,12-037241,20120215,HILL ST @ ST VINCENT ST,04-At/near private drive,02-Thru lane,01-Clear,"08-Dark, artificial",INTERSECTION,
501,12-001300,20120102,KARN ST @ ALICE AVE,01-Non intersection,11-Not on roadway - right side,01-Clear,07-Dark,INTERSECTION,
502,13-003474,20130105,MILL ST @ LANSDOWNE BLVD,01-Non intersection,02-Thru lane,01-Clear,"08-Dark, artificial",INTERSECTION,
503,12-218419,20120914,COURTLAND AVE E @ PETER ST,02-Intersection related,09-Right shoulder,01-Clear,"08-Dark, artificial",INTERSECTION,
504,12-230483,20120929,PEBBLECREEK DR @ ZELLER DR,03-At intersection,01-Within intersection,01-Clear,01-Daylight,INTERSECTION,
505,12-253247,20121023,EAST AVE @ BINGEMAN ST,03-At intersection,02-Thru lane,01-Clear,07-Dark,INTERSECTION,
506,12-022939,20120129,BLACKWELL DR @ TRAILVIEW DR,03-At intersection,10-Not on roadway - left side,01-Clear,01-Daylight,INTERSECTION,
507,12-113664,20120516,WINSLOW DR @ HIGHLAND RD E,03-At intersection,01-Within intersection,01-Clear,01-Daylight,INTERSECTION,
508,12-280902,20121130,MARL MEADOW DR @ MARL MEADOW CRT,01-Non intersection,02-Thru lane,03-Snow,01-Daylight,INTERSECTION,
509,12-249389,20121021,FOREST GLEN CRES @ FORESTWOOD DR,03-At intersection,01-Within intersection,01-Clear,01-Daylight,INTERSECTION,
510,12-273638,20121105,PARK ST @ GREEN ST,02-Intersection related,02-Thru lane,01-Clear,01-Daylight,INTERSECTION,
511,12-281006,20121130,CHANDLER DR @ STRASBURG RD,01-Non intersection,02-Thru lane,03-Snow,01-Daylight,INTERSECTION,
512,12-119097,20120522,WESTMOUNT RD W @ KARN ST,04-At/near private drive,02-Thru lane,01-Clear,05-Dusk,INTERSECTION,
513,12-091749,20120420,STRANGE ST @ PARK ST,03-At intersection,01-Within intersection,01-Clear,01-Daylight,INTERSECTION,
514,12-085959,20120414,JADESTONE CRT @ BURNT EMBER CRT / OLDFIELD DR,01-Non intersection,10-Not on roadway - left side,01-Clear,"08-Dark, artificial",INTERSECTION,
515,12-090806,20120419,SHANLEY ST @ MOORE AVE,01-Non intersection,02-Thru lane,02-Rain,"08-Dark, artificial",INTERSECTION,
516,12-084417,20120412,BUSH CLOVER CRES @ ACTIVA AVE,04-At/near private drive,02-Thru lane,01-Clear,01-Daylight,INTERSECTION,
517,12-174770,20120726,DUKE ST W @ BISMARK AVE,03-At intersection,11-Not on roadway - right side,01-Clear,"08-Dark, artificial",INTERSECTION,
518,12-139235,20120615,COUNTRY HILL DR @ BLOCK LINE RD,02-Intersection related,01-Within intersection,01-Clear,01-Daylight,INTERSECTION,
519,12-244273,20121013,RENNIE DR @ ANTHONY PL,04-At/near private drive,09-Right shoulder,02-Rain,01-Daylight,INTERSECTION,
520,12-245264,20121015,COMMONWEALTH ST @ COMMONWEALTH CRES,04-At/near private drive,09-Right shoulder,01-Clear,07-Dark,INTERSECTION,
521,12-172631,20120724,ROLLING MEADOWS DR @ CONNELLY DR,03-At intersection,10-Not on roadway - left side,01-Clear,01-Daylight,INTERSECTION,
522,12-174871,20120727,ROYAL ORCHARD PL @ ROYAL ORCHARD DR,03-At intersection,09-Right shoulder,01-Clear,"08-Dark, artificial",INTERSECTION,
523,12-229880,20120928,MAUSSER AVE @ LORNE AVE,03-At intersection,01-Within intersection,01-Clear,01-Daylight,INTERSECTION,
524,12-232656,20121001,WILSON AVE @ WEBSTER RD,03-At intersection,01-Within intersection,01-Clear,01-Daylight,INTERSECTION,
525,12-239257,20121006,ERINBROOK DR @ KILLARNEY CRES,02-Intersection related,02-Thru lane,01-Clear,01-Daylight,INTERSECTION,
526,12-088991,20120417,BELMONT AVE W @ CLAREMONT AVE,01-Non intersection,99-Other,01-Clear,01-Daylight,INTERSECTION,
527,12-183817,20120806,SCENIC WOOD CRES @ THALER AVE,03-At intersection,01-Within intersection,01-Clear,01-Daylight,INTERSECTION,
528,12-189961,20120813,CHAPEL ST @ MERNER AVE,02-Intersection related,02-Thru lane,01-Clear,01-Daylight,INTERSECTION,
529,12-280950,20121130,BATTLER RD @ STRASBURG RD,02-Intersection related,02-Thru lane,03-Snow,01-Daylight,INTERSECTION,
530,12-293222,20121216,MILL ST @ BORDEN PKY,03-At intersection,01-Within intersection,01-Clear,01-Daylight,INTERSECTION,
531,12-292863,20121110,MASSEY AVE @ VANIER DR,04-At/near private drive,02-Thru lane,"07-Fog, mist, smoke, dust","08-Dark, artificial",INTERSECTION,
532,12-190746,20120814,GREENBROOK DR @ WARREN RD,03-At intersection,01-Within intersection,01-Clear,01-Daylight,INTERSECTION,
533,12-222756,20120920,ALPINE RD @ FLINT DR,02-Intersection related,02-Thru lane,01-Clear,01-Daylight,INTERSECTION,
534,12-180766,20120802,CHANDLER DR @ BONFIELD PL,04-At/near private drive,02-Thru lane,01-Clear,"08-Dark, artificial",INTERSECTION,
535,12-291426,20121215,PARKVALE DR @ BIANCA CRT,04-At/near private drive,09-Right shoulder,01-Clear,07-Dark,INTERSECTION,
536,12-139260,20120615,RIVER RD E @ EPHRAIM ST,02-Intersection related,02-Thru lane,01-Clear,01-Daylight,INTERSECTION,
537,12-270640,20121117,ACTIVA AVE @ HACKBERRY ST / GREY FOX DR,03-At intersection,01-Within intersection,01-Clear,01-Daylight,INTERSECTION,
538,12-266033,20121111,SCOTT ST @ PEARL PL,04-At/near private drive,11-Not on roadway - right side,01-Clear,"02-Daylight, artificial",INTERSECTION,
539,12-059053,20120313,WESTWOOD CRES @ WESTWOOD DR,04-At/near private drive,11-Not on roadway - right side,01-Clear,07-Dark,INTERSECTION,