OBJECTID,ACCIDENTNUM,ACCIDENTDATE,LOCATION,ACCIDENT_LOCATION,IMPACT_LOCATION,ENVIRONMENT_CONDITION,LIGHT,COLLISION_TYPE,TRAFFICCOLLISIONSID
540,12-236863,20121005,SECORD AVE @ HICKSON DR,01-Non intersection,02-Thru lane,01-Clear,01-Daylight,INTERSECTION,
541,12-225098,20120922,ERINBROOK DR @ TILLSLEY DR,04-At/near private drive,02-Thru lane,01-Clear,"08-Dark, artificial",INTERSECTION,
542,12-236868,20121005,DUKE ST E @ FREDERICK ST,01-Non intersection,02-Thru lane,01-Clear,01-Daylight,INTERSECTION,
543,12-094106,20120418,MISTY ST @ MISTY CRES,04-At/near private drive,09-Right shoulder,01-Clear,01-Daylight,INTERSECTION,
544,12-095387,20120425,DOON MILLS DR @ TILT DR,02-Intersection related,02-Thru lane,01-Clear,01-Daylight,INTERSECTION,
545,12-159348,20120708,HIGHLAND RD E @ HOFFMAN ST,02-Intersection related,02-Thru lane,01-Clear,01-Daylight,INTERSECTION,
546,12-193369,20120818,SCOTT ST @ IRVIN ST,02-Intersection related,11-Not on roadway - right side,01-Clear,07-Dark,INTERSECTION,
547,12-177531,20120729,WALKER ST @ JANSEN AVE,02-Intersection related,10-Not on roadway - left side,01-Clear,"08-Dark, artificial",INTERSECTION,
548,12-066078,20120317,MADISON AVE N @ KING ST E / MADISON AVE S,04-At/near private drive,09-Right shoulder,01-Clear,01-Daylight,INTERSECTION,
549,12-225433,20120923,ACTIVA AVE @ PERIWINKLE ST,01-Non intersection,02-Thru lane,01-Clear,01-Daylight,INTERSECTION,
550,12-261186,20121105,QUEEN ST N @ MARGARET AVE / OTTO ST,02-Intersection related,02-Thru lane,01-Clear,01-Daylight,INTERSECTION,
551,12-294872,20121219,WEST AVE @ HOMEWOOD AVE,01-Non intersection,02-Thru lane,01-Clear,"08-Dark, artificial",INTERSECTION,
552,12-284471,20121203,ROSS AVE @ FRANKLIN ST N,04-At/near private drive,02-Thru lane,01-Clear,01-Daylight,INTERSECTION,
553,12-277506,20121126,ACTIVA AVE @ MAX BECKER DR,01-Non intersection,02-Thru lane,01-Clear,01-Daylight,INTERSECTION,
554,12-281493,20121130,COUNTRY HILL DR @ OLD COUNTRY DR,03-At intersection,02-Thru lane,03-Snow,01-Daylight,INTERSECTION,
555,12-234206,20121003,RIVER RD E @ GIBSON DR,03-At intersection,01-Within intersection,"07-Fog, mist, smoke, dust",01-Daylight,INTERSECTION,
556,12-234120,20121003,ACTIVA AVE @ DAVID BERGEY DR,04-At/near private drive,02-Thru lane,"07-Fog, mist, smoke, dust",07-Dark,INTERSECTION,
557,12-229106,20120927,BRECKENRIDGE DR @ GIBSON DR,01-Non intersection,02-Thru lane,01-Clear,01-Daylight,INTERSECTION,
558,12-016102,20120121,VICTORIA ST N @ FREDERICK ST,01-Non intersection,12-Off highway,01-Clear,"08-Dark, artificial",INTERSECTION,
559,12-024791,20120127,WEST ACRES CRES @ SUMMERHILL CRES,04-At/near private drive,09-Right shoulder,01-Clear,"06-Dusk, artificial",INTERSECTION,
560,12-142078,20120618,TRILLIUM DR @ HURON RD,01-Non intersection,02-Thru lane,01-Clear,01-Daylight,INTERSECTION,
561,12-247125,20121018,OLD MILL RD @ DOON VALLEY DR,01-Non intersection,02-Thru lane,01-Clear,01-Daylight,INTERSECTION,
562,12-209450,20120904,SHIRLEY DR @ CRESTVIEW PL,04-At/near private drive,02-Thru lane,01-Clear,01-Daylight,INTERSECTION,
563,12-200800,20120826,CEDARHILL CRES @ HILLSIDE DR,04-At/near private drive,02-Thru lane,01-Clear,01-Daylight,INTERSECTION,
564,12-202934,20120828,DEKAY ST @ DELISLE AVE,01-Non intersection,02-Thru lane,01-Clear,"08-Dark, artificial",INTERSECTION,
565,12-054802,20120308,OLD HURON RD @ NORTHBROOK PL,04-At/near private drive,02-Thru lane,99-Other,01-Daylight,INTERSECTION,
566,12-087553,20120416,NATCHEZ RD @ ROTHSAY AVE,03-At intersection,01-Within intersection,01-Clear,01-Daylight,INTERSECTION,
567,12-074565,20120331,MAXWELL DR @ BIEHN DR,04-At/near private drive,02-Thru lane,01-Clear,01-Daylight,INTERSECTION,
568,12-290948,20121214,GAUKEL ST @ HALLS LANE W,01-Non intersection,10-Not on roadway - left side,01-Clear,01-Daylight,INTERSECTION,
569,12-300817,20121229,WOOLWICH ST @ SUNBRIDGE CRES,03-At intersection,09-Right shoulder,03-Snow,01-Daylight,INTERSECTION,
570,12-238455,20121007,IMPERIAL DR @ OTTAWA ST S,01-Non intersection,09-Right shoulder,01-Clear,01-Daylight,INTERSECTION,
571,12-009599,20120113,COUNTRY HILL DR @ CEDARHILL CRES,02-Intersection related,02-Thru lane,03-Snow,01-Daylight,INTERSECTION,
572,12-010622,20120114,KING ST W @ MT HOPE ST,04-At/near private drive,02-Thru lane,01-Clear,01-Daylight,INTERSECTION,
573,12-006822,20120109,LOUISA ST @ AHRENS ST W,03-At intersection,11-Not on roadway - right side,01-Clear,"08-Dark, artificial",INTERSECTION,
574,12-241154,20121010,MONTCALM DR @ QUEENSTON DR,03-At intersection,01-Within intersection,01-Clear,"08-Dark, artificial",INTERSECTION,
575,12-264962,20121109,WESTHEIGHTS DR @ CONNELLY DR,01-Non intersection,11-Not on roadway - right side,01-Clear,"08-Dark, artificial",INTERSECTION,
576,12-249909,20121019,CAMERON ST N @ SIMEON ST,04-At/near private drive,09-Right shoulder,01-Clear,07-Dark,INTERSECTION,
577,12-265990,20121111,ANDREW ST @ SHANLEY ST,03-At intersection,02-Thru lane,01-Clear,"08-Dark, artificial",INTERSECTION,
578,12-023465,20120130,BRANDON AVE @ DUNBAR RD,01-Non intersection,10-Not on roadway - left side,01-Clear,"08-Dark, artificial",INTERSECTION,
579,12-023706,20120130,DOON MILLS DR @ DOON SOUTH DR,02-Intersection related,02-Thru lane,01-Clear,01-Daylight,INTERSECTION,
580,12-198889,20120824,NATCHEZ RD @ MATTHEW ST,03-At intersection,01-Within intersection,01-Clear,01-Daylight,INTERSECTION,
581,12-201874,20120827,ERINBROOK DR @ ERINBROOK CRT,01-Non intersection,02-Thru lane,01-Clear,07-Dark,INTERSECTION,
582,12-263571,20121107,WOODSIDE AVE @ QUEEN ST S,01-Non intersection,09-Right shoulder,01-Clear,01-Daylight,INTERSECTION,
583,12-261143,20121103,LORNE AVE @ GOTTSCHEER CRT,04-At/near private drive,09-Right shoulder,01-Clear,01-Daylight,INTERSECTION,
584,12-227866,20120926,RIVER RD E @ BRADLEY DR,02-Intersection related,11-Not on roadway - right side,"07-Fog, mist, smoke, dust",01-Daylight,INTERSECTION,
585,12-232681,20120929,EDENBRIDGE DR @ CHARTWELL CRT,04-At/near private drive,09-Right shoulder,02-Rain,01-Daylight,INTERSECTION,
586,12-022136,20120128,SHIRK PL @ WOOLWICH ST,04-At/near private drive,11-Not on roadway - right side,03-Snow,01-Daylight,INTERSECTION,
587,12-255841,20121025,JOSEPH ST @ GAUKEL ST,02-Intersection related,01-Within intersection,,,INTERSECTION,
588,12-254114,20121026,PIONEER DR @ HOMER WATSON BLVD,04-At/near private drive,02-Thru lane,02-Rain,01-Daylight,INTERSECTION,
589,12-028423,20120205,HIGHVIEW DR @ OLD PARK LANE,04-At/near private drive,02-Thru lane,01-Clear,07-Dark,INTERSECTION,
590,12-155670,20120704,NATCHEZ RD @ CARSON DR,03-At intersection,02-Thru lane,01-Clear,01-Daylight,INTERSECTION,
591,12-147754,20120625,BATTLER RD @ HURON RD,03-At intersection,01-Within intersection,01-Clear,01-Daylight,INTERSECTION,
592,12-258877,20121101,LAURENTIAN DR @ BLOCK LINE RD,02-Intersection related,02-Thru lane,01-Clear,01-Daylight,INTERSECTION,
593,12-253571,20121026,RIVER RD E @ NIAGARA RD,01-Non intersection,02-Thru lane,02-Rain,01-Daylight,INTERSECTION,
594,12-261956,20121025,HALLIWELL DR @ OWEN AVE,04-At/near private drive,09-Right shoulder,01-Clear,07-Dark,INTERSECTION,
595,12-262125,20121106,LANCASTER ST E @ KRUG ST / CEDAR ST N,03-At intersection,02-Thru lane,01-Clear,01-Daylight,INTERSECTION,
596,13-000914,20121231,ROSS AVE @ SHANTZ LANE,02-Intersection related,09-Right shoulder,03-Snow,"08-Dark, artificial",INTERSECTION,
597,12-001028,20120102,GRAVEL RIDGE TRAIL @ MAGDALENA CRT,04-At/near private drive,02-Thru lane,01-Clear,01-Daylight,INTERSECTION,
598,12-002983,20120101,BIEHN DR @ SPENCER CRT,04-At/near private drive,02-Thru lane,01-Clear,01-Daylight,INTERSECTION,
599,12-262068,20121031,HOLBORN DR @ LAMBERT PL,04-At/near private drive,09-Right shoulder,02-Rain,05-Dusk,INTERSECTION,
600,12-276787,20121124,WENTWORTH AVE @ LANSDOWNE BLVD,04-At/near private drive,02-Thru lane,01-Clear,"02-Daylight, artificial",INTERSECTION,
601,12-029559,20120206,HIGHBROOK ST @ HIGHBROOK CRT,02-Intersection related,02-Thru lane,01-Clear,01-Daylight,INTERSECTION,
602,12-029188,20120206,GRAND RIVER BLVD @ ONEIDA PL,01-Non intersection,02-Thru lane,01-Clear,"08-Dark, artificial",INTERSECTION,
603,12-277885,20121124,MAX BECKER DR @ COMMONWEALTH ST,02-Intersection related,02-Thru lane,01-Clear,01-Daylight,INTERSECTION,
604,12-271469,20121117,BIRKSHIRE CRT @ LORRAINE AVE,01-Non intersection,02-Thru lane,01-Clear,01-Daylight,INTERSECTION,
605,12-191156,20120815,ST LEGER ST @ UNION ST,03-At intersection,01-Within intersection,01-Clear,01-Daylight,INTERSECTION,
606,12-252570,20121021,MARQUETTE DR @ PIONEER TOWER RD,04-At/near private drive,09-Right shoulder,01-Clear,07-Dark,INTERSECTION,
607,12-204288,20120830,MARTIN ST @ BENTON ST,04-At/near private drive,09-Right shoulder,01-Clear,01-Daylight,INTERSECTION,
608,12-221827,20120918,DUNBAR RD @ DUCHESS AVE,04-At/near private drive,09-Right shoulder,02-Rain,01-Daylight,INTERSECTION,
609,12-074286,20120331,SPADINA RD W @ BELMONT AVE W,01-Non intersection,02-Thru lane,01-Clear,"08-Dark, artificial",INTERSECTION,
610,12-051672,20120305,WELLINGTON ST N @ PATRICK ST,01-Non intersection,02-Thru lane,01-Clear,01-Daylight,INTERSECTION,
611,12-249487,20121021,STRASBURG RD @ SELKIRK DR,02-Intersection related,02-Thru lane,01-Clear,01-Daylight,INTERSECTION,
612,12-250199,20121022,MANSION ST @ ELLEN ST E,03-At intersection,01-Within intersection,01-Clear,01-Daylight,INTERSECTION,
613,12-002307,20120104,COUNTRY CLAIR ST @ COUNTRY CLAIR PL,01-Non intersection,10-Not on roadway - left side,03-Snow,07-Dark,INTERSECTION,
614,12-277468,20121124,COURTLAND AVE E @ BEDFORD RD,01-Non intersection,11-Not on roadway - right side,01-Clear,01-Daylight,INTERSECTION,
615,12-285189,20121206,ST LEGER ST @ BRIARWOOD PL,04-At/near private drive,02-Thru lane,01-Clear,01-Daylight,INTERSECTION,
616,12-007364,20120110,HEIMAN ST @ LORNE AVE / HUGO CRES,04-At/near private drive,02-Thru lane,01-Clear,01-Daylight,INTERSECTION,
617,12-017761,20120121,IRON GATE ST @ COUNTRYSTONE DR,04-At/near private drive,09-Right shoulder,01-Clear,05-Dusk,INTERSECTION,
618,12-297271,20121223,RIVER RD E @ GRAND RIVER BLVD,01-Non intersection,11-Not on roadway - right side,03-Snow,07-Dark,INTERSECTION,
619,12-280886,20121130,GREENBROOK DR @ BIRCHCLIFF AVE,03-At intersection,02-Thru lane,03-Snow,01-Daylight,INTERSECTION,
620,12-004100,20120105,WATER ST S @ JOSEPH ST,03-At intersection,01-Within intersection,01-Clear,01-Daylight,INTERSECTION,
621,12-078022,20120401,BLACKWELL DR @ HIGH ACRES CRES,98-Other,09-Right shoulder,01-Clear,07-Dark,INTERSECTION,
622,12-097100,20120427,MORGAN AVE @ GREENDALE CRES,04-At/near private drive,02-Thru lane,01-Clear,01-Daylight,INTERSECTION,
623,12-100455,20120501,HOWLAND DR @ CARTIER DR,04-At/near private drive,09-Right shoulder,01-Clear,01-Daylight,INTERSECTION,
624,12-148899,20120623,HOLBORN DR @ OLD CHICOPEE DR,01-Non intersection,02-Thru lane,01-Clear,"06-Dusk, artificial",INTERSECTION,
625,12-148012,20120624,COLTON CIR @ AMELIA ST,04-At/near private drive,09-Right shoulder,01-Clear,01-Daylight,INTERSECTION,
626,11-065523,20110323,MARTIN ST @ PETER ST,04-At/near private drive,02-Thru lane,03-Snow,01-Daylight,INTERSECTION,
627,12-104345,20120509,OVERLEA DR @ LOMBARDY CRT,01-Non intersection,08-Left shoulder,01-Clear,,INTERSECTION,
628,11-036405,20110215,COLLEGE ST @ WEBER ST W,01-Non intersection,02-Thru lane,01-Clear,01-Daylight,INTERSECTION,
629,11-042768,20110224,NINTH AVE @ GREENFIELD AVE,03-At intersection,01-Within intersection,03-Snow,01-Daylight,INTERSECTION,
630,11-013760,20110119,DOON MILLS DR @ PINE VALLEY DR,02-Intersection related,02-Thru lane,01-Clear,01-Daylight,INTERSECTION,
631,11-012596,20110117,BRIARMEADOW DR @ BRIARMEADOW CRES,10-Parking lot,12-Off highway,01-Clear,99-Other,INTERSECTION,
632,12-149915,20120627,JUBILEE DR @ THERESA ST,02-Intersection related,02-Thru lane,01-Clear,05-Dusk,INTERSECTION,
633,12-141146,20120617,WATER ST N @ VICTORIA ST N,04-At/near private drive,11-Not on roadway - right side,01-Clear,01-Daylight,INTERSECTION,
634,12-143609,20120615,WENTWORTH AVE @ WEST LANSDOWNE,04-At/near private drive,09-Right shoulder,01-Clear,01-Daylight,INTERSECTION,
635,12-101495,20120502,KRUG ST @ CAMBRIDGE AVE,02-Intersection related,02-Thru lane,01-Clear,01-Daylight,INTERSECTION,
636,12-122818,20120527,MILL ST @ MADISON AVE S,02-Intersection related,02-Thru lane,01-Clear,"08-Dark, artificial",INTERSECTION,
637,12-070152,20120324,PIPERS GREEN CRT @ ERINBROOK DR,04-At/near private drive,02-Thru lane,01-Clear,01-Daylight,INTERSECTION,
638,11-008317,20110112,KRUG ST @ ETON DR,04-At/near private drive,02-Thru lane,01-Clear,01-Daylight,INTERSECTION,
639,11-055047,20110311,PANDORA AVE N @ LYDIA ST,03-At intersection,01-Within intersection,03-Snow,01-Daylight,INTERSECTION,
640,12-103450,20120504,PARKVALE DR @ FEATHERSTONE ST,03-At intersection,02-Thru lane,01-Clear,01-Daylight,INTERSECTION,
641,12-274957,20121122,REYBURN AVE @ TRAYNOR AVE,03-At intersection,01-Within intersection,01-Clear,07-Dark,INTERSECTION,
642,12-249512,20121021,ROYAL ORCHARD DR @ WINDY WOOD CRT,03-At intersection,01-Within intersection,01-Clear,01-Daylight,INTERSECTION,
643,12-277870,20121125,SUFFOLK AVE @ CHELSEA RD,04-At/near private drive,09-Right shoulder,01-Clear,01-Daylight,INTERSECTION,
644,11-006938,20110109,KENSINGTON AVE @ CHELSEA RD,04-At/near private drive,11-Not on roadway - right side,01-Clear,05-Dusk,INTERSECTION,
645,11-068069,20110326,LORRAINE AVE @ CARSON DR,03-At intersection,01-Within intersection,01-Clear,"08-Dark, artificial",INTERSECTION,
646,11-008413,20110112,HILLVIEW ST @ ST VINCENT ST,03-At intersection,01-Within intersection,01-Clear,"06-Dusk, artificial",INTERSECTION,
647,11-097887,20110502,NINTH AVE @ KINGSWAY DR,03-At intersection,01-Within intersection,01-Clear,01-Daylight,INTERSECTION,
648,11-063873,20110219,RUSH MEADOW ST @ PINE HOLLOW CRT,04-At/near private drive,09-Right shoulder,01-Clear,07-Dark,INTERSECTION,
649,11-134973,20110615,WILLIAMSBURG RD @ NINE PINES RD,04-At/near private drive,02-Thru lane,01-Clear,01-Daylight,INTERSECTION,
650,11-135500,20110616,CYPRUS DR @ BIRCHCLIFF AVE,04-At/near private drive,09-Right shoulder,01-Clear,01-Daylight,INTERSECTION,
651,11-136248,20110616,SHERWOOD AVE @ SUFFOLK AVE,04-At/near private drive,02-Thru lane,01-Clear,01-Daylight,INTERSECTION,
652,11-151899,20110705,MAPLE AVE @ ARNOLD ST,03-At intersection,01-Within intersection,01-Clear,01-Daylight,INTERSECTION,
653,11-141823,20110621,BIEHN DR @ OLD HURON RD / OLD HURON PL,01-Non intersection,09-Right shoulder,01-Clear,01-Daylight,INTERSECTION,
654,11-108879,20110516,MONTCALM DR @ INDIAN RD,04-At/near private drive,10-Not on roadway - left side,02-Rain,01-Daylight,INTERSECTION,
655,11-050959,20110306,LYDIA ST @ CHAPEL ST,01-Non intersection,02-Thru lane,01-Clear,01-Daylight,INTERSECTION,
656,11-036101,20110216,ALPINE RD @ ALPINE CRT,01-Non intersection,10-Not on roadway - left side,01-Clear,"08-Dark, artificial",INTERSECTION,
657,11-028381,20110206,FOLKSTONE CRES @ FOLKSTONE PL,04-At/near private drive,02-Thru lane,03-Snow,01-Daylight,INTERSECTION,
658,11-037675,20110217,BRYBECK CRES @ WESTMOUNT RD W / CHOPIN DR,01-Non intersection,09-Right shoulder,01-Clear,07-Dark,INTERSECTION,
659,10-007143,20100109,HAZELGLEN DR @ MOOREGATE CRES,02-Intersection related,02-Thru lane,01-Clear,01-Daylight,INTERSECTION,
660,10-022149,20100131,BREITHAUPT ST @ MOORE AVE,01-Non intersection,02-Thru lane,01-Clear,01-Daylight,INTERSECTION,
661,10-124893,20100616,ELLEN ST W @ QUEEN ST N / ELLEN ST E,02-Intersection related,02-Thru lane,02-Rain,01-Daylight,INTERSECTION,
662,11-283529,20111209,DEVONGLEN DR @ CENTURY HILL DR,01-Non intersection,10-Not on roadway - left side,01-Clear,01-Daylight,INTERSECTION,
663,11-283866,20111209,LYDIA ST @ KRUG ST,03-At intersection,11-Not on roadway - right side,01-Clear,"02-Daylight, artificial",INTERSECTION,
664,11-283471,20111209,HIGHBROOK ST @ HIGHBROOK CRES,01-Non intersection,02-Thru lane,03-Snow,01-Daylight,INTERSECTION,
665,12-138010,20120614,VANIER DR @ SIEBERT AVE,03-At intersection,01-Within intersection,01-Clear,"08-Dark, artificial",INTERSECTION,
666,12-143515,20120620,EDINBURGH RD @ BECKER ST,03-At intersection,99-Other,01-Clear,01-Daylight,INTERSECTION,
667,12-093032,20120422,FOXGLOVE CRES @ EVERGLADE CRES,02-Intersection related,10-Not on roadway - left side,01-Clear,01-Daylight,INTERSECTION,
668,12-090614,20120419,GIBSON DR @ BAIRD AVE,01-Non intersection,02-Thru lane,01-Clear,01-Daylight,INTERSECTION,
669,12-145255,20120622,WILSON AVE @ FRANKLIN ST S,02-Intersection related,02-Thru lane,01-Clear,01-Daylight,INTERSECTION,
670,12-147123,20120624,BORDEN AVE N @ WEBER ST E,01-Non intersection,02-Thru lane,01-Clear,01-Daylight,INTERSECTION,
671,12-282997,20121203,OTTAWA ST N @ FRANKLIN ST N,04-At/near private drive,02-Thru lane,01-Clear,07-Dark,INTERSECTION,
672,12-298251,20121224,ROBERT FERRIE DR @ BRIDLERIDGE ST,03-At intersection,01-Within intersection,03-Snow,07-Dark,INTERSECTION,
673,12-134189,20120609,OLD CHICOPEE DR @ CONWAY DR,01-Non intersection,02-Thru lane,01-Clear,01-Daylight,INTERSECTION,
674,12-136759,20120612,WESTWOOD DR @ FERNWOOD PL,03-At intersection,01-Within intersection,01-Clear,01-Daylight,INTERSECTION,
675,12-099838,20120430,CARWOOD CRES @ CARWOOD AVE,01-Non intersection,02-Thru lane,01-Clear,01-Daylight,INTERSECTION,
676,12-049952,20120307,HIDDEN CREEK DR @ HOLLYRIDGE CRES,01-Non intersection,11-Not on roadway - right side,01-Clear,"08-Dark, artificial",INTERSECTION,
677,12-109977,20120511,CHARLES ST E @ MADISON AVE S,04-At/near private drive,02-Thru lane,01-Clear,"08-Dark, artificial",INTERSECTION,
678,12-159798,20120706,LEONARD ST @ OXFORD ST / ARNOLD ST,03-At intersection,01-Within intersection,01-Clear,01-Daylight,INTERSECTION,
679,12-099618,20120429,JUBILEE DR @ DAVID ST / COURTLAND AVE W,04-At/near private drive,09-Right shoulder,01-Clear,01-Daylight,INTERSECTION,
680,12-290718,20121214,UNION BLVD @ WESTMOUNT RD W,01-Non intersection,11-Not on roadway - right side,,,INTERSECTION,
681,12-290071,20121213,EAST AVE @ PANDORA AVE N,03-At intersection,01-Within intersection,01-Clear,01-Daylight,INTERSECTION,
682,11-017044,20110123,YORK ST @ GILDNER ST,03-At intersection,01-Within intersection,01-Clear,01-Daylight,INTERSECTION,
683,11-016138,20110121,STEEPLERIDGE ST @ BRIDLERIDGE ST,04-At/near private drive,09-Right shoulder,01-Clear,"08-Dark, artificial",INTERSECTION,
684,11-041265,20110222,FRANKLIN ST N @ BRADLEY DR,03-At intersection,02-Thru lane,01-Clear,01-Daylight,INTERSECTION,
685,11-087434,20110419,MAXWELL DR @ CALVERT CLOSE,03-At intersection,01-Within intersection,01-Clear,01-Daylight,INTERSECTION,
686,11-087561,20110419,DUKE ST W @ FRANCIS ST N,03-At intersection,01-Within intersection,01-Clear,01-Daylight,INTERSECTION,
687,11-087290,20110418,FREDERICK ST @ PEQUEGNAT AVE,04-At/near private drive,09-Right shoulder,01-Clear,01-Daylight,INTERSECTION,
688,11-004881,20110113,DUMART PL @ HOLLINGER CRES,04-At/near private drive,09-Right shoulder,01-Clear,01-Daylight,INTERSECTION,
689,11-003391,20110101,FALCONRIDGE DR @ FALCONRIDGE CRES,04-At/near private drive,02-Thru lane,01-Clear,"08-Dark, artificial",INTERSECTION,
690,11-005508,20110108,HOLBORN DR @ BLACKFRIARS PL,03-At intersection,01-Within intersection,01-Clear,01-Daylight,INTERSECTION,
691,11-227812,20111001,DUKE ST E @ EBY ST N,01-Non intersection,09-Right shoulder,01-Clear,01-Daylight,INTERSECTION,
692,11-247691,20111025,SHIRLEY DR @ BINGEMANS CENTRE DR,03-At intersection,02-Thru lane,01-Clear,01-Daylight,INTERSECTION,
693,11-016811,20110123,ACTIVA AVE @ BRIDLEWREATH ST,01-Non intersection,02-Thru lane,03-Snow,"08-Dark, artificial",INTERSECTION,
694,11-023542,20110131,ABERDEEN RD @ CLAREMONT AVE,98-Other,99-Other,01-Clear,01-Daylight,INTERSECTION,
695,11-243779,20111020,MEADOW WOODS CRES @ ROLLING MEADOWS DR,01-Non intersection,02-Thru lane,01-Clear,01-Daylight,INTERSECTION,
696,11-249469,20111027,PIONEER DR @ VINTAGE CRES,01-Non intersection,02-Thru lane,01-Clear,05-Dusk,INTERSECTION,
697,11-019482,20110126,DOON SOUTH DR @ FOREST EDGE TRAIL,03-At intersection,01-Within intersection,01-Clear,01-Daylight,INTERSECTION,
698,11-090480,20110423,ZELLER CRES @ ZELLER DR,04-At/near private drive,09-Right shoulder,01-Clear,01-Daylight,INTERSECTION,
699,11-138995,20110620,KEEWATIN AVE @ GLENCLIFFE CRT,01-Non intersection,02-Thru lane,01-Clear,01-Daylight,INTERSECTION,
700,11-191039,20110820,RUTHERFORD DR @ KINZIE AVE,03-At intersection,01-Within intersection,01-Clear,"06-Dusk, artificial",INTERSECTION,
701,11-019337,20110122,WESTHEIGHTS DR @ PUTNAM PL,04-At/near private drive,02-Thru lane,03-Snow,"06-Dusk, artificial",INTERSECTION,
702,11-021795,20110129,YOUNG ST @ WEBER ST W,02-Intersection related,02-Thru lane,03-Snow,01-Daylight,INTERSECTION,
703,11-082174,20110412,KING ST E @ FREDERICK ST / BENTON ST,01-Non intersection,09-Right shoulder,01-Clear,01-Daylight,INTERSECTION,
704,11-063071,20110320,OLDFIELD DR @ DRUMOAK PL,04-At/near private drive,10-Not on roadway - left side,01-Clear,01-Daylight,INTERSECTION,
705,11-007013,20110110,DUNHAM AVE @ MANSION ST,03-At intersection,01-Within intersection,01-Clear,07-Dark,INTERSECTION,
706,11-283480,20111209,SELKIRK DR @ SELKIRK CRT,01-Non intersection,02-Thru lane,03-Snow,01-Daylight,INTERSECTION,
707,11-123596,20110602,OLD COUNTRY PL @ OLD COUNTRY DR,03-At intersection,11-Not on roadway - right side,01-Clear,05-Dusk,INTERSECTION,
708,11-077213,20110407,HAZELGLEN DR @ INGLESIDE DR,04-At/near private drive,02-Thru lane,01-Clear,01-Daylight,INTERSECTION,
709,11-055678,20110312,HAWKSWOOD DR @ RIVERLINK WAY,01-Non intersection,10-Not on roadway - left side,01-Clear,"08-Dark, artificial",INTERSECTION,
710,11-047917,20110302,WELLINGTON ST N @ MOORE AVE,01-Non intersection,02-Thru lane,01-Clear,01-Daylight,INTERSECTION,
711,11-027466,20110205,HETT AVE @ BLUCHER ST,04-At/near private drive,09-Right shoulder,01-Clear,"08-Dark, artificial",INTERSECTION,
712,11-287665,20111214,FERGUS AVE @ WEBER ST E,04-At/near private drive,11-Not on roadway - right side,01-Clear,01-Daylight,INTERSECTION,
713,11-041971,20110211,CHARLES ST E @ CEDAR ST S,01-Non intersection,02-Thru lane,01-Clear,01-Daylight,INTERSECTION,
714,11-010804,20110115,NORTH DR @ QUEENS BLVD,04-At/near private drive,02-Thru lane,03-Snow,01-Daylight,INTERSECTION,
715,11-005666,20110108,FRANKLIN ST N @ WEBER ST E,04-At/near private drive,04-Right turn lane,01-Clear,"08-Dark, artificial",INTERSECTION,
716,11-019367,20110126,WATER ST N @ BELL LANE,04-At/near private drive,09-Right shoulder,01-Clear,01-Daylight,INTERSECTION,
717,11-035513,20110216,OVERLEA DR @ CECILE DR,04-At/near private drive,02-Thru lane,01-Clear,01-Daylight,INTERSECTION,
718,11-011577,20110116,WENDY CRT @ WENDY CRES,02-Intersection related,11-Not on roadway - right side,01-Clear,01-Daylight,INTERSECTION,
719,11-013770,20110119,WOOD ST @ PARK ST,01-Non intersection,02-Thru lane,01-Clear,01-Daylight,INTERSECTION,
720,11-037917,20110217,KENORA DR @ WAYNE DR,03-At intersection,01-Within intersection,01-Clear,01-Daylight,INTERSECTION,