OBJECTID,ACCIDENTNUM,ACCIDENTDATE,LOCATION,ACCIDENT_LOCATION,IMPACT_LOCATION,ENVIRONMENT_CONDITION,LIGHT,COLLISION_TYPE,TRAFFICCOLLISIONSID
721,11-120942,20110530,CONNAUGHT ST @ FOURTH AVE,03-At intersection,01-Within intersection,01-Clear,01-Daylight,INTERSECTION,
722,11-034402,20110214,GLASGOW ST @ ORCHARD PARK CRES,04-At/near private drive,02-Thru lane,02-Rain,01-Daylight,INTERSECTION,
723,11-018882,20110125,BECKER ST @ KRUG ST,03-At intersection,01-Within intersection,05-Drifting Snow,"06-Dusk, artificial",INTERSECTION,
724,11-166405,20110722,HOMER WATSON BLVD @ OTTAWA ST S,01-Non intersection,02-Thru lane,01-Clear,01-Daylight,INTERSECTION,
725,11-016408,20110121,BERRY MOSS ST @ MOUNTAIN LAUREL CRES,04-At/near private drive,09-Right shoulder,03-Snow,01-Daylight,INTERSECTION,
726,11-017198,20110123,HICKSON DR @ OTTAWA ST N,01-Non intersection,11-Not on roadway - right side,03-Snow,"08-Dark, artificial",INTERSECTION,
727,11-038221,20110218,VILLAGE RD @ STONYBROOK DR,01-Non intersection,02-Thru lane,01-Clear,01-Daylight,INTERSECTION,
728,11-064671,20110322,SPADINA RD E @ MILL ST,03-At intersection,02-Thru lane,01-Clear,01-Daylight,INTERSECTION,
729,11-006869,20110110,KINGSWOOD DR @ GRACEFIELD CRES,02-Intersection related,02-Thru lane,01-Clear,01-Daylight,INTERSECTION,
730,11-072571,20110401,FREDERICK ST @ LANCASTER ST E / ELLEN ST E,01-Non intersection,02-Thru lane,01-Clear,01-Daylight,INTERSECTION,
731,11-052536,20110305,ACTIVA AVE @ HENHOEFFER CRES,04-At/near private drive,02-Thru lane,01-Clear,01-Daylight,INTERSECTION,
732,11-065520,20110323,HARTWOOD AVE @ MARGARET AVE,01-Non intersection,11-Not on roadway - right side,03-Snow,01-Daylight,INTERSECTION,
733,11-063055,20110320,ANVIL ST @ WHIPPLETREE PL,04-At/near private drive,12-Off highway,01-Clear,01-Daylight,INTERSECTION,
734,11-069666,20110328,MELROSE AVE @ KRUG ST,03-At intersection,01-Within intersection,01-Clear,"08-Dark, artificial",INTERSECTION,
735,11-142650,20110624,GREENBROOK DR @ LAKESIDE DR,03-At intersection,02-Thru lane,01-Clear,"08-Dark, artificial",INTERSECTION,
736,11-217542,20110919,CONNAUGHT ST @ FRANKLIN ST S,02-Intersection related,02-Thru lane,02-Rain,01-Daylight,INTERSECTION,
737,11-224814,20110928,SELKIRK DR @ JAY CRT,04-At/near private drive,09-Right shoulder,02-Rain,07-Dark,INTERSECTION,
738,11-087914,20110419,YORK ST @ UNION BLVD,03-At intersection,01-Within intersection,02-Rain,01-Daylight,INTERSECTION,
739,11-207792,20110909,MANCHESTER RD @ WEDGEWOOD DR,03-At intersection,01-Within intersection,01-Clear,01-Daylight,INTERSECTION,
740,11-083388,20110414,WEBER ST W @ HEIT LANE,04-At/near private drive,02-Thru lane,01-Clear,01-Daylight,INTERSECTION,
741,11-087541,20110419,THORNCLIFFE ST @ DRIFTWOOD DR,03-At intersection,02-Thru lane,01-Clear,01-Daylight,INTERSECTION,
742,11-154562,20110708,HILDA PL @ DAVID ST,01-Non intersection,02-Thru lane,01-Clear,01-Daylight,INTERSECTION,
743,11-056151,20110312,FALLOWFIELD DR @ FALLVIEW ST,01-Non intersection,02-Thru lane,01-Clear,01-Daylight,INTERSECTION,
744,11-119813,20110529,BENESFORT DR @ BENESFORT CRES,04-At/near private drive,09-Right shoulder,01-Clear,01-Daylight,INTERSECTION,
745,11-083150,20110414,GRAVEL RIDGE TRAIL @ ISAIAH DR,04-At/near private drive,09-Right shoulder,01-Clear,01-Daylight,INTERSECTION,
746,11-027419,20110205,COURTLAND AVE E @ MILL ST,01-Non intersection,02-Thru lane,01-Clear,"08-Dark, artificial",INTERSECTION,
747,11-171677,20110729,EDWIN ST @ FAIRFIELD AVE,04-At/near private drive,02-Thru lane,01-Clear,05-Dusk,INTERSECTION,
748,11-132825,20110613,TURNER AVE @ FREDERICK ST,01-Non intersection,02-Thru lane,01-Clear,01-Daylight,INTERSECTION,
749,11-158179,20110713,CEDAR CREST ST @ SUGAR MAPLE ST,04-At/near private drive,02-Thru lane,01-Clear,01-Daylight,INTERSECTION,
750,11-165199,20110721,CARTIER DR @ LAURENTIAN DR,02-Intersection related,02-Thru lane,01-Clear,01-Daylight,INTERSECTION,
751,11-290528,20111218,WEBER ST W @ LOUISA ST,01-Non intersection,11-Not on roadway - right side,01-Clear,01-Daylight,INTERSECTION,
752,11-070947,20110329,LAWRENCE AVE @ KARN ST,01-Non intersection,01-Within intersection,01-Clear,01-Daylight,INTERSECTION,
753,11-066603,20110325,WINDFLOWER DR @ FOXGLOVE CRES,01-Non intersection,02-Thru lane,01-Clear,01-Daylight,INTERSECTION,
754,11-066051,20110324,DOON CREEK ST @ ADENCLIFFE ST,02-Intersection related,09-Right shoulder,01-Clear,01-Daylight,INTERSECTION,
755,11-291936,20111218,BREITHAUPT ST @ MAJOR ST,02-Intersection related,01-Within intersection,01-Clear,01-Daylight,INTERSECTION,
756,11-201169,20110811,PEBBLECREEK DR @ LANDGREN CRT / COLTON CIR,02-Intersection related,09-Right shoulder,01-Clear,07-Dark,INTERSECTION,
757,11-054245,20110309,CONESTOGA COLLEGE BLVD @ PINNACLE DR,01-Non intersection,09-Right shoulder,04-Freezing Rain,01-Daylight,INTERSECTION,
758,11-050939,20110306,WORDSWORTH PL @ LORRAINE AVE,03-At intersection,01-Within intersection,01-Clear,01-Daylight,INTERSECTION,
759,11-059933,20110317,MARGARET AVE @ LOUISA ST,01-Non intersection,02-Thru lane,01-Clear,"08-Dark, artificial",INTERSECTION,
760,11-070280,20110329,CARSON DR @ CONFEDERATION DR,03-At intersection,11-Not on roadway - right side,01-Clear,01-Daylight,INTERSECTION,
761,11-095335,20110429,MORGAN AVE @ CENTREVILLE ST,03-At intersection,01-Within intersection,01-Clear,01-Daylight,INTERSECTION,
762,11-141722,20110622,QUAISER ST @ GRAY ST,04-At/near private drive,02-Thru lane,01-Clear,01-Daylight,INTERSECTION,
763,11-004003,20110106,ROLLING MEADOWS DR @ TRADEWINDS PL,03-At intersection,09-Right shoulder,03-Snow,01-Daylight,INTERSECTION,
764,11-002314,20110104,CONNAUGHT PL @ CONNAUGHT ST / SECOND AVE,02-Intersection related,11-Not on roadway - right side,03-Snow,01-Daylight,INTERSECTION,
765,11-091633,20110425,BREITHAUPT ST @ MARGARET AVE,07-Overpass or bridge,02-Thru lane,01-Clear,"08-Dark, artificial",INTERSECTION,
766,11-099608,20110504,YELLOW BIRCH DR @ GOLDEN MEADOW DR,01-Non intersection,02-Thru lane,01-Clear,01-Daylight,INTERSECTION,
767,11-121776,20110531,UNION BLVD @ AVONDALE AVE,03-At intersection,01-Within intersection,01-Clear,01-Daylight,INTERSECTION,
768,11-121925,20110531,MCGARRY DR @ FORESTWOOD DR,03-At intersection,01-Within intersection,01-Clear,01-Daylight,INTERSECTION,
769,11-006295,20110109,COURTLAND AVE E @ SHELLEY DR,04-At/near private drive,02-Thru lane,01-Clear,01-Daylight,INTERSECTION,
770,11-088283,20110420,ARDELT PL @ ARDELT AVE,04-At/near private drive,02-Thru lane,01-Clear,01-Daylight,INTERSECTION,
771,11-103183,20110508,KINZIE AVE @ OBERMEYER DR,04-At/near private drive,02-Thru lane,01-Clear,01-Daylight,INTERSECTION,
772,11-139380,20110620,UNION ST @ SUNSET PL,04-At/near private drive,02-Thru lane,01-Clear,01-Daylight,INTERSECTION,
773,11-275241,20111127,VICTORIA ST S @ HAZELGLEN DR,04-At/near private drive,02-Thru lane,02-Rain,07-Dark,INTERSECTION,
774,11-271423,20111123,GLASGOW ST @ ABERDEEN RD,03-At intersection,01-Within intersection,01-Clear,01-Daylight,INTERSECTION,
775,11-050504,20110305,ELM RIDGE DR @ HILLBROOK CRES,03-At intersection,01-Within intersection,03-Snow,"08-Dark, artificial",INTERSECTION,
776,11-042619,20110212,ZEFFER PL @ VERONICA DR,03-At intersection,01-Within intersection,03-Snow,07-Dark,INTERSECTION,
777,11-030780,20110208,MARINA RD @ GLASGOW ST,01-Non intersection,02-Thru lane,01-Clear,"08-Dark, artificial",INTERSECTION,
778,11-025757,20110202,UNION ST @ LANCASTER ST W,04-At/near private drive,02-Thru lane,03-Snow,01-Daylight,INTERSECTION,
779,11-048807,20110303,SHAFTSBURY DR @ EBYDALE DR,04-At/near private drive,02-Thru lane,01-Clear,01-Daylight,INTERSECTION,
780,11-002671,20110104,PATRICIA AVE @ QUEENS BLVD,02-Intersection related,02-Thru lane,03-Snow,05-Dusk,INTERSECTION,
781,11-095087,20110429,MARLBOROUGH AVE @ BELMONT AVE W,02-Intersection related,02-Thru lane,02-Rain,01-Daylight,INTERSECTION,
782,11-096609,20110430,PRINCE ST @ TYSON DR,04-At/near private drive,10-Not on roadway - left side,01-Clear,"08-Dark, artificial",INTERSECTION,
783,11-142680,20110624,GUERIN AVE @ KINZIE AVE,04-At/near private drive,02-Thru lane,02-Rain,01-Daylight,INTERSECTION,
784,11-141656,20110623,FALLOWFIELD DR @ ANASTASIA DR,03-At intersection,01-Within intersection,01-Clear,01-Daylight,INTERSECTION,
785,11-137499,20110618,EBY ST N @ MARKET LANE,03-At intersection,01-Within intersection,01-Clear,01-Daylight,INTERSECTION,
786,11-132846,20110613,GLASGOW ST @ SILVERCREST DR,02-Intersection related,01-Within intersection,01-Clear,01-Daylight,INTERSECTION,
787,11-132564,20110613,QUEENSTON DR @ KINGSTON CRES,01-Non intersection,02-Thru lane,01-Clear,01-Daylight,INTERSECTION,
788,11-002312,20110104,BALMORAL DR @ DUNBAR RD,02-Intersection related,02-Thru lane,01-Clear,01-Daylight,INTERSECTION,
789,11-051850,20110307,GLASGOW ST @ FISCHER HALLMAN RD,01-Non intersection,02-Thru lane,01-Clear,01-Daylight,INTERSECTION,
790,11-167473,20110723,WAKE ROBIN DR @ WINDFLOWER DR,03-At intersection,01-Within intersection,01-Clear,01-Daylight,INTERSECTION,
791,11-100958,20110506,WESTCHESTER DR @ DENLOW ST,01-Non intersection,02-Thru lane,01-Clear,01-Daylight,INTERSECTION,
792,11-113467,20110521,MARKWOOD DR @ CHOPIN DR,01-Non intersection,02-Thru lane,01-Clear,01-Daylight,INTERSECTION,
793,11-115135,20110523,COUNTRY HILL DR @ CHERRY HILL DR,03-At intersection,10-Not on roadway - left side,01-Clear,01-Daylight,INTERSECTION,
794,11-001699,20110101,HUBER ST @ FLORENCE AVE,04-At/near private drive,09-Right shoulder,01-Clear,07-Dark,INTERSECTION,
795,11-022159,20110129,DODGE DR @ GROH DR,04-At/near private drive,12-Off highway,03-Snow,07-Dark,INTERSECTION,
796,11-085436,20110417,TYSON DR @ HORNING DR,01-Non intersection,12-Off highway,02-Rain,"02-Daylight, artificial",INTERSECTION,
797,11-106008,20110512,OLD CHICOPEE DR @ KENORA DR,03-At intersection,01-Within intersection,01-Clear,01-Daylight,INTERSECTION,
798,11-008322,20110112,WALTER ST @ GLASGOW ST,01-Non intersection,02-Thru lane,01-Clear,01-Daylight,INTERSECTION,
799,11-103334,20110509,KING ST E @ FAIRVIEW AVE,02-Intersection related,02-Thru lane,01-Clear,01-Daylight,INTERSECTION,
800,11-281435,20111206,KINGSWAY DR @ ST JEROME AVE,03-At intersection,01-Within intersection,01-Clear,01-Daylight,INTERSECTION,
801,11-231996,20111004,EPHRAIM ST @ BRUCE ST,01-Non intersection,09-Right shoulder,01-Clear,01-Daylight,INTERSECTION,
802,11-235429,20111010,PARK ST @ STEWART ST,03-At intersection,02-Thru lane,01-Clear,01-Daylight,INTERSECTION,
803,11-275950,20111129,HIGHLAND RD E @ RUBY ST,01-Non intersection,02-Thru lane,02-Rain,01-Daylight,INTERSECTION,
804,11-192129,20110822,PIONEER DR @ OLD CARRIAGE DR,03-At intersection,01-Within intersection,01-Clear,01-Daylight,INTERSECTION,
805,10-241687,20101111,MONTCALM DR @ OLD YORK CRES,02-Intersection related,02-Thru lane,01-Clear,01-Daylight,INTERSECTION,
806,11-223169,20110926,GLASGOW ST @ INWOOD DR,02-Intersection related,11-Not on roadway - right side,01-Clear,01-Daylight,INTERSECTION,
807,11-226672,20110929,ACTIVA AVE @ BERRY MOSS ST,04-At/near private drive,02-Thru lane,01-Clear,01-Daylight,INTERSECTION,
808,10-020134,20100126,LAKESIDE DR @ BLUERIDGE AVE,03-At intersection,11-Not on roadway - right side,03-Snow,01-Daylight,INTERSECTION,
809,10-003951,20101231,BANKSIDE DR @ BENESFORT DR,04-At/near private drive,02-Thru lane,01-Clear,01-Daylight,INTERSECTION,
810,10-006746,20100111,MOSSGROVE DR @ ROBERT FERRIE DR,04-At/near private drive,12-Off highway,03-Snow,07-Dark,INTERSECTION,
811,11-283384,20111209,MCBRINE DR @ MCINTYRE DR / MCINTYRE PL,02-Intersection related,11-Not on roadway - right side,03-Snow,03-Dawn,INTERSECTION,
812,11-283453,20111209,DOLL CRT @ ACTIVA AVE,02-Intersection related,02-Thru lane,03-Snow,01-Daylight,INTERSECTION,
813,11-260234,20111109,COUNTRY HILL DR @ MARTINGLEN CRES,01-Non intersection,02-Thru lane,02-Rain,05-Dusk,INTERSECTION,
814,11-231201,20111002,OLD CARRIAGE CRT @ OLD CARRIAGE DR,04-At/near private drive,09-Right shoulder,01-Clear,01-Daylight,INTERSECTION,
815,10-001586,20100103,HURON RD @ FISCHER HALLMAN RD,04-At/near private drive,08-Left shoulder,03-Snow,01-Daylight,INTERSECTION,
816,10-000271,20100101,ROCKWAY DR @ FLORAL CRES,01-Non intersection,02-Thru lane,03-Snow,01-Daylight,INTERSECTION,
817,11-283443,20111209,WESTWOOD DR @ KNELL DR,02-Intersection related,11-Not on roadway - right side,03-Snow,01-Daylight,INTERSECTION,
818,11-283730,20111209,DUNBAR RD @ RUSHOLME RD,03-At intersection,02-Thru lane,03-Snow,01-Daylight,INTERSECTION,
819,11-280665,20111205,BRADLEY DR @ VIEWMONT CLOSE,04-At/near private drive,09-Right shoulder,02-Rain,01-Daylight,INTERSECTION,
820,11-297790,20111229,QUEEN ST N @ GOUDIES LANE,01-Non intersection,02-Thru lane,03-Snow,01-Daylight,INTERSECTION,
821,11-187623,20110816,JANINE ST @ TREMAINE DR,03-At intersection,01-Within intersection,01-Clear,01-Daylight,INTERSECTION,
822,11-246991,20111021,ROSE ST @ KRUG ST,04-At/near private drive,09-Right shoulder,01-Clear,01-Daylight,INTERSECTION,
823,11-184318,20110812,PENELOPE DR @ CORA DR,01-Non intersection,02-Thru lane,01-Clear,"08-Dark, artificial",INTERSECTION,
824,11-183865,20110812,ROBERT FERRIE DR @ EVENS POND CRES,01-Non intersection,02-Thru lane,01-Clear,01-Daylight,INTERSECTION,
825,11-184860,20110812,GOUDIES LANE @ FREDERICK ST,04-At/near private drive,02-Thru lane,01-Clear,01-Daylight,INTERSECTION,
826,11-189669,20110817,FREDERICK ST @ MERNER AVE,04-At/near private drive,02-Thru lane,01-Clear,01-Daylight,INTERSECTION,
827,11-270504,20111121,CLARK AVE @ SIEBERT AVE,03-At intersection,02-Thru lane,01-Clear,07-Dark,INTERSECTION,
828,11-264257,20111114,PLEASANT AVE @ CORAL CRES,02-Intersection related,02-Thru lane,01-Clear,07-Dark,INTERSECTION,
829,11-296760,20111227,WESTMOUNT RD W @ OVERLEA DR,01-Non intersection,02-Thru lane,01-Clear,07-Dark,INTERSECTION,
830,11-174186,20110731,WEST AVE @ BROCK ST,01-Non intersection,02-Thru lane,01-Clear,"08-Dark, artificial",INTERSECTION,
831,11-262551,20111112,DOON RD @ PLYMOUTH RD,02-Intersection related,02-Thru lane,01-Clear,01-Daylight,INTERSECTION,
832,11-158766,20110713,WILSON AVE @ CLARK AVE,03-At intersection,02-Thru lane,01-Clear,01-Daylight,INTERSECTION,
833,11-188834,20110818,HAZELGLEN DR @ SHADELAND CRES,03-At intersection,01-Within intersection,01-Clear,01-Daylight,INTERSECTION,
834,11-200255,20110831,WILSON AVE @ NINTH AVE,04-At/near private drive,02-Thru lane,01-Clear,01-Daylight,INTERSECTION,
835,11-209426,20110910,BECHTEL DR @ WHEATFIELD CRES,01-Non intersection,02-Thru lane,01-Clear,"08-Dark, artificial",INTERSECTION,
836,11-167559,20110723,QUEEN ST N @ ROY ST,01-Non intersection,02-Thru lane,01-Clear,01-Daylight,INTERSECTION,
837,11-242672,20111018,PEACHWOOD CRT @ MANCHESTER RD / PEACHWOOD AVE,04-At/near private drive,09-Right shoulder,01-Clear,07-Dark,INTERSECTION,
838,11-167437,20110723,OLD COUNTRY DR @ CENTURY HILL DR,03-At intersection,02-Thru lane,01-Clear,01-Daylight,INTERSECTION,
839,11-162758,20110716,FLORENCE AVE @ GUERIN AVE,04-At/near private drive,09-Right shoulder,01-Clear,01-Daylight,INTERSECTION,
840,11-209199,20110911,LANCASTER ST E @ MANSION ST,01-Non intersection,11-Not on roadway - right side,01-Clear,01-Daylight,INTERSECTION,
841,11-272087,20111122,BRIARFIELD ST @ BRIARFIELD CRT / IDLE CREEK DR,04-At/near private drive,09-Right shoulder,01-Clear,"08-Dark, artificial",INTERSECTION,
842,11-187731,20110816,ANDREW ST @ BRAUN ST,02-Intersection related,02-Thru lane,01-Clear,07-Dark,INTERSECTION,
843,11-212010,20110913,WELLINGTON ST N @ CIRCA DR,04-At/near private drive,02-Thru lane,01-Clear,01-Daylight,INTERSECTION,
844,11-146269,20110404,DIXON ST @ ECKERT ST,03-At intersection,02-Thru lane,01-Clear,01-Daylight,INTERSECTION,
845,11-103051,20110509,KEVCO PL @ WABANAKI DR,04-At/near private drive,01-Within intersection,01-Clear,01-Daylight,INTERSECTION,
846,11-088811,20110421,DAWN RIDGE CRT @ DAWN RIDGE DR,01-Non intersection,02-Thru lane,01-Clear,03-Dawn,INTERSECTION,
847,11-258984,20111108,DOON VALLEY DR @ PINNACLE DR,01-Non intersection,02-Thru lane,01-Clear,07-Dark,INTERSECTION,
848,11-245773,20111023,GUELPH ST @ CRESTWOOD AVE,03-At intersection,02-Thru lane,01-Clear,"08-Dark, artificial",INTERSECTION,
849,11-154507,20110708,VANIER DR @ WALTON AVE,02-Intersection related,02-Thru lane,01-Clear,01-Daylight,INTERSECTION,
850,11-247692,20111025,TRILLIUM DR @ ADAM FERRIE PL,04-At/near private drive,02-Thru lane,01-Clear,01-Daylight,INTERSECTION,
851,11-147741,20110630,LACKNER BLVD @ OLDFIELD DR / ZELLER DR,04-At/near private drive,02-Thru lane,01-Clear,01-Daylight,INTERSECTION,
852,11-218005,20110919,CHARLES ST E @ STIRLING AVE S,04-At/near private drive,09-Right shoulder,02-Rain,"08-Dark, artificial",INTERSECTION,
853,11-262435,20111112,NEWBURY DR @ COVINGTON CRES,01-Non intersection,02-Thru lane,01-Clear,"08-Dark, artificial",INTERSECTION,
854,12-003887,20111209,QUEENSTON DR @ INDIAN RD,03-At intersection,02-Thru lane,03-Snow,01-Daylight,INTERSECTION,
855,11-296989,20111227,OTTAWA ST S @ INTERNATIONAL PL / WILDERNESS DR,04-At/near private drive,02-Thru lane,03-Snow,01-Daylight,INTERSECTION,
856,11-192519,20110822,MOUNTAIN LAUREL CRES @ BRIDLEWREATH ST,03-At intersection,01-Within intersection,01-Clear,01-Daylight,INTERSECTION,
857,11-298339,20111229,RUSSEL ST @ STIRLING AVE S,02-Intersection related,02-Thru lane,03-Snow,01-Daylight,INTERSECTION,
858,11-292290,20111220,DOMINION ST @ PARK ST,03-At intersection,01-Within intersection,01-Clear,01-Daylight,INTERSECTION,
859,11-180829,20110807,STONEGATE DR @ WOODVIEW CRES,10-Parking lot,12-Off highway,01-Clear,01-Daylight,INTERSECTION,
860,11-147927,20110630,BANKSIDE DR @ BANKSIDE CRES,04-At/near private drive,02-Thru lane,01-Clear,01-Daylight,INTERSECTION,
861,11-151150,20110704,MARKET ST @ PRINCE ST,04-At/near private drive,09-Right shoulder,01-Clear,01-Daylight,INTERSECTION,
862,11-143806,20110625,AVONDALE AVE @ CLAREMONT AVE,04-At/near private drive,09-Right shoulder,01-Clear,01-Daylight,INTERSECTION,
863,11-260847,20111110,AMHERST DR @ DURHAM ST,04-At/near private drive,02-Thru lane,01-Clear,01-Daylight,INTERSECTION,
864,11-271496,20111122,DOON SOUTH DR @ STEEPLERIDGE ST,04-At/near private drive,09-Right shoulder,02-Rain,07-Dark,INTERSECTION,
865,11-180655,20110807,COUNTRYSTONE CRES @ GARDEN PATH PL / SASSAFRAS ST,04-At/near private drive,02-Thru lane,01-Clear,01-Daylight,INTERSECTION,
866,11-126932,20110603,VERONICA DR @ OLD CHICOPEE DR,04-At/near private drive,09-Right shoulder,01-Clear,"08-Dark, artificial",INTERSECTION,
867,11-169839,20110724,RITTENHOUSE RD @ WHITE SANDS CRT,04-At/near private drive,99-Other,01-Clear,01-Daylight,INTERSECTION,
868,11-263127,20111113,CARSON DR @ WOLFES CRT,03-At intersection,12-Off highway,01-Clear,"08-Dark, artificial",INTERSECTION,
869,11-185808,20110814,WESTMEADOW DR @ MICHELLE CRT,03-At intersection,02-Thru lane,01-Clear,01-Daylight,INTERSECTION,
870,11-184636,20110813,HILLMOUNT ST @ HIGHPARK AVE,02-Intersection related,11-Not on roadway - right side,02-Rain,03-Dawn,INTERSECTION,
871,11-193918,20110824,STRASBURG RD @ BARWOOD CRES,02-Intersection related,02-Thru lane,01-Clear,01-Daylight,INTERSECTION,
872,11-166614,20110720,FREDERICK ST @ SPETZ ST,01-Non intersection,02-Thru lane,01-Clear,01-Daylight,INTERSECTION,
873,11-213149,20110915,PINNACLE DR @ OLD MILL RD,01-Non intersection,02-Thru lane,01-Clear,01-Daylight,INTERSECTION,
874,11-203343,20110904,CHANDLER DR @ WOODFERN CRT,99-Other,12-Off highway,01-Clear,07-Dark,INTERSECTION,
875,11-203020,20110903,RIVER RD E @ RENNIE DR,03-At intersection,11-Not on roadway - right side,01-Clear,01-Daylight,INTERSECTION,
876,11-286471,20111212,BONIFACE AVE @ MASSEY AVE,04-At/near private drive,09-Right shoulder,01-Clear,07-Dark,INTERSECTION,
877,10-067712,20100403,BELLEVIEW AVE @ SUFFOLK AVE,03-At intersection,02-Thru lane,01-Clear,01-Daylight,INTERSECTION,
878,10-230756,20101028,GILDNER ST @ PARK ST,03-At intersection,01-Within intersection,02-Rain,01-Daylight,INTERSECTION,
879,10-127096,20100620,FAIRLAWN RD @ WILSON AVE,04-At/near private drive,02-Thru lane,01-Clear,01-Daylight,INTERSECTION,
880,10-010344,20100116,HOMER WATSON BLVD @ OLD CARRIAGE DR,04-At/near private drive,12-Off highway,01-Clear,99-Other,INTERSECTION,
881,10-016833,20100124,ERINBROOK DR @ RITTENHOUSE RD,01-Non intersection,09-Right shoulder,02-Rain,"08-Dark, artificial",INTERSECTION,
882,10-060011,20100324,WEBER ST W @ WILHELM ST,04-At/near private drive,02-Thru lane,01-Clear,"08-Dark, artificial",INTERSECTION,
883,10-153952,20100724,AGNES ST @ WALTER ST,03-At intersection,01-Within intersection,02-Rain,01-Daylight,INTERSECTION,
884,10-255087,20101129,TRAYNOR AVE @ VANIER DR,01-Non intersection,02-Thru lane,01-Clear,07-Dark,INTERSECTION,
885,10-262020,20101209,PERTH RD @ PLEASANT AVE,03-At intersection,02-Thru lane,01-Clear,01-Daylight,INTERSECTION,
886,10-102925,20100516,ROCKCLIFFE DR @ BANFFSHIRE ST,,11-Not on roadway - right side,01-Clear,01-Daylight,INTERSECTION,
887,10-097035,20100513,MANSION ST @ FILBERT ST,03-At intersection,01-Within intersection,01-Clear,01-Daylight,INTERSECTION,
888,10-270751,20101202,CREEK RIDGE ST @ ADENCLIFFE ST,04-At/near private drive,99-Other,01-Clear,01-Daylight,INTERSECTION,
889,10-270103,20101220,DEER RIDGE DR @ GRAND HILL DR,01-Non intersection,02-Thru lane,02-Rain,07-Dark,INTERSECTION,
890,10-240040,20101109,DILL ST @ DAVID ST,03-At intersection,11-Not on roadway - right side,01-Clear,01-Daylight,INTERSECTION,
891,10-081108,20100421,FARRIER DR @ VAN HORNE PL,04-At/near private drive,01-Within intersection,01-Clear,01-Daylight,INTERSECTION,
892,10-063579,20100329,RIVER RD E @ KENORA DR,01-Non intersection,02-Thru lane,01-Clear,01-Daylight,INTERSECTION,
893,10-066385,20100327,CAMERON ST N @ WEBER ST E,04-At/near private drive,02-Thru lane,01-Clear,01-Daylight,INTERSECTION,
894,10-183362,20100830,GRABER PL @ DREGER AVE,01-Non intersection,02-Thru lane,01-Clear,01-Daylight,INTERSECTION,
895,10-002913,20100105,KING ST E @ KINZIE AVE,02-Intersection related,02-Thru lane,03-Snow,"08-Dark, artificial",INTERSECTION,
896,10-168755,20100812,LAKESIDE DR @ GATEWOOD RD,02-Intersection related,02-Thru lane,01-Clear,"08-Dark, artificial",INTERSECTION,
897,10-076028,20100415,WINDING WOOD CRES @ CREST HAVEN ST,99-Other,12-Off highway,01-Clear,01-Daylight,INTERSECTION,
898,10-099397,20100516,HARCOURT CRES @ MILLWOOD CRES,04-At/near private drive,02-Thru lane,01-Clear,01-Daylight,INTERSECTION,
899,10-099548,20100516,ST JEROME CRES @ ST JEROME AVE,03-At intersection,01-Within intersection,01-Clear,01-Daylight,INTERSECTION,
900,09-032419,20090126,SNOWDROP CRES @ SNOWDROP CRT,04-At/near private drive,02-Thru lane,01-Clear,"08-Dark, artificial",INTERSECTION,
901,10-267427,20101216,VERONICA DR @ BETTINA PL,01-Non intersection,02-Thru lane,03-Snow,"08-Dark, artificial",INTERSECTION,
902,10-261901,20101209,MERNER AVE @ BINGEMAN ST,01-Non intersection,12-Off highway,01-Clear,01-Daylight,INTERSECTION,