OBJECTID,ACCIDENTNUM,ACCIDENTDATE,LOCATION,ACCIDENT_LOCATION,IMPACT_LOCATION,ENVIRONMENT_CONDITION,LIGHT,COLLISION_TYPE,TRAFFICCOLLISIONSID
903,10-151760,20100721,DEER RIDGE DR @ JOSEPH SCHOERG CRES / TERRACE WOOD CRES,03-At intersection,01-Within intersection,01-Clear,01-Daylight,INTERSECTION,
904,10-213233,20101006,LENNOX LEWIS WAY @ BLOCK LINE RD,02-Intersection related,09-Right shoulder,01-Clear,"08-Dark, artificial",INTERSECTION,
905,10-253653,20101127,CONWAY DR @ WAYNE DR,03-At intersection,02-Thru lane,01-Clear,01-Daylight,INTERSECTION,
906,10-019175,20100128,VICTORIA ST N @ LACKNER BLVD / BINGEMANS CENTRE DR,01-Non intersection,02-Thru lane,03-Snow,01-Daylight,INTERSECTION,
907,10-109281,20100528,CONNAUGHT ST @ THIRD AVE,04-At/near private drive,02-Thru lane,01-Clear,01-Daylight,INTERSECTION,
908,10-168429,20100811,DEKAY ST @ GUELPH ST,03-At intersection,01-Within intersection,01-Clear,01-Daylight,INTERSECTION,
909,10-086095,20100428,SPADINA RD E @ GLEN RD,02-Intersection related,01-Within intersection,01-Clear,01-Daylight,INTERSECTION,
910,10-114032,20100603,CHANDLER DR @ LEACREST CRT,01-Non intersection,02-Thru lane,01-Clear,01-Daylight,INTERSECTION,
911,10-105189,20100523,DOON RD @ CARWOOD AVE,02-Intersection related,02-Thru lane,01-Clear,01-Daylight,INTERSECTION,
912,10-109370,20100528,WESTMEADOW DR @ DAWN RIDGE DR,03-At intersection,11-Not on roadway - right side,01-Clear,01-Daylight,INTERSECTION,
913,10-222487,20101017,BELLEVIEW AVE @ SMITHSON ST,01-Non intersection,02-Thru lane,01-Clear,07-Dark,INTERSECTION,
914,10-262026,20101209,PEACH BLOSSOM CRES @ DAVID BERGEY DR,03-At intersection,02-Thru lane,01-Clear,01-Daylight,INTERSECTION,
915,10-139579,20100706,RENNIE DR @ KENNETH AVE,01-Non intersection,11-Not on roadway - right side,01-Clear,01-Daylight,INTERSECTION,
916,10-204717,20100925,CONWAY DR @ GAY CRES,04-At/near private drive,12-Off highway,02-Rain,01-Daylight,INTERSECTION,
917,10-157217,20100728,SHANLEY ST @ DUKE ST W,03-At intersection,11-Not on roadway - right side,02-Rain,01-Daylight,INTERSECTION,
918,10-142585,20100710,SCHWEITZER ST @ NELSON AVE,02-Intersection related,01-Within intersection,01-Clear,01-Daylight,INTERSECTION,
919,10-193088,20100910,WATERLOO ST @ WELLINGTON ST N,04-At/near private drive,02-Thru lane,01-Clear,01-Daylight,INTERSECTION,
920,10-185902,20100902,LOUISA ST @ KING ST W,04-At/near private drive,09-Right shoulder,02-Rain,01-Daylight,INTERSECTION,
921,10-151736,20100721,CEDAR ST S @ ST GEORGE ST,01-Non intersection,02-Thru lane,01-Clear,01-Daylight,INTERSECTION,
922,10-114780,20100604,MCGARRY DR @ MEADOWBROOK DR,01-Non intersection,02-Thru lane,01-Clear,01-Daylight,INTERSECTION,
923,10-046107,20100306,WATER ST S @ JUBILEE DR,01-Non intersection,02-Thru lane,01-Clear,01-Daylight,INTERSECTION,
924,10-045193,20100305,OWL RIDGE ST @ COOPERSHAWK ST,01-Non intersection,02-Thru lane,01-Clear,01-Daylight,INTERSECTION,
925,10-004535,20100108,FREDERICK ST @ LOIS ST,02-Intersection related,02-Thru lane,01-Clear,01-Daylight,INTERSECTION,
926,10-116572,20100607,WESTHEIGHTS DR @ AUTUMN HILL CRES,01-Non intersection,09-Right shoulder,01-Clear,07-Dark,INTERSECTION,
927,10-220147,20101015,HIGHVIEW DR @ HICKORY HOLLOW CRES,02-Intersection related,02-Thru lane,01-Clear,01-Daylight,INTERSECTION,
928,10-176561,20100821,HERITAGE DR @ OAKHURST CRES,04-At/near private drive,02-Thru lane,01-Clear,01-Daylight,INTERSECTION,
929,10-000879,20100101,QUEENS BLVD @ OVERLEA DR,01-Non intersection,02-Thru lane,03-Snow,01-Daylight,INTERSECTION,
930,10-132069,20100626,BORDEN AVE S @ NYBERG ST,03-At intersection,01-Within intersection,01-Clear,07-Dark,INTERSECTION,
931,10-223626,20101018,LORRAINE AVE @ BAIRD AVE,03-At intersection,01-Within intersection,01-Clear,01-Daylight,INTERSECTION,
932,10-228177,20101025,GLASGOW ST @ WESTMOUNT RD W,01-Non intersection,02-Thru lane,01-Clear,01-Daylight,INTERSECTION,
933,10-174659,20100819,ARNOLD ST @ CLIFTON RD,02-Intersection related,09-Right shoulder,01-Clear,01-Daylight,INTERSECTION,
934,10-174753,20100819,MILL ST @ HEIMAN ST,03-At intersection,01-Within intersection,01-Clear,01-Daylight,INTERSECTION,
935,10-157668,20100729,GLASGOW ST @ IRA NEEDLES BLVD,01-Non intersection,02-Thru lane,01-Clear,01-Daylight,INTERSECTION,
936,10-120924,20100612,LAURENTIAN DR @ DUNSMERE DR,01-Non intersection,10-Not on roadway - left side,02-Rain,01-Daylight,INTERSECTION,
937,10-261531,20101208,MARGARET AVE @ ADAM ST,03-At intersection,02-Thru lane,01-Clear,01-Daylight,INTERSECTION,
938,10-265714,20101214,OLDFIELD DR @ SHAFTSBURY DR,03-At intersection,01-Within intersection,01-Clear,01-Daylight,INTERSECTION,
939,10-250641,20101123,PARKVALE DR @ PARKVALE CRT,01-Non intersection,02-Thru lane,01-Clear,01-Daylight,INTERSECTION,
940,10-129053,20100623,WILSON AVE @ BALFOUR CRES,03-At intersection,01-Within intersection,01-Clear,01-Daylight,INTERSECTION,
941,10-125726,20100618,THE COUNTRY WAY @ OLD COUNTRY DR,01-Non intersection,02-Thru lane,01-Clear,01-Daylight,INTERSECTION,
942,10-219542,20101014,OVERLEA DR @ KELLY DR,02-Intersection related,02-Thru lane,01-Clear,01-Daylight,INTERSECTION,
943,10-187227,20100904,WESTHEIGHTS DR @ LORILEE CRES,04-At/near private drive,02-Thru lane,02-Rain,01-Daylight,INTERSECTION,
944,10-027586,20100208,COURTLAND AVE E @ PALMER AVE,01-Non intersection,99-Other,01-Clear,01-Daylight,INTERSECTION,
945,10-270728,20101221,CHICOPEE PARK CRT @ GRULKE ST / FAIRWAY RD N,01-Non intersection,02-Thru lane,01-Clear,01-Daylight,INTERSECTION,
946,10-208516,20100930,VICTORIA ST N @ BRUCE ST,04-At/near private drive,02-Thru lane,01-Clear,01-Daylight,INTERSECTION,
947,10-222753,20101017,COURTLAND AVE E @ MADISON AVE S,04-At/near private drive,02-Thru lane,01-Clear,01-Daylight,INTERSECTION,
948,10-109360,20100527,LORNE CRES @ DELAWARE AVE,04-At/near private drive,09-Right shoulder,01-Clear,01-Daylight,INTERSECTION,
949,10-081196,20100421,IRVIN ST @ FREDERICK ST,04-At/near private drive,02-Thru lane,01-Clear,01-Daylight,INTERSECTION,
950,10-033130,20100215,WEBER ST E @ FAIRVIEW AVE,04-At/near private drive,02-Thru lane,01-Clear,01-Daylight,INTERSECTION,
951,10-017725,20100126,STONYBROOK DR @ SWEETBRIAR DR,01-Non intersection,02-Thru lane,01-Clear,01-Daylight,INTERSECTION,
952,10-239435,20101108,ACTIVA AVE @ COTTON GRASS ST,01-Non intersection,02-Thru lane,01-Clear,01-Daylight,INTERSECTION,
953,10-103910,20100521,HOMER WATSON BLVD @ DOON SOUTH DR,01-Non intersection,02-Thru lane,01-Clear,01-Daylight,INTERSECTION,
954,10-121624,20100613,MISTY ST @ KEEWATIN AVE,04-At/near private drive,02-Thru lane,01-Clear,01-Daylight,INTERSECTION,
955,10-117835,20100608,HAWKSWOOD DR @ CONDOR ST,04-At/near private drive,02-Thru lane,01-Clear,01-Daylight,INTERSECTION,
956,10-112632,20100601,CUMBERLAND PL @ ROLLING MEADOWS DR,03-At intersection,02-Thru lane,01-Clear,01-Daylight,INTERSECTION,
957,10-147842,20100717,HURON RD @ PLAINS RD,01-Non intersection,10-Not on roadway - left side,01-Clear,07-Dark,INTERSECTION,
958,10-132526,20100626,HALIFAX DR @ NATCHEZ RD,04-At/near private drive,02-Thru lane,01-Clear,01-Daylight,INTERSECTION,
959,10-118209,20100609,BLACKWELL DR @ WEST ACRES CRES,03-At intersection,01-Within intersection,01-Clear,"08-Dark, artificial",INTERSECTION,
960,10-117833,20100608,CAMERON ST N @ DUKE ST E,04-At/near private drive,11-Not on roadway - right side,01-Clear,01-Daylight,INTERSECTION,
961,10-107430,20100525,ELMSDALE DR @ CHANDLER DR,04-At/near private drive,09-Right shoulder,01-Clear,07-Dark,INTERSECTION,
962,10-017842,20100126,ROSEMOUNT DR @ ISLINGTON AVE,04-At/near private drive,02-Thru lane,01-Clear,01-Daylight,INTERSECTION,
963,10-104516,20100518,PROSPECT AVE @ EMERALD AVE,04-At/near private drive,02-Thru lane,01-Clear,07-Dark,INTERSECTION,
964,10-133434,20100628,DOON SOUTH DR @ DOON VILLAGE RD,01-Non intersection,02-Thru lane,01-Clear,01-Daylight,INTERSECTION,
965,10-017764,20100126,SPADINA RD W @ NORTH DR,03-At intersection,01-Within intersection,03-Snow,01-Daylight,INTERSECTION,
966,10-119329,20100610,RIVER RD E @ FAIRWAY RD N,01-Non intersection,02-Thru lane,01-Clear,01-Daylight,INTERSECTION,
967,10-204730,20100923,LACKNER BLVD @ DAIMLER DR,04-At/near private drive,02-Thru lane,01-Clear,01-Daylight,INTERSECTION,
968,10-027441,20100206,CLAYCROFT CRES @ BLACKWELL DR,04-At/near private drive,99-Other,01-Clear,01-Daylight,INTERSECTION,
969,10-004043,20100107,RUSSEL ST @ SPADINA RD E,03-At intersection,01-Within intersection,01-Clear,01-Daylight,INTERSECTION,
970,10-008293,20100113,STAHL AVE @ DUKE ST W,98-Other,10-Not on roadway - left side,01-Clear,07-Dark,INTERSECTION,
971,10-121106,20100612,CEDAR ST N @ MAY PL,10-Parking lot,12-Off highway,01-Clear,01-Daylight,INTERSECTION,
972,10-109075,20100528,MILLWOOD CRES @ CLUTHE CRES,01-Non intersection,02-Thru lane,01-Clear,01-Daylight,INTERSECTION,
973,10-151492,20100720,GLASGOW ST @ NORTHFOREST TRAIL,04-At/near private drive,02-Thru lane,01-Clear,01-Daylight,INTERSECTION,
974,10-053561,20100307,ROSENEATH CRES @ LAURENTIAN DR,02-Intersection related,01-Within intersection,01-Clear,01-Daylight,INTERSECTION,
975,10-265072,20101213,ROLLING MEADOWS DR @ WESTVIEW CRES,04-At/near private drive,02-Thru lane,03-Snow,01-Daylight,INTERSECTION,
976,10-261129,20101208,BIEHN DR @ BLACK WALNUT DR,03-At intersection,02-Thru lane,01-Clear,01-Daylight,INTERSECTION,
977,09-042430,20090306,SOUTHMOOR DR @ YAGER AVE,01-Non intersection,11-Not on roadway - right side,01-Clear,01-Daylight,INTERSECTION,
978,09-017014,20090126,HERITAGE DR @ KEEWATIN AVE,02-Intersection related,02-Thru lane,01-Clear,01-Daylight,INTERSECTION,
979,10-265270,20101213,EBYDALE DR @ OLDFIELD DR,03-At intersection,10-Not on roadway - left side,06-Strong wind,"08-Dark, artificial",INTERSECTION,
980,10-266565,20101215,SYDNEY ST S @ NYBERG ST,02-Intersection related,08-Left shoulder,03-Snow,,INTERSECTION,
981,10-262384,20101209,MOOREGATE CRES @ HAZELGLEN DR,04-At/near private drive,09-Right shoulder,01-Clear,"02-Daylight, artificial",INTERSECTION,
982,10-224800,20101020,HEIT LANE @ DUKE ST W,03-At intersection,01-Within intersection,01-Clear,"06-Dusk, artificial",INTERSECTION,
983,09-009679,20090116,HOMER WATSON BLVD @ HANSON AVE,01-Non intersection,02-Thru lane,01-Clear,01-Daylight,INTERSECTION,
984,10-277042,20101231,MISTY CRT @ MISTY ST,04-At/near private drive,02-Thru lane,01-Clear,07-Dark,INTERSECTION,
985,10-266309,20101215,SCHWEITZER ST @ BRIDGE ST E,01-Non intersection,02-Thru lane,01-Clear,01-Daylight,INTERSECTION,
986,10-250025,20101122,ONTARIO ST S @ HALLS LANE W,04-At/near private drive,02-Thru lane,99-Other,01-Daylight,INTERSECTION,
987,10-027615,20100208,PINE ST @ MARY ST,01-Non intersection,11-Not on roadway - right side,01-Clear,07-Dark,INTERSECTION,
988,09-020096,20090201,WILSON AVE @ FOURTH AVE,98-Other,99-Other,01-Clear,07-Dark,INTERSECTION,
989,10-275679,20101229,WEBER ST E @ KINZIE AVE,01-Non intersection,09-Right shoulder,01-Clear,01-Daylight,INTERSECTION,
990,10-076484,20100416,DUNBAR RD @ CLAREMONT AVE,03-At intersection,01-Within intersection,01-Clear,01-Daylight,INTERSECTION,
991,10-072896,20100411,KING ST E @ MORGAN AVE,04-At/near private drive,02-Thru lane,01-Clear,01-Daylight,INTERSECTION,
992,10-064525,20100330,SCENIC WOOD CRES @ THALER AVE / FERGUS AVE,02-Intersection related,02-Thru lane,01-Clear,01-Daylight,INTERSECTION,
993,10-150708,20100720,TRUSSLER RD @ PLAINS RD,01-Non intersection,02-Thru lane,01-Clear,01-Daylight,INTERSECTION,
994,09-020305,20090131,OLD CHICOPEE DR @ BOUND BROOK CRT,02-Intersection related,01-Within intersection,03-Snow,07-Dark,INTERSECTION,
995,10-264415,20101212,KEEWATIN AVE @ STANMORE AVE,01-Non intersection,02-Thru lane,03-Snow,01-Daylight,INTERSECTION,
996,10-264753,20101212,WESTFOREST TRAIL @ GREENGABLE WAY / TRELAWNEY ST,01-Non intersection,02-Thru lane,03-Snow,"08-Dark, artificial",INTERSECTION,
997,10-040234,20100226,BRIARFIELD ST @ BRIARMEADOW DR,01-Non intersection,02-Thru lane,03-Snow,"08-Dark, artificial",INTERSECTION,
998,10-034501,20100225,HOMER WATSON BLVD @ BEASLEY DR,04-At/near private drive,02-Thru lane,03-Snow,01-Daylight,INTERSECTION,
999,10-241846,20101111,ANVIL ST @ COBBLESTONE ST,01-Non intersection,02-Thru lane,01-Clear,05-Dusk,INTERSECTION,
1000,10-184978,20100901,TRAFALGAR AVE @ NOEL CRES,04-At/near private drive,02-Thru lane,01-Clear,01-Daylight,INTERSECTION,
1001,10-210276,20101002,EASTFOREST TRAIL @ BANKSIDE DR,03-At intersection,01-Within intersection,02-Rain,01-Daylight,INTERSECTION,
1002,10-252957,20101126,FAIRMOUNT RD @ JACKSON AVE,04-At/near private drive,02-Thru lane,01-Clear,01-Daylight,INTERSECTION,
1003,10-209068,20100927,WEBER ST W @ ONTARIO ST N,01-Non intersection,02-Thru lane,01-Clear,01-Daylight,INTERSECTION,
1004,10-206872,20100928,BROKEN OAK CRES @ WESTHEIGHTS DR,01-Non intersection,02-Thru lane,02-Rain,01-Daylight,INTERSECTION,
1005,10-184635,20100901,LINDEN AVE @ MICHAEL ST,04-At/near private drive,02-Thru lane,01-Clear,01-Daylight,INTERSECTION,
1006,10-002968,20100105,COTTON GRASS ST @ COMMONWEALTH ST,03-At intersection,01-Within intersection,01-Clear,"08-Dark, artificial",INTERSECTION,
1007,10-017943,20100125,WAKE ROBIN DR @ MILFOIL CRES,01-Non intersection,02-Thru lane,03-Snow,"02-Daylight, artificial",INTERSECTION,
1008,10-161476,20100802,DUNSMERE DR @ DUNSMERE CRT,04-At/near private drive,02-Thru lane,01-Clear,01-Daylight,INTERSECTION,
1009,10-040018,20100226,SYDNEY ST S @ DELTA ST,04-At/near private drive,02-Thru lane,02-Rain,01-Daylight,INTERSECTION,
1010,10-052965,20100315,GRAND RIVER BLVD @ CHANDOS DR,04-At/near private drive,11-Not on roadway - right side,01-Clear,01-Daylight,INTERSECTION,
1011,10-001475,20100103,OAKHURST CRES @ HERITAGE DR,03-At intersection,02-Thru lane,01-Clear,07-Dark,INTERSECTION,
1012,10-004994,20100109,WOODHAVEN RD @ GERARD AVE,01-Non intersection,12-Off highway,01-Clear,"08-Dark, artificial",INTERSECTION,
1013,10-004667,20100108,FARNHAM AVE @ BELMONT AVE W,03-At intersection,01-Within intersection,01-Clear,01-Daylight,INTERSECTION,
1014,10-069426,20100405,DAWN RIDGE DR @ WESTMEADOW DR,04-At/near private drive,02-Thru lane,01-Clear,01-Daylight,INTERSECTION,
1015,10-186597,20100902,ST LEGER ST @ HERMIE PL,01-Non intersection,02-Thru lane,01-Clear,01-Daylight,INTERSECTION,
1016,10-202130,20100921,DOON RD @ CARWOOD CRES,04-At/near private drive,02-Thru lane,01-Clear,"08-Dark, artificial",INTERSECTION,
1017,10-201434,20100917,FREDERICK ST @ ETHEL ST,04-At/near private drive,02-Thru lane,01-Clear,01-Daylight,INTERSECTION,
1018,10-179908,20100826,FOREST HILL DR @ DEERPARK CRES,01-Non intersection,02-Thru lane,01-Clear,01-Daylight,INTERSECTION,
1019,10-235655,20101103,GLASGOW ST @ YORK ST,02-Intersection related,02-Thru lane,02-Rain,"06-Dusk, artificial",INTERSECTION,
1020,10-267086,20101216,CHURCH ST @ MADISON AVE S,01-Non intersection,02-Thru lane,03-Snow,01-Daylight,INTERSECTION,
1021,10-168628,20100811,NIPIGON ST @ KEEWATIN AVE,04-At/near private drive,02-Thru lane,01-Clear,07-Dark,INTERSECTION,
1022,10-161676,20100803,ONTARIO ST N @ GOUDIES LANE,01-Non intersection,99-Other,01-Clear,01-Daylight,INTERSECTION,
1023,10-178297,20100823,WEBER ST W @ REINHARDT ST,04-At/near private drive,09-Right shoulder,01-Clear,01-Daylight,INTERSECTION,
1024,10-043434,20100303,FREDERICK ST @ EDNA ST,04-At/near private drive,02-Thru lane,01-Clear,01-Daylight,INTERSECTION,
1025,10-003453,20100106,GORDON AVE @ CLARENCE PL,98-Other,99-Other,01-Clear,01-Daylight,INTERSECTION,
1026,10-006510,20100111,GUELPH ST @ EDWIN ST,01-Non intersection,11-Not on roadway - right side,03-Snow,01-Daylight,INTERSECTION,
1027,10-000423,20100101,NINTH AVE @ CAIT AVE,02-Intersection related,09-Right shoulder,01-Clear,01-Daylight,INTERSECTION,
1028,10-267289,20101216,SHELDON AVE N @ KING ST E,01-Non intersection,02-Thru lane,03-Snow,01-Daylight,INTERSECTION,
1029,10-180270,20100826,DIXON ST @ ROCKWAY DR,02-Intersection related,02-Thru lane,01-Clear,01-Daylight,INTERSECTION,
1030,10-175232,20100820,STOKE DR @ VICTORIA ST S / OPRINGTON DR,01-Non intersection,11-Not on roadway - right side,01-Clear,"08-Dark, artificial",INTERSECTION,
1031,10-173460,20100817,STOKE DR @ TRELAWNEY ST,01-Non intersection,10-Not on roadway - left side,01-Clear,01-Daylight,INTERSECTION,
1032,10-013665,20100121,INDIAN RD @ MCGEE AVE,02-Intersection related,02-Thru lane,01-Clear,01-Daylight,INTERSECTION,
1033,10-167705,20100810,CENTURY HILL DR @ SOUTHWOOD DR,01-Non intersection,02-Thru lane,01-Clear,05-Dusk,INTERSECTION,
1034,10-037861,20100223,CHURCH ST @ PETER ST,01-Non intersection,02-Thru lane,01-Clear,01-Daylight,INTERSECTION,
1035,10-044966,20100305,BENESFORT CRES @ BENESFORT DR / BENESFORT CRT,03-At intersection,01-Within intersection,01-Clear,01-Daylight,INTERSECTION,
1036,10-187164,20100904,HARBER AVE @ SIEBERT AVE,02-Intersection related,12-Off highway,01-Clear,"08-Dark, artificial",INTERSECTION,
1037,10-176743,20100822,JOSEPH ST @ LINDEN AVE,01-Non intersection,02-Thru lane,01-Clear,"08-Dark, artificial",INTERSECTION,
1038,10-244464,20101115,BORDEN AVE S @ DUNDAS AVE,01-Non intersection,11-Not on roadway - right side,01-Clear,01-Daylight,INTERSECTION,
1039,10-198675,20100918,TIMBERLANE CRES @ ROLLING MEADOWS DR,02-Intersection related,11-Not on roadway - right side,01-Clear,01-Daylight,INTERSECTION,
1040,10-063816,20100329,FLORAL CRES @ DOON RD,03-At intersection,02-Thru lane,01-Clear,01-Daylight,INTERSECTION,
1041,10-091464,20100503,WESTMOUNT RD E @ GILMOUR CRES,04-At/near private drive,02-Thru lane,01-Clear,01-Daylight,INTERSECTION,
1042,10-237396,20101106,LAURENTIAN DR @ RADCLIFFE DR,01-Non intersection,02-Thru lane,01-Clear,"08-Dark, artificial",INTERSECTION,
1043,10-050789,20100312,DRIFTWOOD DR @ YELLOW BIRCH DR,02-Intersection related,02-Thru lane,02-Rain,"02-Daylight, artificial",INTERSECTION,
1044,09-010711,20090117,MORRISON RD @ GRAND RIVER BLVD,03-At intersection,02-Thru lane,03-Snow,"08-Dark, artificial",INTERSECTION,
1045,09-243134,20091210,DOON RD @ CORNELL AVE,01-Non intersection,02-Thru lane,01-Clear,01-Daylight,INTERSECTION,
1046,09-091723,20090514,ZELLER DR @ ZELLER CRT,01-Non intersection,02-Thru lane,01-Clear,07-Dark,INTERSECTION,
1047,09-018373,20090124,DEER RIDGE DR @ CANDLE CRES,02-Intersection related,02-Thru lane,03-Snow,01-Daylight,INTERSECTION,
1048,09-048568,20090315,KARN ST @ BRYBECK CRES,03-At intersection,01-Within intersection,01-Clear,01-Daylight,INTERSECTION,
1049,09-055391,20090325,FISCHER HALLMAN RD @ PLAINS RD,01-Non intersection,11-Not on roadway - right side,02-Rain,01-Daylight,INTERSECTION,
1050,09-163378,20090819,ELLEN ST W @ HERMIE PL,04-At/near private drive,02-Thru lane,01-Clear,01-Daylight,INTERSECTION,
1051,09-015992,20090125,PATRICIA AVE @ METZLOFF DR,03-At intersection,01-Within intersection,01-Clear,01-Daylight,INTERSECTION,
1052,09-021881,20090203,ROCHEFORT ST @ CANNES ST,04-At/near private drive,02-Thru lane,03-Snow,"08-Dark, artificial",INTERSECTION,
1053,09-036994,20090226,BLOCK LINE RD @ HOMER WATSON BLVD,04-At/near private drive,02-Thru lane,01-Clear,"08-Dark, artificial",INTERSECTION,
1054,09-000254,20090101,HOFFMAN ST @ DONLEY ST,01-Non intersection,11-Not on roadway - right side,01-Clear,01-Daylight,INTERSECTION,
1055,09-009198,20090115,SHIRLEY DR @ HESH CRES,04-At/near private drive,02-Thru lane,01-Clear,01-Daylight,INTERSECTION,
1056,09-021122,20090202,GIBSON DR @ GIBSON CRT,01-Non intersection,02-Thru lane,01-Clear,01-Daylight,INTERSECTION,
1057,09-188786,20090922,GUELPH ST @ BIRCH AVE,04-At/near private drive,09-Right shoulder,01-Clear,01-Daylight,INTERSECTION,
1058,09-223083,20091110,VILLAGE RD @ WESTMOUNT RD E,04-At/near private drive,02-Thru lane,01-Clear,01-Daylight,INTERSECTION,
1059,09-052293,20090320,AHRENS ST E @ QUEEN ST N / AHRENS ST W,04-At/near private drive,02-Thru lane,01-Clear,01-Daylight,INTERSECTION,
1060,09-251362,20091215,KINGSWOOD DR @ FLINT DR,01-Non intersection,02-Thru lane,01-Clear,"08-Dark, artificial",INTERSECTION,
1061,09-220830,20091106,ORCHID CRES @ GREY FOX DR,04-At/near private drive,02-Thru lane,01-Clear,01-Daylight,INTERSECTION,
1062,09-245651,20091213,PINEDALE DR @ WILLIAMSBURG RD,04-At/near private drive,09-Right shoulder,03-Snow,07-Dark,INTERSECTION,
1063,09-228842,20091118,DAVID ST @ JOSEPH ST,03-At intersection,01-Within intersection,01-Clear,01-Daylight,INTERSECTION,
1064,09-234592,20091127,FRANKLIN ST N @ PENROSE AVE,01-Non intersection,02-Thru lane,01-Clear,01-Daylight,INTERSECTION,
1065,09-211241,20091024,ELM RIDGE DR @ SILVER ASPEN CRES,02-Intersection related,02-Thru lane,02-Rain,07-Dark,INTERSECTION,
1066,09-081259,20090430,OLD MAPLE LANE @ HIGHVIEW DR,01-Non intersection,11-Not on roadway - right side,02-Rain,01-Daylight,INTERSECTION,
1067,09-011139,20090117,HAZELGLEN DR @ MARKWOOD DR,01-Non intersection,02-Thru lane,01-Clear,05-Dusk,INTERSECTION,
1068,09-173585,20090902,HOLBORN DR @ COVENTRY DR,02-Intersection related,01-Within intersection,01-Clear,01-Daylight,INTERSECTION,
1069,09-009622,20090116,OVERLEA DR @ OVERLEA CRT,01-Non intersection,02-Thru lane,01-Clear,01-Daylight,INTERSECTION,
1070,09-125581,20090629,OTONABEE DR @ BLEAMS RD,02-Intersection related,02-Thru lane,01-Clear,01-Daylight,INTERSECTION,
1071,09-220488,20091104,VICTORIA ST N @ MARGARET AVE,04-At/near private drive,11-Not on roadway - right side,,01-Daylight,INTERSECTION,
1072,09-217074,20091101,BLACK WALNUT DR @ BLACK WALNUT PL,01-Non intersection,08-Left shoulder,,,INTERSECTION,
1073,09-189372,20090923,ROTHSAY AVE @ SMETANA DR,03-At intersection,01-Within intersection,01-Clear,01-Daylight,INTERSECTION,
1074,09-254529,20091230,SASAGA DR @ OTONABEE DR,03-At intersection,01-Within intersection,01-Clear,"08-Dark, artificial",INTERSECTION,
1075,09-130279,20090705,CARYNDALE DR @ ROBERTSON CRES,04-At/near private drive,11-Not on roadway - right side,01-Clear,"08-Dark, artificial",INTERSECTION,
1076,09-231613,20091122,SHAFTSBURY DR @ HOLBORN DR,01-Non intersection,10-Not on roadway - left side,01-Clear,01-Daylight,INTERSECTION,
1077,09-075445,20090420,WATER ST S @ CHARLES ST W,01-Non intersection,02-Thru lane,02-Rain,01-Daylight,INTERSECTION,
1078,09-079064,20090426,WEBER ST E @ MADISON AVE N,01-Non intersection,02-Thru lane,01-Clear,"08-Dark, artificial",INTERSECTION,
1079,09-021698,20090203,HALIFAX DR @ HERITAGE DR,01-Non intersection,02-Thru lane,03-Snow,01-Daylight,INTERSECTION,
1080,09-237329,20091130,EDMUND RD @ WEBER ST E,04-At/near private drive,01-Within intersection,01-Clear,01-Daylight,INTERSECTION,
1081,09-067036,20090411,TRAILVIEW DR @ RIPLEY CRES,04-At/near private drive,02-Thru lane,01-Clear,01-Daylight,INTERSECTION,
1082,09-107887,20090606,WINDRUSH TRAIL @ WOODMANS CRT / EVERWOOD RUN,04-At/near private drive,11-Not on roadway - right side,01-Clear,01-Daylight,INTERSECTION,
1083,09-046911,20090313,BECKER ST @ BOURNEMOUTH AVE,01-Non intersection,02-Thru lane,01-Clear,01-Daylight,INTERSECTION,
1084,09-059031,20090319,WARREN RD @ FOREST HILL DR,02-Intersection related,01-Within intersection,01-Clear,"08-Dark, artificial",INTERSECTION,