OBJECTID,ACCIDENTNUM,ACCIDENTDATE,LOCATION,ACCIDENT_LOCATION,IMPACT_LOCATION,ENVIRONMENT_CONDITION,LIGHT,COLLISION_TYPE,TRAFFICCOLLISIONSID
1085,09-156764,20090810,CLAREMONT AVE @ EARL ST,03-At intersection,01-Within intersection,01-Clear,01-Daylight,INTERSECTION,
1086,09-106980,20090605,ROLAND ST @ DAVID ST,01-Non intersection,09-Right shoulder,01-Clear,01-Daylight,INTERSECTION,
1087,09-006703,20090111,DANIEL AVE @ BLOOMINGDALE RD,03-At intersection,01-Within intersection,01-Clear,"08-Dark, artificial",INTERSECTION,
1088,09-009820,20090116,HARTWOOD AVE @ ELLIS AVE,03-At intersection,01-Within intersection,01-Clear,01-Daylight,INTERSECTION,
1089,09-009695,20090116,AVALON PL @ BARBARA CRES,03-At intersection,01-Within intersection,01-Clear,01-Daylight,INTERSECTION,
1090,09-183648,20090915,ROCK AVE @ EARL ST,03-At intersection,01-Within intersection,01-Clear,01-Daylight,INTERSECTION,
1091,09-218872,20091104,WESTFOREST TRAIL @ HIGHGATE RD,02-Intersection related,02-Thru lane,01-Clear,01-Daylight,INTERSECTION,
1092,09-219569,20091105,ORCHARD MILL CRES @ DOON VALLEY DR,01-Non intersection,02-Thru lane,01-Clear,01-Daylight,INTERSECTION,
1093,09-129693,20090704,DINISON CRES @ ALBION ST,04-At/near private drive,09-Right shoulder,01-Clear,"08-Dark, artificial",INTERSECTION,
1094,09-105202,20090519,THOMAS SLEE DR @ SOUTHRIDGE DR,04-At/near private drive,02-Thru lane,01-Clear,01-Daylight,INTERSECTION,
1095,09-100888,20090527,CENTREVILLE ST @ JANSEN AVE,04-At/near private drive,02-Thru lane,02-Rain,07-Dark,INTERSECTION,
1096,09-210754,20091022,KRAFT AVE @ HAROLD AVE,04-At/near private drive,02-Thru lane,02-Rain,07-Dark,INTERSECTION,
1097,09-254340,20091229,ROYAL ORCHARD DR @ RED MAPLE PL,04-At/near private drive,12-Off highway,03-Snow,"08-Dark, artificial",INTERSECTION,
1098,09-240490,20091206,AMELIA ST @ COLTON CIR,01-Non intersection,09-Right shoulder,01-Clear,"08-Dark, artificial",INTERSECTION,
1099,09-111807,20090611,QUEENS BLVD @ SILVERSPRING CRES,04-At/near private drive,10-Not on roadway - left side,01-Clear,"06-Dusk, artificial",INTERSECTION,
1100,09-120829,20090623,BROADVIEW AVE @ BROADVIEW CRT,04-At/near private drive,02-Thru lane,01-Clear,01-Daylight,INTERSECTION,
1101,09-015868,20090125,FAIRFIELD AVE @ ST LEGER ST,03-At intersection,01-Within intersection,01-Clear,01-Daylight,INTERSECTION,
1102,09-036213,20090225,STAUFFER DR @ CARYNDALE DR,01-Non intersection,02-Thru lane,01-Clear,07-Dark,INTERSECTION,
1103,09-194002,20090923,WOODHAVEN RD @ BYRON AVE,04-At/near private drive,02-Thru lane,01-Clear,01-Daylight,INTERSECTION,
1104,09-150383,20090801,STOKE DR @ FISCHER HALLMAN RD,01-Non intersection,11-Not on roadway - right side,01-Clear,01-Daylight,INTERSECTION,
1105,09-054186,20090325,MORGAN AVE @ SOUTHILL DR,01-Non intersection,02-Thru lane,01-Clear,01-Daylight,INTERSECTION,
1106,09-243197,20091210,GRAND RIVER BLVD @ TINATAWA CRT,01-Non intersection,02-Thru lane,03-Snow,01-Daylight,INTERSECTION,
1107,09-144432,20090725,BRUBACHER ST @ MERNER AVE,01-Non intersection,09-Right shoulder,01-Clear,07-Dark,INTERSECTION,
1108,09-154442,20090806,KING ST E @ DEER RIDGE DR,04-At/near private drive,02-Thru lane,01-Clear,"08-Dark, artificial",INTERSECTION,
1109,09-153254,20090805,SOUTHWOOD DR @ SANDSPRINGS CRES,01-Non intersection,02-Thru lane,01-Clear,"08-Dark, artificial",INTERSECTION,
1110,09-009925,20090116,HOFFMAN ST @ KEHL ST,04-At/near private drive,02-Thru lane,01-Clear,01-Daylight,INTERSECTION,
1111,09-235878,20091129,DAHLIA ST @ PROSPERITY DR,01-Non intersection,02-Thru lane,01-Clear,"08-Dark, artificial",INTERSECTION,
1112,09-027906,20090212,DUKE ST E @ CAMERON ST N,02-Intersection related,12-Off highway,03-Snow,01-Daylight,INTERSECTION,
1113,09-089718,20090504,COURTLAND AVE E @ KENT AVE,04-At/near private drive,02-Thru lane,01-Clear,01-Daylight,INTERSECTION,
1114,09-065942,20090409,CONFEDERATION DR @ CHAMPLAIN CRES,01-Non intersection,02-Thru lane,01-Clear,01-Daylight,INTERSECTION,
1115,09-064268,20090407,OTTAWA ST S @ KEHL ST,01-Non intersection,02-Thru lane,01-Clear,01-Daylight,INTERSECTION,
1116,09-110806,20090610,BENTON ST @ COURTLAND AVE E,04-At/near private drive,02-Thru lane,01-Clear,01-Daylight,INTERSECTION,
1117,09-134244,20090711,QUEEN ST N @ ST LEGER ST,01-Non intersection,02-Thru lane,01-Clear,07-Dark,INTERSECTION,
1118,09-201376,20091009,MORGAN AVE @ FAIRWAY RD N,01-Non intersection,02-Thru lane,02-Rain,05-Dusk,INTERSECTION,
1119,09-152870,20090805,SHOEMAKER ST @ STRASBURG RD,04-At/near private drive,02-Thru lane,01-Clear,01-Daylight,INTERSECTION,
1120,09-024372,20090207,KINGSWOOD DR @ APPALACHIAN CRES,01-Non intersection,02-Thru lane,01-Clear,01-Daylight,INTERSECTION,
1121,09-188749,20090922,GREENOCK DR @ BRIARGATE DR,04-At/near private drive,02-Thru lane,01-Clear,01-Daylight,INTERSECTION,
1122,09-133402,20090710,APPLE TREE DR @ APPLE TREE CRT,01-Non intersection,02-Thru lane,01-Clear,01-Daylight,INTERSECTION,
1123,09-136090,20090713,CARSON DR @ STRATHCONA CRES,01-Non intersection,02-Thru lane,01-Clear,07-Dark,INTERSECTION,
1124,09-140261,20090719,UNION BLVD @ EARL ST,04-At/near private drive,02-Thru lane,01-Clear,01-Daylight,INTERSECTION,
1125,09-040780,20090304,WEBER ST E @ CEDAR ST N,01-Non intersection,02-Thru lane,01-Clear,01-Daylight,INTERSECTION,
1126,09-139590,20090718,DOON VILLAGE RD @ HARVEST CRT,02-Intersection related,02-Thru lane,01-Clear,01-Daylight,INTERSECTION,
1127,09-100816,20090527,SIXTH AVE @ KINGSWAY DR,03-At intersection,01-Within intersection,99-Other,01-Daylight,INTERSECTION,
1128,09-147571,20090729,MCGARRY DR @ PINEHURST CRES,04-At/near private drive,02-Thru lane,02-Rain,07-Dark,INTERSECTION,
1129,09-146305,20090727,WELLINGTON ST N @ MAJOR ST,02-Intersection related,02-Thru lane,01-Clear,01-Daylight,INTERSECTION,
1130,09-145529,20090726,QUEEN ST S @ SCHNEIDER AVE,03-At intersection,02-Thru lane,01-Clear,01-Daylight,INTERSECTION,
1131,09-145228,20090725,WELLINGTON ST N @ WEBER ST W,01-Non intersection,09-Right shoulder,01-Clear,07-Dark,INTERSECTION,
1132,09-253606,20091228,HIGHLAND RD W @ WESTHEIGHTS DR / WESTFOREST TRAIL,04-At/near private drive,02-Thru lane,01-Clear,01-Daylight,INTERSECTION,
1133,09-237328,20091201,FOREST HILL DR @ BUTTONWOOD DR,10-Parking lot,12-Off highway,01-Clear,01-Daylight,INTERSECTION,
1134,08-009267,20080123,MCGARRY DR @ ROYAL ORCHARD DR,03-At intersection,01-Within intersection,03-Snow,"04-Dawn, artificial",INTERSECTION,
1135,09-181040,20090912,SPRINGMOUNT DR @ MICHENER CRES,01-Non intersection,11-Not on roadway - right side,01-Clear,"08-Dark, artificial",INTERSECTION,
1136,09-239604,20091204,WAVERLY RD @ STRANGE ST,02-Intersection related,02-Thru lane,01-Clear,"08-Dark, artificial",INTERSECTION,
1137,09-164978,20090821,PIONEER DR @ PERIN PL / VINTAGE CRES,01-Non intersection,02-Thru lane,01-Clear,01-Daylight,INTERSECTION,
1138,09-232870,20091124,VERONICA DR @ BANCROFT ST,04-At/near private drive,02-Thru lane,01-Clear,01-Daylight,INTERSECTION,
1139,09-236711,20091127,HIGHVIEW DR @ SUGAR MAPLE ST,01-Non intersection,11-Not on roadway - right side,01-Clear,"08-Dark, artificial",INTERSECTION,
1140,09-195093,20090930,LAURENTIAN DR @ DARCY PL,01-Non intersection,02-Thru lane,01-Clear,"02-Daylight, artificial",INTERSECTION,
1141,08-088315,20080715,CONNAUGHT ST @ MUNROE ST,02-Intersection related,11-Not on roadway - right side,01-Clear,01-Daylight,INTERSECTION,
1142,09-201173,20091009,STIRLING AVE S @ LORNE CRES,02-Intersection related,02-Thru lane,02-Rain,01-Daylight,INTERSECTION,
1143,09-224574,20091112,WEBER ST W @ WATER ST N,04-At/near private drive,02-Thru lane,01-Clear,"08-Dark, artificial",INTERSECTION,
1144,09-245580,20091213,ERINBROOK DR @ LAURENTIAN DR,04-At/near private drive,02-Thru lane,02-Rain,01-Daylight,INTERSECTION,
1145,09-104373,20090601,COMMONWEALTH ST @ DUBRICK CRES,03-At intersection,02-Thru lane,02-Rain,"06-Dusk, artificial",INTERSECTION,
1146,09-006225,20090110,LANCASTER ST W @ GUELPH ST,01-Non intersection,02-Thru lane,03-Snow,07-Dark,INTERSECTION,
1147,09-002449,20090105,GREENFIELD AVE @ TRAYNOR AVE,03-At intersection,01-Within intersection,01-Clear,01-Daylight,INTERSECTION,
1148,09-127647,20090702,GLASGOW ST @ EDEN AVE,04-At/near private drive,03-Left turn lane,01-Clear,01-Daylight,INTERSECTION,
1149,09-130814,20090706,RIVER RD E @ KING ST E,05-At railway crossing,02-Thru lane,01-Clear,01-Daylight,INTERSECTION,
1150,09-133847,20090709,NIPIGON ST @ MUSKOKA CRT,04-At/near private drive,02-Thru lane,01-Clear,01-Daylight,INTERSECTION,
1151,09-090836,20090513,ASPEN AVE @ MAUSSER AVE,03-At intersection,01-Within intersection,01-Clear,01-Daylight,INTERSECTION,
1152,09-004430,20090107,BRENTWOOD AVE @ JACKSON AVE,03-At intersection,01-Within intersection,01-Clear,01-Daylight,INTERSECTION,
1153,09-090545,20090513,DUNDAS AVE @ SYDNEY ST S,03-At intersection,01-Within intersection,01-Clear,01-Daylight,INTERSECTION,
1154,09-097834,20090521,SPRINGMOUNT DR @ SPRINGMOUNT PL,04-At/near private drive,02-Thru lane,01-Clear,01-Daylight,INTERSECTION,
1155,09-120819,20090623,TUDOR ST @ NEWCASTLE DR,01-Non intersection,09-Right shoulder,01-Clear,01-Daylight,INTERSECTION,
1156,09-092534,20090515,SOUTHDALE AVE @ HOFFMAN ST,02-Intersection related,10-Not on roadway - left side,01-Clear,07-Dark,INTERSECTION,
1157,09-042267,20090305,CARYNDALE DR @ EVENSTONE AVE / HEARTHWAY ST,01-Non intersection,02-Thru lane,01-Clear,07-Dark,INTERSECTION,
1158,09-245224,20091212,DUNSMERE DR @ RADCLIFFE DR,04-At/near private drive,02-Thru lane,01-Clear,07-Dark,INTERSECTION,
1159,09-030458,20090216,GREEN VALLEY DR @ PIONEER DR,01-Non intersection,02-Thru lane,01-Clear,01-Daylight,INTERSECTION,
1160,09-020771,20090129,NEW DUNDEE RD @ EXECUTIVE PL,01-Non intersection,02-Thru lane,01-Clear,01-Daylight,INTERSECTION,
1161,09-200536,20091007,LACKNER BLVD @ LORRAINE AVE,04-At/near private drive,02-Thru lane,01-Clear,01-Daylight,INTERSECTION,
1162,09-014645,20090123,HICKSON DR @ CRAIG DR,01-Non intersection,11-Not on roadway - right side,01-Clear,01-Daylight,INTERSECTION,
1163,09-118650,20090611,WESTHEIGHTS DR @ TRAILVIEW DR,02-Intersection related,02-Thru lane,02-Rain,01-Daylight,INTERSECTION,
1164,09-196484,20091002,WOODCREST CRT @ SADDLEWOOD DR,01-Non intersection,02-Thru lane,02-Rain,"08-Dark, artificial",INTERSECTION,
1165,09-245570,20091214,SIEBERT AVE @ WOODHAVEN RD,02-Intersection related,02-Thru lane,01-Clear,01-Daylight,INTERSECTION,
1166,09-243884,20091211,WESTMEADOW DR @ SUNNY MEADOW CRT,01-Non intersection,02-Thru lane,03-Snow,01-Daylight,INTERSECTION,
1167,09-244695,20091212,ZELLER DR @ WILD MEADOW ST,01-Non intersection,02-Thru lane,01-Clear,01-Daylight,INTERSECTION,
1168,09-026581,20090205,DUKE ST E @ MADISON AVE N,04-At/near private drive,02-Thru lane,01-Clear,01-Daylight,INTERSECTION,
1169,09-119351,20090621,CONNAUGHT ST @ TRAYNOR AVE,02-Intersection related,02-Thru lane,01-Clear,01-Daylight,INTERSECTION,
1170,09-246337,20091215,BREITHAUPT ST @ LANCASTER ST W,04-At/near private drive,02-Thru lane,01-Clear,01-Daylight,INTERSECTION,
1171,09-004503,20090108,KENNEDY AVE @ KENT AVE,01-Non intersection,02-Thru lane,01-Clear,01-Daylight,INTERSECTION,
1172,09-112315,20090612,GRAYSTONE AVE @ GREENBROOK DR,99-Other,12-Off highway,01-Clear,01-Daylight,INTERSECTION,
1173,09-245097,20091213,CAMROSE CRT @ HIGHLAND CRES / FIELDGATE ST,04-At/near private drive,02-Thru lane,03-Snow,01-Daylight,INTERSECTION,
1174,09-033892,20090221,WINDSOR CRES @ SPADINA RD E,01-Non intersection,09-Right shoulder,03-Snow,03-Dawn,INTERSECTION,
1175,09-032478,20090219,SOUTH DR @ PERTH RD,03-At intersection,11-Not on roadway - right side,01-Clear,"08-Dark, artificial",INTERSECTION,
1176,09-023431,20090206,PALMER AVE @ KENNEDY AVE,01-Non intersection,02-Thru lane,01-Clear,01-Daylight,INTERSECTION,
1177,09-120713,20090623,ROSEDALE AVE @ SYDNEY ST N,04-At/near private drive,02-Thru lane,01-Clear,01-Daylight,INTERSECTION,
1178,09-151607,20090803,EAST AVE @ CAMERON ST N,03-At intersection,01-Within intersection,01-Clear,01-Daylight,INTERSECTION,
1179,09-015567,20090124,FAIRLAWN RD @ TRAYNOR AVE,04-At/near private drive,09-Right shoulder,01-Clear,"08-Dark, artificial",INTERSECTION,
1180,09-164137,20090820,SHERWOOD AVE @ KRUG ST,03-At intersection,01-Within intersection,01-Clear,01-Daylight,INTERSECTION,
1181,09-161758,20090817,FISCHER HALLMAN RD @ FOREST HILL DR,01-Non intersection,02-Thru lane,01-Clear,01-Daylight,INTERSECTION,
1182,09-073991,20090420,RUSKVIEW RD @ STONYBROOK DR,03-At intersection,01-Within intersection,02-Rain,01-Daylight,INTERSECTION,
1183,08-060614,20080520,MARINA RD @ DUCHESS AVE,04-At/near private drive,02-Thru lane,01-Clear,01-Daylight,INTERSECTION,
1184,08-041730,20080408,CLOVER PL @ FERGUS AVE,01-Non intersection,02-Thru lane,01-Clear,01-Daylight,INTERSECTION,
1185,08-124674,20080929,BROADVIEW AVE @ PROSPECT AVE,01-Non intersection,02-Thru lane,01-Clear,"02-Daylight, artificial",INTERSECTION,
1186,08-004735,20080113,INGLESIDE DR @ DALEGROVE DR,01-Non intersection,02-Thru lane,01-Clear,07-Dark,INTERSECTION,
1187,08-053321,20080504,COURTLAND AVE E @ SYDNEY ST S,01-Non intersection,09-Right shoulder,02-Rain,07-Dark,INTERSECTION,
1188,08-031736,20080315,VERONICA DR @ VERONICA DR,03-At intersection,01-Within intersection,01-Clear,01-Daylight,INTERSECTION,
1189,08-092023,20080723,LORRAINE AVE @ WIMBLETON CRES,01-Non intersection,02-Thru lane,01-Clear,"08-Dark, artificial",INTERSECTION,
1190,08-073794,20080616,GREENBROOK DR @ RUSKVIEW RD,01-Non intersection,02-Thru lane,01-Clear,01-Daylight,INTERSECTION,
1191,08-068242,20080605,MILL PARK DR @ MILL PARK PL,08-Trail,12-Off highway,01-Clear,05-Dusk,INTERSECTION,
1192,08-069189,20080607,SEABROOK DR @ FISCHER HALLMAN RD,04-At/near private drive,02-Thru lane,01-Clear,01-Daylight,INTERSECTION,
1193,08-085661,20080710,WOODBINE AVE @ SOPHIA CRES / WOODBINE CRT,02-Intersection related,02-Thru lane,01-Clear,01-Daylight,INTERSECTION,
1194,08-017177,20080101,ROLLING MEADOWS DR @ TRAILWOOD CRES,01-Non intersection,02-Thru lane,01-Clear,01-Daylight,INTERSECTION,
1195,08-133786,20081019,APPLE RIDGE DR @ WOODFIELD ST,04-At/near private drive,02-Thru lane,01-Clear,07-Dark,INTERSECTION,
1196,08-136924,20081026,BROOKFIELD CRES @ RITTENHOUSE RD,01-Non intersection,02-Thru lane,01-Clear,"08-Dark, artificial",INTERSECTION,
1197,08-040280,20080405,SIENNA CRES @ VERONA ST,02-Intersection related,02-Thru lane,01-Clear,01-Daylight,INTERSECTION,
1198,08-096495,20080801,PAULANDER DR @ VICTORIA ST S,04-At/near private drive,02-Thru lane,01-Clear,01-Daylight,INTERSECTION,
1199,08-108447,20080827,BIEHN DR @ KILKERRAN CRES,01-Non intersection,02-Thru lane,01-Clear,01-Daylight,INTERSECTION,
1200,08-011619,20080129,NATCHEZ RD @ VICTORIA ST N,01-Non intersection,02-Thru lane,01-Clear,07-Dark,INTERSECTION,
1201,08-084812,20080708,RESURRECTION DR @ UNIVERSITY AVE W,01-Non intersection,01-Within intersection,01-Clear,01-Daylight,INTERSECTION,
1202,08-137547,20081028,VICTORIA ST N @ FORWELL RD,04-At/near private drive,10-Not on roadway - left side,01-Clear,01-Daylight,INTERSECTION,
1203,08-136159,20081025,HUBER ST @ JANSEN AVE,02-Intersection related,10-Not on roadway - left side,02-Rain,"08-Dark, artificial",INTERSECTION,
1204,08-026434,20080303,HEARTHWAY ST @ HEARTHWOOD DR,01-Non intersection,02-Thru lane,01-Clear,01-Daylight,INTERSECTION,
1205,08-027615,20080306,GRAND RIVER BLVD @ CHEROKEE CRT,03-At intersection,01-Within intersection,01-Clear,07-Dark,INTERSECTION,
1206,08-017074,20080210,SWARTZ ST @ COMMONWEALTH ST,03-At intersection,01-Within intersection,01-Clear,01-Daylight,INTERSECTION,
1207,08-081798,20080702,UNION ST @ BOND ST,03-At intersection,02-Thru lane,02-Rain,01-Daylight,INTERSECTION,
1208,08-030039,20080310,WESTMOUNT RD E @ GREENBROOK DR,04-At/near private drive,02-Thru lane,01-Clear,01-Daylight,INTERSECTION,
1209,08-031720,20080314,HOLLYRIDGE CRES @ HIDDEN CREEK DR,01-Non intersection,02-Thru lane,01-Clear,01-Daylight,INTERSECTION,
1210,08-135684,20081024,DEER RIDGE DR @ DEER RIDGE CRES,01-Non intersection,02-Thru lane,01-Clear,03-Dawn,INTERSECTION,
1211,08-069073,20080606,NEW DUNDEE RD @ REIDEL DR,01-Non intersection,02-Thru lane,01-Clear,01-Daylight,INTERSECTION,
1212,08-065062,20080430,MELROSE AVE @ PANDORA AVE N,03-At intersection,01-Within intersection,01-Clear,01-Daylight,INTERSECTION,
1213,08-061469,20080522,GOUDIES LANE @ QUEEN ST N,01-Non intersection,02-Thru lane,01-Clear,01-Daylight,INTERSECTION,
1214,08-137817,20081029,GRUHN ST @ GLASGOW ST,04-At/near private drive,02-Thru lane,01-Clear,03-Dawn,INTERSECTION,
1215,08-136741,20081026,MACKIE PL @ HAMEL AVE,01-Non intersection,02-Thru lane,02-Rain,01-Daylight,INTERSECTION,
1216,08-026647,20080303,KINGSWOOD DR @ SELKIRK DR,03-At intersection,02-Thru lane,01-Clear,01-Daylight,INTERSECTION,
1217,08-050347,20080427,DIXON ST @ PLYMOUTH RD,01-Non intersection,10-Not on roadway - left side,01-Clear,"08-Dark, artificial",INTERSECTION,
1218,08-063191,20080501,HAWKSWOOD DR @ EAGLECREST ST,01-Non intersection,99-Other,01-Clear,01-Daylight,INTERSECTION,
1219,08-065608,20080531,CEDAR ST S @ COURTLAND AVE E,04-At/near private drive,02-Thru lane,01-Clear,01-Daylight,INTERSECTION,
1220,08-105580,20080821,DOON MILLS DR @ SUGARMILL CRT,01-Non intersection,12-Off highway,01-Clear,"08-Dark, artificial",INTERSECTION,
1221,08-107138,20080824,PEBBLECREEK DR @ VENTURIN ST,02-Intersection related,10-Not on roadway - left side,01-Clear,07-Dark,INTERSECTION,
1222,08-100212,20080809,HEIMAN ST @ CHARLES BEST PL,03-At intersection,11-Not on roadway - right side,01-Clear,01-Daylight,INTERSECTION,
1223,08-137116,20081027,WOODLAND AVE @ MILL ST,04-At/near private drive,02-Thru lane,02-Rain,01-Daylight,INTERSECTION,
1224,08-042491,20080410,OLYMPIC DR @ PATTANDON AVE,04-At/near private drive,02-Thru lane,01-Clear,01-Daylight,INTERSECTION,
1225,08-080333,20080629,WOODBINE AVE @ PARKVALE DR,04-At/near private drive,02-Thru lane,01-Clear,01-Daylight,INTERSECTION,
1226,08-156795,20081127,ACTIVA AVE @ SNOWDROP CRES,04-At/near private drive,09-Right shoulder,01-Clear,01-Daylight,INTERSECTION,
1227,08-119560,20080919,CARNABY CRES @ HOLBORN DR,01-Non intersection,02-Thru lane,01-Clear,"02-Daylight, artificial",INTERSECTION,
1228,08-122338,20080924,SAMUEL ST @ FAIRVIEW AVE,04-At/near private drive,02-Thru lane,01-Clear,01-Daylight,INTERSECTION,
1229,08-119008,20080918,OTTAWA ST N @ MCGEE AVE,04-At/near private drive,02-Thru lane,01-Clear,01-Daylight,INTERSECTION,
1230,08-115270,20080906,SIEBERT AVE @ CLARK AVE,04-At/near private drive,02-Thru lane,01-Clear,01-Daylight,INTERSECTION,
1231,08-162916,20081208,BROADVIEW AVE @ SHUH AVE,01-Non intersection,11-Not on roadway - right side,01-Clear,01-Daylight,INTERSECTION,
1232,08-074011,20080616,ROBERTSON CRES @ MACINTOSH PL,01-Non intersection,02-Thru lane,01-Clear,01-Daylight,INTERSECTION,
1233,08-072334,20080613,LUELLA ST @ CHESTNUT ST,01-Non intersection,02-Thru lane,01-Clear,"08-Dark, artificial",INTERSECTION,
1234,08-028914,20080312,MANSION ST @ EDNA ST,01-Non intersection,08-Left shoulder,03-Snow,"08-Dark, artificial",INTERSECTION,
1235,08-145527,20081115,KING ST W @ WELLINGTON ST N / WELLINGTON ST S,04-At/near private drive,02-Thru lane,02-Rain,01-Daylight,INTERSECTION,
1236,08-029044,20080309,THE COUNTRY WAY @ COLONY DR,01-Non intersection,02-Thru lane,01-Clear,01-Daylight,INTERSECTION,
1237,08-034797,20080322,BINSCARTH RD @ PLEASANT AVE,02-Intersection related,11-Not on roadway - right side,01-Clear,"08-Dark, artificial",INTERSECTION,
1238,08-035844,20080325,WOODHAVEN RD @ MAYWOOD RD,01-Non intersection,02-Thru lane,01-Clear,01-Daylight,INTERSECTION,
1239,08-001844,20080104,RIVER RD E @ MORGAN AVE,04-At/near private drive,02-Thru lane,01-Clear,01-Daylight,INTERSECTION,
1240,08-128989,20081007,GAGE AVE @ WESTMOUNT RD W,04-At/near private drive,02-Thru lane,01-Clear,01-Daylight,INTERSECTION,
1241,08-133372,20081018,TALBOT ST @ PATRICIA AVE,01-Non intersection,02-Thru lane,01-Clear,01-Daylight,INTERSECTION,
1242,08-119123,20080918,REICHERT DR @ NEW DUNDEE RD,01-Non intersection,11-Not on roadway - right side,01-Clear,07-Dark,INTERSECTION,
1243,08-118321,20080917,MOORE AVE @ EMMA AVE,01-Non intersection,02-Thru lane,01-Clear,07-Dark,INTERSECTION,
1244,08-004705,20080112,ROXBOROUGH AVE @ HIGHLAND RD W,01-Non intersection,11-Not on roadway - right side,01-Clear,07-Dark,INTERSECTION,
1245,08-123079,20080926,ROBERTSON CRES @ CULLODEN PL,01-Non intersection,02-Thru lane,01-Clear,01-Daylight,INTERSECTION,
1246,08-050344,20080427,ROLLING MEADOWS DR @ NEWBURY DR,01-Non intersection,11-Not on roadway - right side,01-Clear,"04-Dawn, artificial",INTERSECTION,
1247,08-075648,20080609,RIVER RD E @ CORONET LANE,01-Non intersection,02-Thru lane,01-Clear,01-Daylight,INTERSECTION,
1248,08-019818,20080215,KING ST E @ JACKSON AVE,04-At/near private drive,02-Thru lane,01-Clear,07-Dark,INTERSECTION,
1249,08-082331,20080703,TRUSSLER RD @ CORA DR,01-Non intersection,02-Thru lane,01-Clear,01-Daylight,INTERSECTION,
1250,08-069743,20080608,WESTMOUNT RD W @ WESTWOOD DR,01-Non intersection,11-Not on roadway - right side,01-Clear,01-Daylight,INTERSECTION,
1251,08-073698,20080616,RIVERLINK WAY @ KESTREL ST,01-Non intersection,02-Thru lane,01-Clear,01-Daylight,INTERSECTION,
1252,08-014192,20080203,HIGHLAND RD E @ DELAWARE AVE,04-At/near private drive,02-Thru lane,,,INTERSECTION,
1253,08-036278,20080326,HERITAGE DR @ INDIAN RD,01-Non intersection,09-Right shoulder,01-Clear,01-Daylight,INTERSECTION,
1254,08-035855,20080325,RADCLIFFE DR @ GRAYWOOD CRT,01-Non intersection,02-Thru lane,03-Snow,01-Daylight,INTERSECTION,
1255,08-113812,20080907,DALEWOOD DR @ ROSEWOOD DR,02-Intersection related,09-Right shoulder,01-Clear,07-Dark,INTERSECTION,
1256,08-132736,20081017,BAXTER PL @ SPORTSWORLD DR / PIONEER TOWER RD,01-Non intersection,02-Thru lane,01-Clear,01-Daylight,INTERSECTION,
1257,08-030791,20080314,PATRICIA AVE @ HIGHLAND RD W,04-At/near private drive,02-Thru lane,01-Clear,01-Daylight,INTERSECTION,
1258,08-051172,20080429,OLD CHICOPEE DR @ NOTCHWOOD CRT,04-At/near private drive,02-Thru lane,01-Clear,01-Daylight,INTERSECTION,
1259,08-022232,20080222,JOSEPH ST @ VICTORIA ST S,01-Non intersection,02-Thru lane,01-Clear,01-Daylight,INTERSECTION,
1260,08-013693,20080203,GUERIN AVE @ JANSEN AVE,02-Intersection related,12-Off highway,03-Snow,"08-Dark, artificial",INTERSECTION,
1261,08-047683,20080421,MILL PARK DR @ OLD MILL RD / ROOS ST,02-Intersection related,11-Not on roadway - right side,01-Clear,"08-Dark, artificial",INTERSECTION,
1262,08-093624,20080726,FAIRWAY RD N @ PEBBLECREEK DR / UPPER MERCER ST,01-Non intersection,02-Thru lane,01-Clear,07-Dark,INTERSECTION,
1263,08-144149,20081112,HIGHLAND RD W @ NORTH DR,04-At/near private drive,02-Thru lane,01-Clear,01-Daylight,INTERSECTION,
1264,08-156054,20081126,MARGARET AVE @ FAIRFIELD AVE,03-At intersection,02-Thru lane,01-Clear,"08-Dark, artificial",INTERSECTION,
1265,08-141590,20081106,STIRLING AVE N @ MELROSE AVE,04-At/near private drive,10-Not on roadway - left side,01-Clear,01-Daylight,INTERSECTION,