OBJECTID,ACCIDENTNUM,ACCIDENTDATE,LOCATION,ACCIDENT_LOCATION,IMPACT_LOCATION,ENVIRONMENT_CONDITION,LIGHT,COLLISION_TYPE,TRAFFICCOLLISIONSID
1625,14-261757,20141114,NEWCASTLE DR @ BANFFSHIRE ST,03-At intersection,01-Within intersection,03-Snow,01-Daylight,INTERSECTION,
1626,14-259066,20141111,ERINBROOK DR @ UXBRIDGE CRES,02-Intersection related,01-Within intersection,01-Clear,01-Daylight,INTERSECTION,
1627,14-259995,20141117,KINGSWOOD DR @ LUCERNE DR,02-Intersection related,01-Within intersection,03-Snow,01-Daylight,INTERSECTION,
1628,14-123162,20140603,KINGSWOOD DR @ APPALACHIAN CRES,03-At intersection,11-Not on roadway - right side,01-Clear,01-Daylight,INTERSECTION,
1629,14-086010,20140421,HURON RD @ HURON RD,02-Intersection related,02-Thru lane,01-Clear,01-Daylight,INTERSECTION,
1630,13-163161,20130715,WOOD ST @ YORK ST,02-Intersection related,02-Thru lane,01-Clear,01-Daylight,INTERSECTION,
1631,17-099687,20170509,LOCUST ST @ MANSION ST,03-At intersection,01-Within intersection,01-Clear,01-Daylight,INTERSECTION,
1632,17-108385,20170518,THE BOARDWALK @ IRA NEEDLES BLVD,02-Intersection related,04-Right turn lane,01-Clear,01-Daylight,INTERSECTION,
1633,17-085589,20170421,EDEN OAK TRAIL @ WATERVALE DR,03-At intersection,01-Within intersection,02-Rain,01-Daylight,INTERSECTION,
1634,16-172629,20160808,HURON RD @ HURON RD,03-At intersection,01-Within intersection,01-Clear,01-Daylight,INTERSECTION,
1635,16-172491,20160808,BROKEN OAK CRES @ WESTHEIGHTS DR,03-At intersection,01-Within intersection,01-Clear,01-Daylight,INTERSECTION,
1636,16-164344,20160728,RUSSEL ST @ WOODLAND AVE,03-At intersection,01-Within intersection,02-Rain,05-Dusk,INTERSECTION,
1637,16-069285,20160402,MONTCALM DR @ TECUMSEH CRES,02-Intersection related,11-Not on roadway - right side,01-Clear,"08-Dark, artificial",INTERSECTION,
1638,14-152783,20140707,STRASBURG RD @ BARWOOD CRES,02-Intersection related,02-Thru lane,01-Clear,01-Daylight,INTERSECTION,
1639,14-149604,20140703,HAWKSWOOD DR @ FALCONRIDGE DR / FALCONRIDGE CRES,02-Intersection related,02-Thru lane,01-Clear,01-Daylight,INTERSECTION,
1640,14-123256,20140603,KRUG ST @ MERNER AVE,02-Intersection related,02-Thru lane,01-Clear,01-Daylight,INTERSECTION,
1641,14-232240,20141010,RICHMOND AVE @ JOSEPH ST,02-Intersection related,02-Thru lane,01-Clear,01-Daylight,INTERSECTION,
1642,16-219592,20161004,SIENNA CRES @ VERONA ST,03-At intersection,01-Within intersection,01-Clear,01-Daylight,INTERSECTION,
1643,17-122840,20170605,PINE VALLEY DR @ APPLE RIDGE DR,02-Intersection related,02-Thru lane,02-Rain,01-Daylight,INTERSECTION,
1644,17-141366,20170627,BLOCK LINE RD @ BLOCK LINE RD,03-At intersection,01-Within intersection,02-Rain,01-Daylight,INTERSECTION,
1645,16-202328,20160913,GLEN RD @ SOUTH DR,02-Intersection related,11-Not on roadway - right side,01-Clear,"06-Dusk, artificial",INTERSECTION,
1646,17-210672,20170918,HARBER AVE @ BYRON AVE,02-Intersection related,08-Left shoulder,01-Clear,07-Dark,INTERSECTION,
1647,17-040497,20170223,ACTIVA AVE @ BRIDLEWREATH ST,03-At intersection,01-Within intersection,01-Clear,01-Daylight,INTERSECTION,
1648,17-220320,20170929,GLENDALE RD @ EAST AVE,03-At intersection,01-Within intersection,01-Clear,01-Daylight,INTERSECTION,
1649,15-207523,20150926,SEABROOK DR @ CORSICA ST,03-At intersection,01-Within intersection,01-Clear,01-Daylight,INTERSECTION,
1650,15-189742,20150905,VICTORIA ST N @ CENTENNIAL RD,02-Intersection related,02-Thru lane,01-Clear,01-Daylight,INTERSECTION,
1651,15-220248,20151013,DOON SOUTH DR @ DOON SOUTH DR,03-At intersection,01-Within intersection,02-Rain,07-Dark,INTERSECTION,
1652,16-043866,20160229,MILL ST @ MILL ST,03-At intersection,01-Within intersection,01-Clear,01-Daylight,INTERSECTION,
1653,16-110197,20160524,WILDERNESS DR @ MOUNTAIN MINT CRES / PINE MARTIN CRES,03-At intersection,01-Within intersection,01-Clear,01-Daylight,INTERSECTION,
1654,16-086462,20160424,SHANTZ LANE @ PROSPECT AVE,02-Intersection related,02-Thru lane,99-Other,99-Other,INTERSECTION,
1655,16-071529,20160405,COMMONWEALTH CRES @ COMMONWEALTH ST,02-Intersection related,02-Thru lane,01-Clear,01-Daylight,INTERSECTION,
1656,15-248558,20151119,STRASBURG RD @ RUSH MEADOW ST,02-Intersection related,02-Thru lane,01-Clear,01-Daylight,INTERSECTION,
1657,16-121409,20160606,BETTLEY CRES @ BAIRD AVE,02-Intersection related,02-Thru lane,02-Rain,01-Daylight,INTERSECTION,
1658,16-105656,20160519,KILLARNEY CRES @ ERINBROOK DR / DUNEDIN CRT,02-Intersection related,02-Thru lane,01-Clear,07-Dark,INTERSECTION,
1659,16-116170,20160531,BOND ST @ ELIZABETH ST,02-Intersection related,09-Right shoulder,01-Clear,01-Daylight,INTERSECTION,
1660,17-064647,20170326,LYNDHURST DR @ NOTTINGHAM AVE,03-At intersection,01-Within intersection,01-Clear,01-Daylight,INTERSECTION,
1661,16-129654,20160616,BRITTON PL @ FALLOWFIELD DR,02-Intersection related,02-Thru lane,01-Clear,01-Daylight,INTERSECTION,
1662,15-022179,20150130,MAITLAND ST @ WOODBINE AVE,03-At intersection,01-Within intersection,01-Clear,01-Daylight,INTERSECTION,
1663,14-224545,20140930,LINDEN AVE @ OAK ST,02-Intersection related,09-Right shoulder,02-Rain,01-Daylight,INTERSECTION,
1664,15-005275,20150108,OAKWOOD AVE @ RIDGEWOOD AVE,02-Intersection related,11-Not on roadway - right side,01-Clear,01-Daylight,INTERSECTION,
1665,15-004307,20150107,MANSION ST @ PEQUEGNAT AVE,02-Intersection related,11-Not on roadway - right side,03-Snow,01-Daylight,INTERSECTION,
1666,17-077253,20170410,REDTAIL ST @ CONDOR ST,02-Intersection related,02-Thru lane,01-Clear,01-Daylight,INTERSECTION,
1667,17-041347,20170224,KRUG ST @ TROY ST,03-At intersection,01-Within intersection,02-Rain,07-Dark,INTERSECTION,
1668,15-234331,20151101,ROBERT FERRIE DR @ THOMAS SLEE DR,02-Intersection related,99-Other,02-Rain,07-Dark,INTERSECTION,
1669,16-077974,20160412,GALLARNO CRT @ WESTWOOD DR,02-Intersection related,09-Right shoulder,01-Clear,"08-Dark, artificial",INTERSECTION,
1670,16-101861,20160512,HOMER WATSON BLVD @ HOMER WATSON BLVD,02-Intersection related,02-Thru lane,01-Clear,01-Daylight,INTERSECTION,
1671,16-101490,20160513,HUDSON CRES @ MONTCALM DR,02-Intersection related,11-Not on roadway - right side,01-Clear,01-Daylight,INTERSECTION,
1672,16-281825,20161226,RUSKVIEW RD @ SWEETBRIAR DR,02-Intersection related,02-Thru lane,04-Freezing Rain,01-Daylight,INTERSECTION,
1673,16-127950,20160614,NORTH HILL PL @ SCENIC DR,02-Intersection related,02-Thru lane,01-Clear,01-Daylight,INTERSECTION,
1674,16-184561,20160823,CARWOOD AVE @ CAYLEY CRT,03-At intersection,01-Within intersection,01-Clear,01-Daylight,INTERSECTION,
1675,16-175060,20160718,WINIFRED ST @ LANTERN ST,02-Intersection related,02-Thru lane,01-Clear,01-Daylight,INTERSECTION,
1676,16-197771,20160908,PEBBLECREEK DR @ FEENSTRA ST,03-At intersection,01-Within intersection,01-Clear,01-Daylight,INTERSECTION,
1677,16-166706,20160731,OLDFIELD DR @ FOXWOOD PL,02-Intersection related,02-Thru lane,01-Clear,01-Daylight,INTERSECTION,
1678,16-196097,20160906,GRAND CREST PL @ WILSON AVE,02-Intersection related,02-Thru lane,02-Rain,01-Daylight,INTERSECTION,
1679,15-144201,20150704,AUTUMN HILL CRES @ CRICKET HOLLOW,02-Intersection related,02-Thru lane,01-Clear,01-Daylight,INTERSECTION,
1680,15-112238,20150528,CENTENNIAL RD @ CENTENNIAL CRT,02-Intersection related,02-Thru lane,01-Clear,01-Daylight,INTERSECTION,
1681,15-043246,20150227,DENLOW ST @ NOMAD CRT,02-Intersection related,02-Thru lane,01-Clear,"08-Dark, artificial",INTERSECTION,
1682,15-024938,20150203,DOON SOUTH DR @ CRANBROOK ST,03-At intersection,01-Within intersection,01-Clear,01-Daylight,INTERSECTION,
1683,16-237451,20161027,FREDERICK ST @ EAST AVE,02-Intersection related,02-Thru lane,01-Clear,01-Daylight,INTERSECTION,
1684,16-231611,20161019,CARNABY CRES @ HOLBORN DR,03-At intersection,01-Within intersection,01-Clear,01-Daylight,INTERSECTION,
1685,15-234866,20151101,SORRENTO ST @ BIANCA CRT,02-Intersection related,02-Thru lane,01-Clear,07-Dark,INTERSECTION,
1686,15-199095,20150917,PARKVALE DR @ MAITLAND ST,02-Intersection related,02-Thru lane,01-Clear,01-Daylight,INTERSECTION,
1687,15-031911,20150212,VICTORIA ST S @ BRAMBLEWOOD ST / HIGHGATE RD,03-At intersection,01-Within intersection,01-Clear,01-Daylight,INTERSECTION,
1688,15-003455,20150106,HIGHLAND CRES @ WYCLIFFE PL,03-At intersection,11-Not on roadway - right side,01-Clear,"08-Dark, artificial",INTERSECTION,
1689,15-042490,20150227,DONNENWERTH DR @ BLEAMS RD,02-Intersection related,11-Not on roadway - right side,01-Clear,07-Dark,INTERSECTION,
1690,15-210442,20151001,GRASSWOOD ST @ WATERBEND CRES,02-Intersection related,02-Thru lane,01-Clear,01-Daylight,INTERSECTION,
1691,16-245428,20161106,COLTON CIR @ COLTON CIR,03-At intersection,01-Within intersection,01-Clear,01-Daylight,INTERSECTION,
1692,16-237094,20161027,ERINBROOK DR @ RITTENHOUSE RD,03-At intersection,01-Within intersection,02-Rain,01-Daylight,INTERSECTION,
1693,16-238330,20161028,DRIFTWOOD DR @ PARKLAND CRES,02-Intersection related,02-Thru lane,01-Clear,01-Daylight,INTERSECTION,
1694,16-229036,20161016,MARCON CRT @ WILLIAMSBURG RD,02-Intersection related,02-Thru lane,01-Clear,01-Daylight,INTERSECTION,
1695,13-142783,20130622,CREEK RIDGE ST @ FOREST CREEK DR,02-Intersection related,11-Not on roadway - right side,01-Clear,01-Daylight,INTERSECTION,
1696,14-016565,20140110,HETT AVE @ WILHELM ST,02-Intersection related,02-Thru lane,,07-Dark,INTERSECTION,
1697,14-037284,20140217,GOTTSCHEER CRT @ ASPEN AVE,03-At intersection,02-Thru lane,01-Clear,01-Daylight,INTERSECTION,
1698,16-226585,20161013,ACTIVA AVE @ SNOWDROP CRES,02-Intersection related,01-Within intersection,01-Clear,01-Daylight,INTERSECTION,
1699,15-232934,20151030,INWOOD DR @ INWOOD CRES,02-Intersection related,02-Thru lane,01-Clear,01-Daylight,INTERSECTION,
1700,16-246087,20161107,WAKE ROBIN DR @ WAKE ROBIN CRES,02-Intersection related,02-Thru lane,01-Clear,99-Other,INTERSECTION,
1701,16-255942,20161120,HURON RD @ TEMPLEWOOD DR,02-Intersection related,02-Thru lane,01-Clear,01-Daylight,INTERSECTION,
1702,16-269666,20161208,KEEWATIN AVE @ DENLOW ST,03-At intersection,01-Within intersection,01-Clear,"08-Dark, artificial",INTERSECTION,
1703,15-114873,20150531,HEINS AVE @ JUBILEE DR,03-At intersection,01-Within intersection,02-Rain,01-Daylight,INTERSECTION,
1704,16-283166,20161228,ROSS AVE @ PROSPECT AVE,03-At intersection,01-Within intersection,03-Snow,01-Daylight,INTERSECTION,
1705,17-033458,20170214,UNION ST @ MAPLE AVE,02-Intersection related,11-Not on roadway - right side,03-Snow,07-Dark,INTERSECTION,
1706,17-033854,20170212,FALCONRIDGE DR @ KESTREL ST,02-Intersection related,02-Thru lane,01-Clear,01-Daylight,INTERSECTION,
1707,16-201045,20160912,WESTFOREST TRAIL @ HIDDEN CREEK DR,03-At intersection,01-Within intersection,01-Clear,01-Daylight,INTERSECTION,
1708,13-262010,20131110,AVALON PL @ BARBARA CRES,03-At intersection,12-Off highway,02-Rain,"08-Dark, artificial",INTERSECTION,
1709,14-015931,20140121,KENORA DR @ PARKVIEW CRES,03-At intersection,02-Thru lane,01-Clear,01-Daylight,INTERSECTION,
1710,14-028622,20140206,BRIERDALE DR @ QUAISER ST,03-At intersection,02-Thru lane,01-Clear,07-Dark,INTERSECTION,
1711,14-020530,20140127,SANDRA AVE @ BELMONT AVE W,02-Intersection related,02-Thru lane,01-Clear,01-Daylight,INTERSECTION,
1712,14-021813,20140129,HOMEWOOD AVE @ QUEEN ST S,02-Intersection related,02-Thru lane,01-Clear,01-Daylight,INTERSECTION,
1713,14-071449,20140401,JACOB GINGRICH DR @ LANGTON DR,02-Intersection related,09-Right shoulder,01-Clear,01-Daylight,INTERSECTION,
1714,14-033545,20140213,PANDORA AVE N @ SIMEON ST,03-At intersection,02-Thru lane,01-Clear,01-Daylight,INTERSECTION,
1715,14-043294,20140214,BANKSIDE DR @ FISCHER HALLMAN RD,02-Intersection related,02-Thru lane,01-Clear,01-Daylight,INTERSECTION,
1716,14-018220,20140123,CRANSHAW ST @ BANFFSHIRE ST,02-Intersection related,11-Not on roadway - right side,01-Clear,07-Dark,INTERSECTION,
1717,13-277667,20131130,VALEBROOK ST @ OLD ZELLER DR,02-Intersection related,02-Thru lane,01-Clear,01-Daylight,INTERSECTION,
1718,14-028099,20140205,BORDEN AVE S @ BEDFORD RD,02-Intersection related,02-Thru lane,03-Snow,01-Daylight,INTERSECTION,
1719,14-064347,20140325,PROSPERITY DR @ FOXGLOVE CRES,02-Intersection related,02-Thru lane,01-Clear,01-Daylight,INTERSECTION,
1720,14-081390,20140415,FORESTWOOD DR @ GLEN AVON CRES,02-Intersection related,99-Other,01-Clear,07-Dark,INTERSECTION,
1721,16-131426,20160618,INTERNATIONAL PL @ WAKE ROBIN DR,02-Intersection related,02-Thru lane,01-Clear,01-Daylight,INTERSECTION,
1722,16-102922,20160515,EDWIN ST @ ELIZABETH ST,03-At intersection,01-Within intersection,01-Clear,01-Daylight,INTERSECTION,
1723,17-140991,20170626,MASSEY AVE @ BONIFACE AVE,02-Intersection related,02-Thru lane,01-Clear,01-Daylight,INTERSECTION,
1724,17-134745,20170619,MEADOW WOODS CRES @ DRIFTWOOD DR,02-Intersection related,11-Not on roadway - right side,01-Clear,01-Daylight,INTERSECTION,
1725,17-118532,20170531,DOON SOUTH DR @ DOON SOUTH DR,03-At intersection,01-Within intersection,01-Clear,07-Dark,INTERSECTION,
1726,14-045332,20140226,DOON SOUTH DR @ WOODSMERE DR,02-Intersection related,02-Thru lane,01-Clear,07-Dark,INTERSECTION,
1727,17-021958,20170127,OLD COUNTRY DR @ CEDARHILL CRES,02-Intersection related,02-Thru lane,03-Snow,"08-Dark, artificial",INTERSECTION,
1728,17-013882,20170119,PINNACLE DR @ THOMAS SLEE DR,02-Intersection related,10-Not on roadway - left side,01-Clear,07-Dark,INTERSECTION,
1729,16-278682,20161221,QUEENS BLVD @ QUEENS BLVD,02-Intersection related,02-Thru lane,01-Clear,01-Daylight,INTERSECTION,
1730,17-049033,20170306,BYRON AVE @ MAYWOOD RD,02-Intersection related,02-Thru lane,01-Clear,01-Daylight,INTERSECTION,
1731,16-196878,20160907,SHERWOOD AVE @ CAMBRIDGE AVE,02-Intersection related,02-Thru lane,01-Clear,01-Daylight,INTERSECTION,
1732,16-186578,20160826,WESTHEIGHTS DR @ DRIFTWOOD DR,03-At intersection,01-Within intersection,01-Clear,01-Daylight,INTERSECTION,
1733,13-285431,20131210,VICTORIA ST S @ MONTE CARLO ST / FENWICK CRT,02-Intersection related,02-Thru lane,01-Clear,01-Daylight,INTERSECTION,
1734,13-271579,20131122,ARLINGTON BLVD @ WEBER ST E,02-Intersection related,06-Two-way left turn lane,02-Rain,01-Daylight,INTERSECTION,
1735,17-165632,20170725,LANCASTER ST W @ BREITHAUPT ST,02-Intersection related,02-Thru lane,01-Clear,01-Daylight,INTERSECTION,
1736,17-291160,20171225,NEWCASTLE DR @ ROCKCLIFFE DR,02-Intersection related,02-Thru lane,03-Snow,05-Dusk,INTERSECTION,
1737,17-264809,20171122,ERINBROOK DR @ HIGHCROFT CRT,03-At intersection,01-Within intersection,03-Snow,01-Daylight,INTERSECTION,
1738,17-274904,20171127,STIRLING AVE S @ STIRLING LANE,03-At intersection,01-Within intersection,01-Clear,01-Daylight,INTERSECTION,
1739,13-297031,20131224,SHERWOOD AVE @ ISLINGTON AVE,03-At intersection,02-Thru lane,01-Clear,01-Daylight,INTERSECTION,
1740,13-287754,20131212,MILL PARK DR @ GREEN VALLEY DR,03-At intersection,02-Thru lane,01-Clear,01-Daylight,INTERSECTION,
1741,13-288198,20131214,HICKSON DR @ CRAIG DR,03-At intersection,01-Within intersection,03-Snow,01-Daylight,INTERSECTION,
1742,14-109824,20140519,LOWER MERCER ST @ WOOLNER TRAIL,02-Intersection related,02-Thru lane,01-Clear,01-Daylight,INTERSECTION,
1743,15-090814,20150501,ROSEDALE AVE @ SYDNEY ST N,02-Intersection related,09-Right shoulder,01-Clear,01-Daylight,INTERSECTION,
1744,13-005918,20130108,LOUISA ST btwn WATERLOO ST & DUKE ST W,04-At/near private drive,02-Thru lane,01-Clear,01-Daylight,MIDBLOCK,
1745,13-093002,20130426,KING ST W btwn ONTARIO ST S & YOUNG ST,04-At/near private drive,09-Right shoulder,01-Clear,01-Daylight,MIDBLOCK,
1746,13-098679,20130503,PINNACLE DR btwn CONESTOGA COLLEGE BLVD & PINE HILL PL,02-Intersection related,11-Not on roadway - right side,01-Clear,"08-Dark, artificial",MIDBLOCK,
1747,13-097000,20130501,ROBERT FERRIE DR btwn ROBERT FERRIE DR & SOUTH CREEK DR,01-Non intersection,02-Thru lane,01-Clear,01-Daylight,MIDBLOCK,
1748,13-079044,20130409,FAIRWAY RD N btwn FAIRWAY RD N & OLD ZELLER DR,01-Non intersection,02-Thru lane,02-Rain,01-Daylight,MIDBLOCK,
1749,13-062264,20130319,FRANKLIN ST N btwn DREGER AVE & OTTAWA ST N,01-Non intersection,04-Right turn lane,03-Snow,05-Dusk,MIDBLOCK,
1750,13-060288,20130316,SELKIRK DR btwn SELKIRK CRT & GENEVA CRES,04-At/near private drive,02-Thru lane,01-Clear,01-Daylight,MIDBLOCK,
1751,13-096260,20130430,LANG CRES btwn LANCASTER ST W & HORIZON CRT,01-Non intersection,02-Thru lane,01-Clear,01-Daylight,MIDBLOCK,
1752,13-103370,20130507,PINNACLE DR btwn AMHERST DR & DOON VALLEY DR,04-At/near private drive,02-Thru lane,01-Clear,01-Daylight,MIDBLOCK,
1753,13-095726,20130429,EDWIN ST btwn ELIZABETH ST & UNION ST,04-At/near private drive,09-Right shoulder,02-Rain,01-Daylight,MIDBLOCK,
1754,13-093071,20130426,MEADOW WOODS CRES btwn DRIFTWOOD DR & ROLLING MEADOWS DR,01-Non intersection,02-Thru lane,01-Clear,01-Daylight,MIDBLOCK,
1755,13-110712,20130516,RIVER RD E btwn ROSEMOUNT DR & ISLINGTON AVE,04-At/near private drive,02-Thru lane,01-Clear,01-Daylight,MIDBLOCK,
1756,13-004056,20130106,STRASBURG RD btwn BATTLER RD & HURON RD,01-Non intersection,08-Left shoulder,03-Snow,07-Dark,MIDBLOCK,
1757,13-035466,20130214,FREY CRES btwn HELENA FEASBY ST & HELENA FEASBY ST,04-At/near private drive,02-Thru lane,01-Clear,01-Daylight,MIDBLOCK,
1758,13-026617,20130202,GOLFVIEW PL btwn UNION BLVD & CUL DE SAC,04-At/near private drive,09-Right shoulder,03-Snow,"02-Daylight, artificial",MIDBLOCK,
1759,13-030869,20130208,SUNNY MEADOW CRT btwn BANKSIDE DR & CUL DE SAC,99-Other,12-Off highway,03-Snow,01-Daylight,MIDBLOCK,
1760,13-068922,20130327,BALZER RD btwn COURTLAND AVE E & END,04-At/near private drive,09-Right shoulder,01-Clear,01-Daylight,MIDBLOCK,
1761,13-065651,20130324,RIVER RD E btwn HALLIWELL DR & LORRAINE AVE,01-Non intersection,02-Thru lane,01-Clear,"08-Dark, artificial",MIDBLOCK,
1762,13-009920,20130113,MORRISON RD btwn GRAND RIVER BLVD & QUINTE CRES,01-Non intersection,10-Not on roadway - left side,02-Rain,"08-Dark, artificial",MIDBLOCK,
1763,13-053992,20130309,SIMEON ST btwn FREDERICK ST & BINGEMAN ST,04-At/near private drive,09-Right shoulder,01-Clear,01-Daylight,MIDBLOCK,
1764,13-009957,20130112,COPPER LEAF ST btwn COTTON GRASS ST & LEMONBALM ST,04-At/near private drive,11-Not on roadway - right side,,,MIDBLOCK,
1765,13-056046,20130311,HURON RD btwn HURON RD & STRASBURG RD,01-Non intersection,11-Not on roadway - right side,,,MIDBLOCK,
1766,13-060990,20130318,FALLOWFIELD DR btwn FALLVIEW ST & BLEAMS RD,01-Non intersection,11-Not on roadway - right side,01-Clear,01-Daylight,MIDBLOCK,
1767,13-066929,20130325,GRASSWOOD ST btwn WATERBEND CRES & WATERBEND CRES,04-At/near private drive,02-Thru lane,01-Clear,01-Daylight,MIDBLOCK,
1768,13-069635,20130329,HOMER WATSON BLVD btwn STIRLING AVE S & HOFFMAN ST,01-Non intersection,02-Thru lane,01-Clear,01-Daylight,MIDBLOCK,
1769,13-041353,20130221,DRIFTWOOD DR btwn YELLOW BIRCH DR & DRIFTWOOD PL,01-Non intersection,02-Thru lane,01-Clear,07-Dark,MIDBLOCK,
1770,13-005771,20130108,GAGE AVE btwn BELMONT AVE W & WESTMOUNT RD W,01-Non intersection,02-Thru lane,01-Clear,01-Daylight,MIDBLOCK,
1771,13-004006,20130106,PARKVALE DR btwn BIANCA CRT & WOODBINE AVE,04-At/near private drive,11-Not on roadway - right side,03-Snow,"08-Dark, artificial",MIDBLOCK,
1772,13-024761,20130131,PARKVALE DR btwn FEATHERSTONE ST & HURON RD,04-At/near private drive,02-Thru lane,03-Snow,01-Daylight,MIDBLOCK,
1773,13-029629,20130206,CYPRUS DR btwn WARREN RD & RUSSET PL,04-At/near private drive,02-Thru lane,01-Clear,01-Daylight,MIDBLOCK,
1774,13-031584,20130207,COUNTRY HILL DR btwn CEDARHILL CRES & OLD COUNTRY DR,04-At/near private drive,02-Thru lane,03-Snow,05-Dusk,MIDBLOCK,
1775,13-052190,20130307,OLD ZELLER DR btwn ZELLER DR & VALEBROOK ST,04-At/near private drive,02-Thru lane,03-Snow,01-Daylight,MIDBLOCK,
1776,13-046418,20130228,STIRLING AVE N btwn KING ST E & WEBER ST E,01-Non intersection,11-Not on roadway - right side,03-Snow,07-Dark,MIDBLOCK,
1777,13-038021,20130204,RIVERBEND DR btwn GUELPH ST & BRIDGEPORT RD,04-At/near private drive,02-Thru lane,01-Clear,01-Daylight,MIDBLOCK,
1778,13-016181,20130120,WOODHAVEN RD btwn MAYWOOD RD & REYBURN AVE,04-At/near private drive,12-Off highway,03-Snow,01-Daylight,MIDBLOCK,
1779,13-008345,20130111,WEICHEL ST btwn BELTON DR & VICTORIA ST S,04-At/near private drive,08-Left shoulder,02-Rain,01-Daylight,MIDBLOCK,
1780,13-122156,20130529,LYNDHURST DR btwn NOTTINGHAM AVE & DEERFIELD AVE,04-At/near private drive,02-Thru lane,01-Clear,01-Daylight,MIDBLOCK,
1781,13-101756,20130506,DEERWOOD CRES btwn ROYAL ORCHARD DR & ROYAL ORCHARD DR,04-At/near private drive,02-Thru lane,01-Clear,01-Daylight,MIDBLOCK,
1782,13-016788,20130120,APPLE RIDGE DR btwn DOON MILLS DR & OAKDALE CRT,04-At/near private drive,09-Right shoulder,02-Rain,01-Daylight,MIDBLOCK,
1783,13-016656,20130120,JANSEN AVE btwn GUERIN AVE & FAIRWAY RD N,01-Non intersection,09-Right shoulder,03-Snow,01-Daylight,MIDBLOCK,
1784,13-015043,20130118,VICMOUNT DR btwn WESTMOUNT RD W & VICTORIA ST S,04-At/near private drive,02-Thru lane,03-Snow,"06-Dusk, artificial",MIDBLOCK,
1785,13-022894,20130129,FREDERICK ST btwn RIVER RD E & TURNER AVE,01-Non intersection,02-Thru lane,04-Freezing Rain,01-Daylight,MIDBLOCK,
1786,13-026284,20130202,REIDEL DR btwn STAUFFER DR & NEW DUNDEE RD,01-Non intersection,11-Not on roadway - right side,03-Snow,01-Daylight,MIDBLOCK,
1787,13-015866,20130120,DOON SOUTH DR btwn FOREST EDGE TRAIL & DOON SOUTH DR,01-Non intersection,10-Not on roadway - left side,03-Snow,07-Dark,MIDBLOCK,
1788,13-025672,20130201,DOON VILLAGE RD btwn HOMER WATSON BLVD & MILLWOOD CRES,04-At/near private drive,02-Thru lane,03-Snow,07-Dark,MIDBLOCK,
1789,13-006622,20130109,PATRICIA AVE btwn SPADINA RD W & HIGHLAND RD W,04-At/near private drive,02-Thru lane,01-Clear,01-Daylight,MIDBLOCK,
1790,13-070940,20130330,WELLINGTON ST N btwn LANCASTER ST W & PATRICK ST,01-Non intersection,02-Thru lane,01-Clear,01-Daylight,MIDBLOCK,
1791,13-001868,20130101,WREN CRES btwn WAYNE DR & WREN PL,04-At/near private drive,02-Thru lane,01-Clear,"08-Dark, artificial",MIDBLOCK,
1792,13-072625,20130401,OLD CHICOPEE DR btwn NOTCHWOOD CRT & EDENBRIDGE DR,04-At/near private drive,02-Thru lane,01-Clear,01-Daylight,MIDBLOCK,
1793,13-188647,20130814,WILSON AVE btwn KINGSWAY DR & FAIRWAY RD S,04-At/near private drive,02-Thru lane,01-Clear,01-Daylight,MIDBLOCK,
1794,13-157062,20130708,LAWRENCE AVE btwn HIGHLAND RD W & PAULANDER DR,04-At/near private drive,02-Thru lane,02-Rain,01-Daylight,MIDBLOCK,
1795,13-019051,20130122,WOOD ST btwn PARK ST & YORK ST,04-At/near private drive,02-Thru lane,01-Clear,01-Daylight,MIDBLOCK,
1796,13-018829,20130124,SHOEMAKER ST btwn STRASBURG RD & TRILLIUM DR,04-At/near private drive,11-Not on roadway - right side,01-Clear,"08-Dark, artificial",MIDBLOCK,
1797,13-018176,20130123,WOODFIELD CRT btwn WOODFIELD ST & END,01-Non intersection,09-Right shoulder,01-Clear,01-Daylight,MIDBLOCK,