OBJECTID,ACCIDENTNUM,ACCIDENTDATE,LOCATION,ACCIDENT_LOCATION,IMPACT_LOCATION,ENVIRONMENT_CONDITION,LIGHT,COLLISION_TYPE,TRAFFICCOLLISIONSID
2124,12-218835,20120915,COTTON GRASS ST btwn ACTIVA AVE & COPPER LEAF ST,01-Non intersection,09-Right shoulder,01-Clear,"08-Dark, artificial",MIDBLOCK,
2125,12-258299,20121101,KESSELRING DR btwn COUNTRYSIDE CRES & KESSELRING CRT,04-At/near private drive,02-Thru lane,01-Clear,01-Daylight,MIDBLOCK,
2126,12-024378,20120131,ZELLER DR btwn ZELLER CRES & PEBBLECREEK DR,01-Non intersection,02-Thru lane,01-Clear,01-Daylight,MIDBLOCK,
2127,12-035126,20120213,IDLE CREEK DR btwn BRIARFIELD CRT & FAIRWAY CRES,01-Non intersection,99-Other,01-Clear,01-Daylight,MIDBLOCK,
2128,12-061366,20120316,HOMER WATSON BLVD btwn OTTAWA ST S & HANSON AVE,01-Non intersection,02-Thru lane,01-Clear,01-Daylight,MIDBLOCK,
2129,12-198747,20120824,OLYMPIC DR btwn PATTANDON AVE & HOFFMAN ST,01-Non intersection,10-Not on roadway - left side,01-Clear,01-Daylight,MIDBLOCK,
2130,12-195165,20120819,WINDING WOOD CRES btwn CREST HAVEN ST & CREST HAVEN ST,04-At/near private drive,09-Right shoulder,01-Clear,01-Daylight,MIDBLOCK,
2131,12-158240,20120707,LORNE AVE btwn MAUSSER AVE & GOTTSCHEER CRT,04-At/near private drive,02-Thru lane,01-Clear,01-Daylight,MIDBLOCK,
2132,12-300068,20121228,WESTWOOD DR btwn WESTMOUNT RD W & INWOOD DR,04-At/near private drive,02-Thru lane,01-Clear,01-Daylight,MIDBLOCK,
2133,12-297893,20121223,SUGAR MAPLE ST btwn HIGHVIEW DR & CEDAR CREST ST,04-At/near private drive,02-Thru lane,01-Clear,05-Dusk,MIDBLOCK,
2134,12-282401,20121202,HERLAN AVE btwn WALNUT ST & STRANGE ST,04-At/near private drive,02-Thru lane,02-Rain,"08-Dark, artificial",MIDBLOCK,
2135,12-126755,20120529,WELLINGTON ST N btwn WEBER ST W & AHRENS ST W,04-At/near private drive,09-Right shoulder,01-Clear,01-Daylight,MIDBLOCK,
2136,12-058773,20120312,BUSH CLOVER CRES btwn ACTIVA AVE & HACKBERRY ST,04-At/near private drive,08-Left shoulder,02-Rain,01-Daylight,MIDBLOCK,
2137,12-044457,20120224,STOKE DR btwn TRELAWNEY ST & LENNOX CRES,01-Non intersection,08-Left shoulder,03-Snow,07-Dark,MIDBLOCK,
2138,12-262988,20121107,LOUISA ST btwn WEBER ST W & AHRENS ST W,04-At/near private drive,02-Thru lane,01-Clear,01-Daylight,MIDBLOCK,
2139,12-260360,20121104,POMPEII ST btwn WOODBINE AVE & SORRENTO ST,04-At/near private drive,10-Not on roadway - left side,01-Clear,"08-Dark, artificial",MIDBLOCK,
2140,12-059945,20120314,FRANKLIN ST S btwn KINGSWAY DR & CONNAUGHT ST,01-Non intersection,09-Right shoulder,01-Clear,"08-Dark, artificial",MIDBLOCK,
2141,12-044278,20120224,BLOCK LINE RD btwn STRASBURG RD & COUNTRY HILL DR,01-Non intersection,02-Thru lane,04-Freezing Rain,05-Dusk,MIDBLOCK,
2142,12-046240,20120227,RIVER RD E btwn GIBSON DR & HICKSON DR,02-Intersection related,02-Thru lane,01-Clear,01-Daylight,MIDBLOCK,
2143,12-116283,20120519,SOUTHWOOD DR btwn DEVONGLEN DR & SOUTHWOOD CRT,04-At/near private drive,02-Thru lane,01-Clear,01-Daylight,MIDBLOCK,
2144,12-102585,20120503,QUEENS BLVD btwn FISCHER HALLMAN RD & ELM RIDGE DR,04-At/near private drive,02-Thru lane,01-Clear,01-Daylight,MIDBLOCK,
2145,12-084076,20120412,EIGHTH AVE btwn KINGSWAY DR & CONNAUGHT ST,04-At/near private drive,10-Not on roadway - left side,01-Clear,"08-Dark, artificial",MIDBLOCK,
2146,12-085947,20120414,SYDNEY ST S btwn DELTA ST & NYBERG ST,01-Non intersection,11-Not on roadway - right side,01-Clear,07-Dark,MIDBLOCK,
2147,12-120789,20120524,GLASGOW ST btwn IRA NEEDLES BLVD & HIGHLAND RD W,01-Non intersection,09-Right shoulder,01-Clear,"08-Dark, artificial",MIDBLOCK,
2148,12-147814,20120624,CHURCH ST btwn BENTON ST & PETER ST,04-At/near private drive,09-Right shoulder,01-Clear,07-Dark,MIDBLOCK,
2149,12-137889,20120613,GRAY ST btwn EBYDALE DR & CASEY DR,01-Non intersection,02-Thru lane,01-Clear,01-Daylight,MIDBLOCK,
2150,12-148629,20120625,HEARTHBRIDGE ST btwn HEARTHWOOD CRES & END,04-At/near private drive,02-Thru lane,01-Clear,01-Daylight,MIDBLOCK,
2151,12-156478,20120704,CHURCH ST btwn QUEEN ST S & BENTON ST,04-At/near private drive,09-Right shoulder,01-Clear,01-Daylight,MIDBLOCK,
2152,12-207647,20120902,OLD ZELLER DR btwn EDEN OAK TRL & PEBBLECREEK DR,04-At/near private drive,09-Right shoulder,01-Clear,01-Daylight,MIDBLOCK,
2153,12-217366,20120914,WOODHAVEN RD btwn WILSON AVE & BYRON AVE,04-At/near private drive,09-Right shoulder,01-Clear,01-Daylight,MIDBLOCK,
2154,12-033888,20120211,QUEENS BLVD btwn SILVERSPRING CRES & EAGEN DR,01-Non intersection,11-Not on roadway - right side,01-Clear,01-Daylight,MIDBLOCK,
2155,12-017791,20120122,VANIER DR btwn SHELLEY DR & SIEBERT AVE,01-Non intersection,02-Thru lane,01-Clear,07-Dark,MIDBLOCK,
2156,12-033645,20120211,INDIAN RD btwn MONTCALM DR & MCGEE AVE,01-Non intersection,02-Thru lane,02-Rain,01-Daylight,MIDBLOCK,
2157,12-033903,20120211,PIONEER DR btwn OLD CARRIAGE DR & BECHTEL DR,01-Non intersection,11-Not on roadway - right side,01-Clear,01-Daylight,MIDBLOCK,
2158,12-225684,20120923,CHANTILLY ST btwn ROCHEFORT ST & MAITLAND ST,01-Non intersection,02-Thru lane,01-Clear,01-Daylight,MIDBLOCK,
2159,12-166809,20120702,CHESTNUT ST btwn LUELLA ST & MANSION ST,04-At/near private drive,09-Right shoulder,01-Clear,01-Daylight,MIDBLOCK,
2160,12-252664,20121025,WILSON AVE btwn GOODRICH DR & WABANAKI DR,04-At/near private drive,02-Thru lane,01-Clear,01-Daylight,MIDBLOCK,
2161,12-252700,20121025,MILL ST btwn BORDEN PKY & MILL ST,04-At/near private drive,09-Right shoulder,01-Clear,01-Daylight,MIDBLOCK,
2162,12-254267,20121027,LEWIS CRES btwn MANOR DR & MANOR DR,04-At/near private drive,09-Right shoulder,02-Rain,01-Daylight,MIDBLOCK,
2163,12-117876,20120519,PARKLAND CRES btwn DRIFTWOOD DR & DRIFTWOOD DR,04-At/near private drive,09-Right shoulder,01-Clear,01-Daylight,MIDBLOCK,
2164,12-264505,20121108,RIVERVIEW PL btwn SHIRLEY DR & CUL DE SAC,10-Parking lot,12-Off highway,01-Clear,01-Daylight,MIDBLOCK,
2165,12-268467,20121111,COUNTRY CLAIR ST btwn PEBBLECREEK DR & COUNTRY CLAIR PL,04-At/near private drive,02-Thru lane,01-Clear,01-Daylight,MIDBLOCK,
2166,12-046047,20120224,WINIFRED ST btwn DEER RIDGE DR & LANTERN ST,04-At/near private drive,02-Thru lane,03-Snow,07-Dark,MIDBLOCK,
2167,12-130290,20120605,HURON RD btwn STRASBURG RD & NEWCASTLE DR,01-Non intersection,11-Not on roadway - right side,01-Clear,01-Daylight,MIDBLOCK,
2168,12-133778,20120609,CHAMPLAIN CRES btwn CHAMPLAIN CRT & CARSON DR,01-Non intersection,09-Right shoulder,01-Clear,07-Dark,MIDBLOCK,
2169,12-219842,20120917,PLAINS RD btwn HURON RD & FISCHER HALLMAN RD,01-Non intersection,02-Thru lane,01-Clear,03-Dawn,MIDBLOCK,
2170,12-169501,20120720,PARKVALE DR btwn WOODBINE AVE & MAITLAND ST,04-At/near private drive,09-Right shoulder,01-Clear,01-Daylight,MIDBLOCK,
2171,12-114984,20120514,KRUG ST btwn SIMEON ST & LYDIA ST,04-At/near private drive,02-Thru lane,01-Clear,01-Daylight,MIDBLOCK,
2172,12-071039,20120325,SAMUEL ST btwn KRUG ST & CAMERON ST N,04-At/near private drive,09-Right shoulder,01-Clear,07-Dark,MIDBLOCK,
2173,12-039492,20120218,ARMENIAN CRT btwn PINE VALLEY DR & END,04-At/near private drive,10-Not on roadway - left side,03-Snow,01-Daylight,MIDBLOCK,
2174,12-036991,20120211,PATHFINDER CRES btwn BECHTEL DR & PATHFINDER CRES,04-At/near private drive,09-Right shoulder,01-Clear,01-Daylight,MIDBLOCK,
2175,12-042372,20120222,ROBERT FERRIE DR btwn MOSSGROVE DR & SOUTHRIDGE DR,01-Non intersection,02-Thru lane,01-Clear,01-Daylight,MIDBLOCK,
2176,12-173435,20120725,VILLAGE RD btwn WESTMOUNT RD E & VILLAGE CRES,04-At/near private drive,02-Thru lane,01-Clear,01-Daylight,MIDBLOCK,
2177,12-176981,20120729,UNION ST btwn MAPLEWOOD PL & ST LEGER ST,04-At/near private drive,02-Thru lane,01-Clear,01-Daylight,MIDBLOCK,
2178,12-177289,20120729,WAKE ROBIN DR btwn WINDFLOWER DR & WAKE ROBIN CRES,04-At/near private drive,02-Thru lane,01-Clear,05-Dusk,MIDBLOCK,
2179,12-072236,20120328,PARK ST btwn STRANGE ST & GLASGOW ST,04-At/near private drive,02-Thru lane,01-Clear,01-Daylight,MIDBLOCK,
2180,12-070232,20120323,STANLEY AVE btwn INGE CRT & MARISA ST,04-At/near private drive,09-Right shoulder,01-Clear,01-Daylight,MIDBLOCK,
2181,12-068701,20120321,BIG SPRINGS CRT btwn HENHOEFFER CRES & CUL DE SAC,04-At/near private drive,02-Thru lane,01-Clear,"08-Dark, artificial",MIDBLOCK,
2182,12-157419,20120706,GREENDALE CRES btwn MORGAN AVE & MORGAN AVE,04-At/near private drive,09-Right shoulder,01-Clear,01-Daylight,MIDBLOCK,
2183,12-185175,20120804,KARN ST btwn LAWRENCE AVE & ALICE AVE,04-At/near private drive,09-Right shoulder,01-Clear,07-Dark,MIDBLOCK,
2184,12-182401,20120804,ROCKWAY DR btwn DOON RD & DIXON ST,04-At/near private drive,02-Thru lane,01-Clear,07-Dark,MIDBLOCK,
2185,12-254960,20121028,OLD COUNTRY DR btwn CENTURY HILL DR & STRASBURG RD,01-Non intersection,09-Right shoulder,01-Clear,"06-Dusk, artificial",MIDBLOCK,
2186,12-104082,20120505,DEER RIDGE DR btwn TERRACE WOOD CRES & SPRING MIST DR,04-At/near private drive,02-Thru lane,01-Clear,01-Daylight,MIDBLOCK,
2187,12-213689,20120906,MARISA ST btwn STANLEY AVE & INGE CRT,01-Non intersection,11-Not on roadway - right side,02-Rain,07-Dark,MIDBLOCK,
2188,12-193165,20120817,HARCOURT CRES btwn MILLWOOD CRES & MILLWOOD CRES,04-At/near private drive,02-Thru lane,01-Clear,"08-Dark, artificial",MIDBLOCK,
2189,12-242626,20121013,COPPER LEAF CRES btwn MAX BECKER DR & MAX BECKER DR,01-Non intersection,10-Not on roadway - left side,01-Clear,"08-Dark, artificial",MIDBLOCK,
2190,12-262007,20121106,GREEN VALLEY DR btwn MILL PARK DR & PIONEER DR,04-At/near private drive,10-Not on roadway - left side,01-Clear,01-Daylight,MIDBLOCK,
2191,12-265191,20121110,QUEENS BLVD btwn WARREN RD & KELLY DR,04-At/near private drive,02-Thru lane,01-Clear,01-Daylight,MIDBLOCK,
2192,12-166853,20120717,UNDERHILL CRES btwn GRAND RIVER BLVD & GRAND RIVER BLVD,04-At/near private drive,02-Thru lane,01-Clear,01-Daylight,MIDBLOCK,
2193,12-094223,20120423,CHANDLER DR btwn ELMSDALE DR & LEACREST CRT,01-Non intersection,02-Thru lane,03-Snow,01-Daylight,MIDBLOCK,
2194,12-000970,20120102,TRILLIUM DR btwn MCINTYRE DR & BLEAMS RD,01-Non intersection,11-Not on roadway - right side,03-Snow,01-Daylight,MIDBLOCK,
2195,12-000964,20120102,SIEBERT AVE btwn CLARK AVE & VANIER DR,01-Non intersection,11-Not on roadway - right side,03-Snow,01-Daylight,MIDBLOCK,
2196,12-131600,20120606,WILSON AVE btwn GRAND CREST PL & END,08-Trail,12-Off highway,01-Clear,01-Daylight,MIDBLOCK,
2197,12-136477,20120611,CHANDOS DR btwn CHANDOS CRT & GRAND RIVER BLVD,04-At/near private drive,09-Right shoulder,01-Clear,01-Daylight,MIDBLOCK,
2198,12-080724,20120407,HIGHLAND CRES btwn WYCLIFFE PL & HIGHLAND RD W,04-At/near private drive,11-Not on roadway - right side,01-Clear,"08-Dark, artificial",MIDBLOCK,
2199,12-036736,20120214,EAST AVE btwn CHAPEL ST & KRUG ST,04-At/near private drive,02-Thru lane,01-Clear,01-Daylight,MIDBLOCK,
2200,12-037524,20120216,HURON RD btwn AMAND DR & TRUSSLER RD,04-At/near private drive,08-Left shoulder,01-Clear,01-Daylight,MIDBLOCK,
2201,12-027287,20120203,RUSSEL ST btwn SPADINA RD E & WOODLAND AVE,04-At/near private drive,02-Thru lane,01-Clear,01-Daylight,MIDBLOCK,
2202,12-300277,20121228,MELROSE AVE btwn GLENDALE RD & PANDORA AVE N,04-At/near private drive,09-Right shoulder,01-Clear,01-Daylight,MIDBLOCK,
2203,12-288281,20121210,DIXON ST btwn CARLIN AVE & CARWOOD AVE,01-Non intersection,02-Thru lane,01-Clear,"08-Dark, artificial",MIDBLOCK,
2204,12-184422,20120807,BELMONT AVE W btwn ARGYLE ST & BELMONT LANE E,01-Non intersection,02-Thru lane,01-Clear,01-Daylight,MIDBLOCK,
2205,12-244385,20121012,REYBURN AVE btwn WOODHAVEN RD & TRAYNOR AVE,04-At/near private drive,09-Right shoulder,01-Clear,01-Daylight,MIDBLOCK,
2206,12-239308,20121006,MORRISON RD btwn QUINTE CRES & GRAND RIVER BLVD,04-At/near private drive,02-Thru lane,01-Clear,01-Daylight,MIDBLOCK,
2207,12-239148,20121008,ST JEROME CRES btwn ST JEROME AVE & ST JEROME CRES,04-At/near private drive,09-Right shoulder,01-Clear,01-Daylight,MIDBLOCK,
2208,12-240105,20121002,EDNA ST btwn FREDERICK ST & DUMFRIES AVE,04-At/near private drive,02-Thru lane,01-Clear,01-Daylight,MIDBLOCK,
2209,12-162582,20120704,WARWICK CRT btwn ERINBROOK DR & CUL DE SAC,04-At/near private drive,09-Right shoulder,01-Clear,01-Daylight,MIDBLOCK,
2210,12-167118,20120717,MADISON AVE N btwn DUKE ST E & WEBER ST E,04-At/near private drive,09-Right shoulder,01-Clear,07-Dark,MIDBLOCK,
2211,12-018564,20120124,HUCK CRES btwn HIGHGATE RD & UDVARI CRES,04-At/near private drive,02-Thru lane,01-Clear,01-Daylight,MIDBLOCK,
2212,12-019745,20120125,WEBSTER RD btwn WILSON AVE & MANITOU DR,04-At/near private drive,02-Thru lane,01-Clear,01-Daylight,MIDBLOCK,
2213,12-018630,20120121,TALBOT ST btwn BELMONT AVE W & LAWRENCE AVE,04-At/near private drive,02-Thru lane,01-Clear,01-Daylight,MIDBLOCK,
2214,12-126470,20120531,WILKINS DR btwn WILLIAMSBURG RD & PINEDALE DR,04-At/near private drive,02-Thru lane,01-Clear,01-Daylight,MIDBLOCK,
2215,12-120354,20120521,KARN ST btwn ALICE AVE & WEICHEL ST,04-At/near private drive,02-Thru lane,01-Clear,01-Daylight,MIDBLOCK,
2216,12-115151,20120514,ADELAIDE ST btwn PATRICIA AVE & BELMONT AVE W,04-At/near private drive,09-Right shoulder,01-Clear,01-Daylight,MIDBLOCK,
2217,12-102480,20120502,BLACK WALNUT DR btwn CARLYLE DR & BIEHN DR,04-At/near private drive,09-Right shoulder,01-Clear,01-Daylight,MIDBLOCK,
2218,12-298868,20121226,WOODBINE AVE btwn POMPEII ST & BRITTANIA CRES,01-Non intersection,10-Not on roadway - left side,01-Clear,01-Daylight,MIDBLOCK,
2219,12-257829,20121101,BRIAR KNOLL DR btwn CALMCREST DR & BRIAR KNOLL PL,01-Non intersection,09-Right shoulder,02-Rain,"08-Dark, artificial",MIDBLOCK,
2220,12-163339,20120713,BLUCHER BLVD btwn ST LEGER ST & EDWIN ST,04-At/near private drive,02-Thru lane,01-Clear,01-Daylight,MIDBLOCK,
2221,12-167412,20120717,OAK ST btwn LINDEN AVE & VICTORIA ST S,04-At/near private drive,09-Right shoulder,01-Clear,01-Daylight,MIDBLOCK,
2222,12-125523,20120529,EDWIN ST btwn HILLVIEW ST & BLUCHER BLVD,04-At/near private drive,09-Right shoulder,01-Clear,01-Daylight,MIDBLOCK,
2223,12-111001,20120513,TRAYNOR AVE btwn BALFOUR CRES & BELWOOD CRES,04-At/near private drive,02-Thru lane,01-Clear,01-Daylight,MIDBLOCK,
2224,12-015366,20120119,WATERLOO ST btwn GUELPH ST & PELTZ AVE,01-Non intersection,11-Not on roadway - right side,03-Snow,01-Daylight,MIDBLOCK,
2225,12-086440,20120414,SIEBERT AVE btwn WOODHAVEN RD & CLARK AVE,01-Non intersection,02-Thru lane,01-Clear,01-Daylight,MIDBLOCK,
2226,12-289584,20121212,HOHNER AVE btwn LANCASTER ST E & SAMUEL ST,01-Non intersection,02-Thru lane,01-Clear,01-Daylight,MIDBLOCK,
2227,12-300789,20121229,FALLOWFIELD DR btwn BRITTON PL & JOSHUA ST,04-At/near private drive,02-Thru lane,01-Clear,01-Daylight,MIDBLOCK,
2228,12-298484,20121225,SCHNEIDER AVE btwn DAVID ST & END,04-At/near private drive,02-Thru lane,01-Clear,01-Daylight,MIDBLOCK,
2229,12-218993,20120916,BLACKHORNE DR btwn STRASBURG RD & BLACKHORNE CRES,04-At/near private drive,11-Not on roadway - right side,01-Clear,"08-Dark, artificial",MIDBLOCK,
2230,12-186898,20120810,ASKIN PL btwn BRADLEY DR & CUL DE SAC,04-At/near private drive,08-Left shoulder,02-Rain,01-Daylight,MIDBLOCK,
2231,12-178406,20120731,CENTURY HILL DR btwn COUNTRY HILL DR & BLEAMS RD,01-Non intersection,09-Right shoulder,01-Clear,07-Dark,MIDBLOCK,
2232,12-160731,20120710,WABANAKI DR btwn WILSON AVE & GOODRICH DR,01-Non intersection,02-Thru lane,01-Clear,01-Daylight,MIDBLOCK,
2233,12-169252,20120720,AUTUMN RIDGE TRAIL btwn WINDRUSH TRAIL & WOODCREST CRT,04-At/near private drive,02-Thru lane,01-Clear,01-Daylight,MIDBLOCK,
2234,12-070953,20120323,GLOUCESTER CRT btwn STANMORE AVE & CUL DE SAC,04-At/near private drive,09-Right shoulder,01-Clear,07-Dark,MIDBLOCK,
2235,12-079932,20120406,KIPLING AVE btwn HIGHPARK AVE & VANIER DR,04-At/near private drive,12-Off highway,01-Clear,05-Dusk,MIDBLOCK,
2236,12-167386,20120716,RISTAU CRES btwn DINISON CRES & RISTAU PL,04-At/near private drive,09-Right shoulder,01-Clear,01-Daylight,MIDBLOCK,
2237,12-162229,20120712,DUNSMERE DR btwn COLEBROOK CRT & DUNSMERE CRT,04-At/near private drive,02-Thru lane,01-Clear,07-Dark,MIDBLOCK,
2238,12-244630,20121015,STRASBURG RD btwn BLACKHORNE DR & BLOCK LINE RD,04-At/near private drive,02-Thru lane,02-Rain,01-Daylight,MIDBLOCK,
2239,12-256036,20121029,SUSAN CRT btwn SUSAN CRES & CUL DE SAC,04-At/near private drive,09-Right shoulder,02-Rain,01-Daylight,MIDBLOCK,
2240,12-255722,20121028,FRANKLIN ST N btwn PINECREST DR & SHUH AVE,04-At/near private drive,02-Thru lane,02-Rain,01-Daylight,MIDBLOCK,
2241,12-009146,20120112,MILL ST btwn LANSDOWNE BLVD & SPADINA RD E,04-At/near private drive,02-Thru lane,02-Rain,"08-Dark, artificial",MIDBLOCK,
2242,12-004623,20120107,CHURCH ST btwn PETER ST & EBY ST S,01-Non intersection,09-Right shoulder,01-Clear,"08-Dark, artificial",MIDBLOCK,
2243,12-029577,20120202,RITTENHOUSE RD btwn WHITE SANDS CRT & JULIA CRES,04-At/near private drive,09-Right shoulder,01-Clear,01-Daylight,MIDBLOCK,
2244,12-061048,20120315,SASSAFRAS ST btwn COUNTRYSTONE CRES & COUNTRYSTONE CRES,04-At/near private drive,09-Right shoulder,01-Clear,07-Dark,MIDBLOCK,
2245,12-092179,20120419,WESTWOOD DR btwn DAYMAN CRT & GLASGOW ST,04-At/near private drive,09-Right shoulder,01-Clear,01-Daylight,MIDBLOCK,
2246,12-265243,20121110,MASSEY AVE btwn BONIFACE AVE & ERIE AVE,01-Non intersection,02-Thru lane,"07-Fog, mist, smoke, dust","08-Dark, artificial",MIDBLOCK,
2247,12-290030,20121206,NOEL CRES btwn TRAFALGAR AVE & CUL DE SAC,04-At/near private drive,09-Right shoulder,01-Clear,01-Daylight,MIDBLOCK,
2248,12-288610,20121211,BRENTWOOD AVE btwn EDMUND RD & JACKSON AVE,04-At/near private drive,09-Right shoulder,01-Clear,01-Daylight,MIDBLOCK,
2249,12-272037,20121118,ISLINGTON AVE btwn ROSEMOUNT DR & SHERWOOD AVE,04-At/near private drive,02-Thru lane,01-Clear,01-Daylight,MIDBLOCK,
2250,12-173069,20120724,CHANDOS DR btwn GRAND RIVER BLVD & CHANDOS CRT,04-At/near private drive,09-Right shoulder,01-Clear,"06-Dusk, artificial",MIDBLOCK,
2251,12-164099,20120713,UPPER CANADA DR btwn LOWER CANADA CRES & UPPER CANADA PL,04-At/near private drive,02-Thru lane,01-Clear,01-Daylight,MIDBLOCK,
2252,12-147687,20120625,MAPLE AVE btwn GUELPH ST & ARNOLD ST,01-Non intersection,02-Thru lane,01-Clear,"08-Dark, artificial",MIDBLOCK,
2253,12-172000,20120723,OVERLEA DR btwn CECILE DR & OVERLEA CRT,01-Non intersection,11-Not on roadway - right side,01-Clear,01-Daylight,MIDBLOCK,
2254,12-138266,20120614,WELLINGTON ST N btwn WATERLOO ST & DUKE ST W,01-Non intersection,11-Not on roadway - right side,01-Clear,01-Daylight,MIDBLOCK,
2255,12-131050,20120606,CAMROSE CRT btwn HIGHLAND CRES & CUL DE SAC,04-At/near private drive,12-Off highway,01-Clear,"08-Dark, artificial",MIDBLOCK,
2256,12-098712,20120429,BELMONT AVE E btwn QUEENS BLVD & SOUTH DR,04-At/near private drive,08-Left shoulder,01-Clear,"08-Dark, artificial",MIDBLOCK,
2257,12-128260,20120531,BRENTWOOD AVE btwn JACKSON AVE & MONTGOMERY RD,04-At/near private drive,02-Thru lane,01-Clear,01-Daylight,MIDBLOCK,
2258,12-120564,20120524,MOUNTAIN MINT CRES btwn WILDERNESS DR & WILDERNESS DR,01-Non intersection,02-Thru lane,01-Clear,01-Daylight,MIDBLOCK,
2259,12-207495,20120902,WEST ACRES CRES btwn SUMMERHILL CRES & BLACKWELL DR,04-At/near private drive,09-Right shoulder,01-Clear,01-Daylight,MIDBLOCK,
2260,12-205798,20120901,KINGSWAY DR btwn SECOND AVE & THIRD AVE,04-At/near private drive,08-Left shoulder,01-Clear,01-Daylight,MIDBLOCK,
2261,12-038313,20120211,ELKINGTON DR btwn ROSEMOUNT DR & MANCHESTER RD,01-Non intersection,02-Thru lane,01-Clear,01-Daylight,MIDBLOCK,
2262,12-037344,20120216,VALEWOOD PL btwn UNION ST & VALEWOOD PL,01-Non intersection,12-Off highway,02-Rain,"08-Dark, artificial",MIDBLOCK,
2263,12-026342,20120131,LYDIA ST btwn PANDORA AVE N & STIRLING AVE N,04-At/near private drive,02-Thru lane,01-Clear,01-Daylight,MIDBLOCK,
2264,12-049780,20120302,MOORE AVE btwn GUELPH ST & DELISLE AVE,04-At/near private drive,09-Right shoulder,02-Rain,07-Dark,MIDBLOCK,
2265,12-209584,20120905,GREEN VALLEY DR btwn PIONEER DR & ARROWHEAD CRES,04-At/near private drive,02-Thru lane,01-Clear,01-Daylight,MIDBLOCK,
2266,12-169182,20120720,STIRLING AVE N btwn SAMUEL ST & SIMEON ST,04-At/near private drive,02-Thru lane,01-Clear,01-Daylight,MIDBLOCK,
2267,12-236793,20121006,ACTIVA AVE btwn MAX BECKER DR & BERRY MOSS ST,01-Non intersection,09-Right shoulder,01-Clear,"08-Dark, artificial",MIDBLOCK,
2268,12-076651,20120403,DOON VALLEY DR btwn DURHAM ST & CONESTOGA COLLEGE BLVD,02-Intersection related,10-Not on roadway - left side,01-Clear,07-Dark,MIDBLOCK,
2269,12-021270,20120126,STRANGE ST btwn DOMINION ST & ELM ST,04-At/near private drive,02-Thru lane,01-Clear,01-Daylight,MIDBLOCK,
2270,12-064093,20120316,HEARTH CRES btwn HAHN PL & RAYLENE DR,04-At/near private drive,09-Right shoulder,01-Clear,07-Dark,MIDBLOCK,
2271,12-060369,20120314,WILSON AVE btwn FIFTH AVE & FRANKLIN ST S,04-At/near private drive,02-Thru lane,01-Clear,01-Daylight,MIDBLOCK,
2272,12-264609,20121108,WILLIAM LEWIS ST btwn DAVID ELSEY CRES & DAVID ELSEY CRES,04-At/near private drive,09-Right shoulder,01-Clear,01-Daylight,MIDBLOCK,
2273,12-069507,20120325,HIGHBROOK ST btwn BLOCK LINE RD & HIGHBROOK CRT,04-At/near private drive,02-Thru lane,,,MIDBLOCK,
2274,11-052714,20110307,FENWICK CRT btwn LYNNHAVEN CRT & CUL DE SAC,01-Non intersection,02-Thru lane,01-Clear,01-Daylight,MIDBLOCK,
2275,11-025071,20110131,UXBRIDGE CRES btwn ERINBROOK DR & ERINBROOK DR,04-At/near private drive,02-Thru lane,01-Clear,"08-Dark, artificial",MIDBLOCK,
2276,11-048410,20110303,BIEHN DR btwn OLD HURON RD & CARLYLE DR,04-At/near private drive,02-Thru lane,01-Clear,01-Daylight,MIDBLOCK,
2277,11-066900,20110325,MARGARET AVE btwn FAIRFIELD AVE & HARTWOOD AVE,04-At/near private drive,02-Thru lane,01-Clear,01-Daylight,MIDBLOCK,
2278,11-096576,20110430,CANDLE CRES btwn DEER RIDGE DR & DEER RIDGE DR,04-At/near private drive,02-Thru lane,01-Clear,01-Daylight,MIDBLOCK,
2279,11-096184,20110430,COUNTRY HILL DR btwn COACH HILL DR & FOUR SEASONS CRT,04-At/near private drive,12-Off highway,01-Clear,01-Daylight,MIDBLOCK,
2280,11-075884,20110405,AHRENS ST W btwn LOUISA ST & WILHELM ST,01-Non intersection,11-Not on roadway - right side,01-Clear,01-Daylight,MIDBLOCK,
2281,11-107028,20110513,GOUDIES LANE btwn QUEEN ST N & ONTARIO ST N,01-Non intersection,02-Thru lane,02-Rain,01-Daylight,MIDBLOCK,
2282,11-164828,20110717,SADDLEWOOD DR btwn WOODCREST CRT & TIMBER RIDGE CRT,04-At/near private drive,09-Right shoulder,01-Clear,07-Dark,MIDBLOCK,
2283,11-271313,20111122,FAIRWAY RD N btwn THALER AVE & CHICOPEE PARK CRT,04-At/near private drive,02-Thru lane,01-Clear,01-Daylight,MIDBLOCK,
2284,11-264928,20111115,PATRICIA AVE btwn HIGHLAND RD W & METZLOFF DR,01-Non intersection,02-Thru lane,01-Clear,01-Daylight,MIDBLOCK,
2285,11-282656,20111208,HOFFMAN ST btwn OLYMPIC DR & MEINZINGER AVE,01-Non intersection,02-Thru lane,01-Clear,01-Daylight,MIDBLOCK,