OBJECTID,ACCIDENTNUM,ACCIDENTDATE,LOCATION,ACCIDENT_LOCATION,IMPACT_LOCATION,ENVIRONMENT_CONDITION,LIGHT,COLLISION_TYPE,TRAFFICCOLLISIONSID
2286,11-288449,20111210,WESTVIEW CRES btwn WESTVIEW CRT & ROLLING MEADOWS DR,04-At/near private drive,09-Right shoulder,01-Clear,07-Dark,MIDBLOCK,
2287,11-126824,20110606,STRASBURG RD btwn SELKIRK DR & BLACKHORNE DR,04-At/near private drive,02-Thru lane,01-Clear,01-Daylight,MIDBLOCK,
2288,11-017903,20110124,WASHBURN DR btwn BLEAMS RD & TRILLIUM DR,10-Parking lot,12-Off highway,01-Clear,01-Daylight,MIDBLOCK,
2289,11-020017,20110127,STIRLING AVE S btwn COURTLAND AVE E & MILL ST,04-At/near private drive,12-Off highway,01-Clear,01-Daylight,MIDBLOCK,
2290,11-163991,20110717,OPRINGTON PL btwn OPRINGTON DR & OPRINGTON PL,04-At/near private drive,02-Thru lane,01-Clear,01-Daylight,MIDBLOCK,
2291,11-195705,20110825,PINEBROOK HOLLOW btwn WINDRUSH TRAIL & CUL DE SAC,98-Other,09-Right shoulder,01-Clear,01-Daylight,MIDBLOCK,
2292,11-180807,20110808,ST CLAIR AVE btwn NORFOLK CRES & STIRLING AVE S,01-Non intersection,02-Thru lane,01-Clear,01-Daylight,MIDBLOCK,
2293,11-015412,20110121,DOON VALLEY DR btwn PINNACLE DR & DURHAM ST,01-Non intersection,02-Thru lane,03-Snow,01-Daylight,MIDBLOCK,
2294,11-014244,20110119,EAST AVE btwn PANDORA AVE N & STIRLING AVE N,01-Non intersection,02-Thru lane,01-Clear,"08-Dark, artificial",MIDBLOCK,
2295,11-010981,20110115,SHIRLEY DR btwn CEDARVIEW PL & CRESTVIEW PL,01-Non intersection,11-Not on roadway - right side,03-Snow,"08-Dark, artificial",MIDBLOCK,
2296,11-112311,20110519,KRUG ST btwn KRUG ST & RIVER RD E,04-At/near private drive,02-Thru lane,01-Clear,01-Daylight,MIDBLOCK,
2297,11-108125,20110515,QUEENS BLVD btwn HIGHLAND RD E & SPADINA RD E,,,02-Rain,"08-Dark, artificial",MIDBLOCK,
2298,11-034622,20110214,COUNTRYSTONE DR btwn RESURRECTION DR & LEMON GRASS ST,04-At/near private drive,02-Thru lane,01-Clear,01-Daylight,MIDBLOCK,
2299,11-041798,20110223,ROBERTSON CRES btwn BIEHN DR & MACINTOSH PL,04-At/near private drive,02-Thru lane,01-Clear,01-Daylight,MIDBLOCK,
2300,11-071784,20110331,CEDAR ST N btwn CEDAR ST S & DUKE ST E,04-At/near private drive,02-Thru lane,01-Clear,01-Daylight,MIDBLOCK,
2301,11-064735,20110322,PARK ST btwn VICTORIA ST S & CHERRY ST,04-At/near private drive,02-Thru lane,01-Clear,01-Daylight,MIDBLOCK,
2302,11-207803,20110908,ETON DR btwn HEATHER AVE & KRUG ST,01-Non intersection,02-Thru lane,01-Clear,01-Daylight,MIDBLOCK,
2303,11-236499,20111011,CHANDLER DR btwn STRASBURG RD & WOODFERN CRT,04-At/near private drive,09-Right shoulder,01-Clear,01-Daylight,MIDBLOCK,
2304,11-240460,20111016,WALTER ST btwn AGNES ST & GLASGOW ST,04-At/near private drive,02-Thru lane,02-Rain,01-Daylight,MIDBLOCK,
2305,11-049406,20110303,CARROL ST btwn CONNAUGHT ST & GREENFIELD AVE,04-At/near private drive,02-Thru lane,01-Clear,"08-Dark, artificial",MIDBLOCK,
2306,11-044944,20110226,FOURTH AVE btwn CONNAUGHT ST & WILSON AVE,01-Non intersection,02-Thru lane,03-Snow,"08-Dark, artificial",MIDBLOCK,
2307,11-184580,20110813,ROSEBANK CRES btwn ROSEBANK PL & RITTENHOUSE RD,01-Non intersection,02-Thru lane,01-Clear,"08-Dark, artificial",MIDBLOCK,
2308,11-279382,20111203,SIXTH AVE btwn KINGSWAY DR & CONNAUGHT ST,04-At/near private drive,09-Right shoulder,01-Clear,"08-Dark, artificial",MIDBLOCK,
2309,11-227729,20111001,EBY ST N btwn EBY ST S & MARKET LANE,01-Non intersection,02-Thru lane,01-Clear,01-Daylight,MIDBLOCK,
2310,11-214479,20110916,FRANKLIN ST S btwn CONNAUGHT ST & GREENFIELD AVE,04-At/near private drive,09-Right shoulder,01-Clear,01-Daylight,MIDBLOCK,
2311,11-211249,20110912,ARTHUR PL btwn VICTORIA ST S & END,04-At/near private drive,09-Right shoulder,01-Clear,01-Daylight,MIDBLOCK,
2312,11-291074,20111217,MCGARRY DR btwn BROOKSIDE CRES & ROYAL ORCHARD DR,04-At/near private drive,02-Thru lane,01-Clear,01-Daylight,MIDBLOCK,
2313,11-065544,20110323,BAIRD AVE btwn LORRAINE AVE & BETTLEY CRES,04-At/near private drive,02-Thru lane,03-Snow,01-Daylight,MIDBLOCK,
2314,11-072580,20110330,CARLYLE DR btwn BLACK WALNUT DR & CARLYLE PL,04-At/near private drive,09-Right shoulder,01-Clear,01-Daylight,MIDBLOCK,
2315,11-029734,20110208,PARKVALE DR btwn MAITLAND ST & FEATHERSTONE ST,01-Non intersection,02-Thru lane,01-Clear,01-Daylight,MIDBLOCK,
2316,11-232095,20111006,RIVER RD E btwn OTTAWA ST N & HOLBORN DR,01-Non intersection,02-Thru lane,01-Clear,01-Daylight,MIDBLOCK,
2317,11-160432,20110715,RENNIE DR btwn KENNETH AVE & ANTHONY PL,01-Non intersection,02-Thru lane,01-Clear,01-Daylight,MIDBLOCK,
2318,11-090320,20110422,MARGARET AVE btwn QUEEN ST N & MAYNARD AVE,04-At/near private drive,09-Right shoulder,02-Rain,"08-Dark, artificial",MIDBLOCK,
2319,11-283636,20111208,HIGHBARRY CRES btwn UDVARI CRES & UDVARI CRES,04-At/near private drive,09-Right shoulder,01-Clear,01-Daylight,MIDBLOCK,
2320,11-046786,20110223,TAGGE CRES btwn TAGGE ST & TAGGE ST,04-At/near private drive,09-Right shoulder,01-Clear,01-Daylight,MIDBLOCK,
2321,11-046173,20110226,REX DR btwn QUEENS BLVD & GLEN RD,04-At/near private drive,02-Thru lane,03-Snow,07-Dark,MIDBLOCK,
2322,11-034009,20110212,CARTIER DR btwn HOWLAND DR & KIMBERLY CRES,04-At/near private drive,09-Right shoulder,01-Clear,01-Daylight,MIDBLOCK,
2323,11-033358,20110212,ROCHEFORT ST btwn CANNES ST & TOTTENHAM ST,04-At/near private drive,02-Thru lane,01-Clear,01-Daylight,MIDBLOCK,
2324,11-031195,20110210,MANCHESTER RD btwn WEDGEWOOD DR & RIVER RD E,98-Other,99-Other,01-Clear,07-Dark,MIDBLOCK,
2325,11-009269,20110107,BLACKHORNE CRES btwn BLACKHORNE DR & BLACKHORNE DR,04-At/near private drive,02-Thru lane,01-Clear,05-Dusk,MIDBLOCK,
2326,11-046424,20110228,HURON RD btwn NEWCASTLE DR & CRANSHAW ST,01-Non intersection,02-Thru lane,01-Clear,07-Dark,MIDBLOCK,
2327,11-020749,20110128,BELWOOD CRES btwn TRAYNOR AVE & TRAYNOR AVE,04-At/near private drive,11-Not on roadway - right side,03-Snow,"08-Dark, artificial",MIDBLOCK,
2328,11-026639,20110204,SYDNEY ST N btwn KING ST E & ROSEDALE AVE,04-At/near private drive,99-Other,01-Clear,01-Daylight,MIDBLOCK,
2329,11-004855,20110107,STANLEY AVE btwn BLOOMINGDALE RD & SCHWEITZER ST,04-At/near private drive,11-Not on roadway - right side,01-Clear,"08-Dark, artificial",MIDBLOCK,
2330,11-089388,20110421,DOON VILLAGE RD btwn HARVEST CRT & BECHTEL DR,01-Non intersection,09-Right shoulder,01-Clear,"08-Dark, artificial",MIDBLOCK,
2331,11-007900,20110111,WILDERNESS DR btwn PINE MARTIN CRES & ACTIVA AVE,04-At/near private drive,02-Thru lane,03-Snow,"08-Dark, artificial",MIDBLOCK,
2332,11-010497,20110114,WEST AVE btwn HOMEWOOD AVE & STRANGE ST,01-Non intersection,02-Thru lane,01-Clear,"08-Dark, artificial",MIDBLOCK,
2333,11-010562,20110113,TINATAWA CRT btwn GRAND RIVER BLVD & CUL DE SAC,01-Non intersection,02-Thru lane,01-Clear,"08-Dark, artificial",MIDBLOCK,
2334,11-052893,20110308,FRANKLIN ST N btwn DALEWOOD DR & BRADLEY DR,99-Other,02-Thru lane,01-Clear,01-Daylight,MIDBLOCK,
2335,11-298495,20111230,CEDARWOODS CRES btwn KINGSWAY DR & CEDARWOODS CRES,04-At/near private drive,09-Right shoulder,01-Clear,01-Daylight,MIDBLOCK,
2336,11-121032,20110528,HUCK CRES btwn HIGHGATE RD & KELLER CRES,01-Non intersection,09-Right shoulder,01-Clear,01-Daylight,MIDBLOCK,
2337,11-259259,20111108,PIONEER DR btwn HOMER WATSON BLVD & OLD CARRIAGE DR,04-At/near private drive,02-Thru lane,01-Clear,01-Daylight,MIDBLOCK,
2338,11-262573,20111112,WELLINGTON ST N btwn ST LEGER ST & MAJOR ST,04-At/near private drive,02-Thru lane,01-Clear,01-Daylight,MIDBLOCK,
2339,11-258221,20111107,SUGAR MAPLE ST btwn CEDAR CREST ST & SUGAR MAPLE PL,04-At/near private drive,02-Thru lane,01-Clear,"02-Daylight, artificial",MIDBLOCK,
2340,11-236558,20111011,MILL ST btwn QUEEN ST S & LANSDOWNE BLVD,04-At/near private drive,02-Thru lane,01-Clear,"08-Dark, artificial",MIDBLOCK,
2341,11-233167,20111007,BECHTEL DR btwn SABRINA CRES & WHEATFIELD CRES,01-Non intersection,02-Thru lane,01-Clear,07-Dark,MIDBLOCK,
2342,11-235473,20111008,LYDIA ST btwn KRUG ST & CAMERON ST N,04-At/near private drive,02-Thru lane,01-Clear,01-Daylight,MIDBLOCK,
2343,11-298207,20111230,BLACKHORNE DR btwn BLACKHORNE CRES & MCLENNAN PARK GATE,01-Non intersection,12-Off highway,03-Snow,01-Daylight,MIDBLOCK,
2344,11-147993,20110630,COUNTRYSTONE CRES btwn SASSFRAS ST & SASSFRAS ST,04-At/near private drive,02-Thru lane,01-Clear,01-Daylight,MIDBLOCK,
2345,11-132143,20110612,BELLEVIEW AVE btwn BECKER ST & ADA ST,01-Non intersection,02-Thru lane,01-Clear,01-Daylight,MIDBLOCK,
2346,11-154450,20110627,WILSON AVE btwn END & FOURTH AVE,01-Non intersection,09-Right shoulder,01-Clear,01-Daylight,MIDBLOCK,
2347,11-160328,20110714,RED CLOVER CRT btwn RED CLOVER CRES & CUL DE SAC,04-At/near private drive,99-Other,01-Clear,01-Daylight,MIDBLOCK,
2348,11-015512,20110121,KILLARNEY CRES btwn ERINBROOK DR & DUNEDIN CRT,04-At/near private drive,05-Right turn channel,03-Snow,01-Daylight,MIDBLOCK,
2349,11-263123,20111113,WOLFES CRT btwn CARSON DR & CUL DE SAC,04-At/near private drive,02-Thru lane,01-Clear,"08-Dark, artificial",MIDBLOCK,
2350,11-119932,20110527,QUINTE CRES btwn MORRISON RD & QUINTE CRT,04-At/near private drive,09-Right shoulder,01-Clear,"08-Dark, artificial",MIDBLOCK,
2351,11-249413,20111022,DERBY LANE btwn WESTCHESTER DR & WESTCHESTER DR,04-At/near private drive,09-Right shoulder,02-Rain,99-Other,MIDBLOCK,
2352,11-247796,20111025,BRIARMEADOW DR btwn BRIARMEADOW CRES & TISDALE CRT,04-At/near private drive,09-Right shoulder,01-Clear,01-Daylight,MIDBLOCK,
2353,11-246933,20111024,BENESFORT CRT btwn BENESFORT DR & CUL DE SAC,04-At/near private drive,09-Right shoulder,01-Clear,01-Daylight,MIDBLOCK,
2354,11-027579,20110204,ROBERTSON CRES btwn CULLODEN PL & CARYNDALE DR,04-At/near private drive,02-Thru lane,01-Clear,01-Daylight,MIDBLOCK,
2355,11-031111,20110210,MAX BECKER DR btwn COPPER LEAF CRES & COPPER LEAF CRES,04-At/near private drive,02-Thru lane,01-Clear,01-Daylight,MIDBLOCK,
2356,11-103338,20110507,ARLINGTON BLVD btwn WEBER ST E & END,10-Parking lot,12-Off highway,01-Clear,01-Daylight,MIDBLOCK,
2357,11-098411,20110503,PINNACLE DR btwn PINE HILL PL & THOMAS SLEE DR,04-At/near private drive,09-Right shoulder,02-Rain,01-Daylight,MIDBLOCK,
2358,11-086390,20110414,BELMONT AVE W btwn UNION BLVD & WATERLOO BOUNDARY,04-At/near private drive,02-Thru lane,01-Clear,01-Daylight,MIDBLOCK,
2359,11-289828,20111217,DAVID ST btwn JOSEPH ST & COURTLAND AVE W,01-Non intersection,02-Thru lane,01-Clear,01-Daylight,MIDBLOCK,
2360,11-238508,20111014,WINDRUSH TRAIL btwn HUNTINGWOOD CRT & WHISPERWOOD CRT,01-Non intersection,11-Not on roadway - right side,02-Rain,01-Daylight,MIDBLOCK,
2361,11-252103,20111030,HOWE DR btwn CUL DE SAC & WINDALE CRES,04-At/near private drive,12-Off highway,01-Clear,01-Daylight,MIDBLOCK,
2362,11-036598,20110216,KENNETH AVE btwn PROSPECT AVE & WILFRED AVE,04-At/near private drive,02-Thru lane,01-Clear,01-Daylight,MIDBLOCK,
2363,11-035499,20110211,CAMBRIDGE AVE btwn FIFE AVE & HEATHER AVE,04-At/near private drive,09-Right shoulder,01-Clear,01-Daylight,MIDBLOCK,
2364,11-035018,20110214,ACTIVA AVE btwn BUSH CLOVER CRES & WILDERNESS DR,04-At/near private drive,02-Thru lane,01-Clear,01-Daylight,MIDBLOCK,
2365,11-023009,20110129,FLOYD ST btwn GUELPH ST & FAIRFIELD AVE,04-At/near private drive,02-Thru lane,01-Clear,01-Daylight,MIDBLOCK,
2366,11-006038,20110109,BURBANK RD btwn ARCHER PL & ADA ST,04-At/near private drive,02-Thru lane,01-Clear,01-Daylight,MIDBLOCK,
2367,11-002384,20110104,LOWER CANADA CRES btwn UPPER CANADA DR & UPPER CANADA DR,01-Non intersection,02-Thru lane,01-Clear,01-Daylight,MIDBLOCK,
2368,11-012227,20110116,CARNABY CRES btwn HOLBORN DR & CARNABY PL,04-At/near private drive,02-Thru lane,01-Clear,"08-Dark, artificial",MIDBLOCK,
2369,11-012522,20110117,LAUREL SPRINGS CRT btwn HIGHGATE RD & CUL DE SAC,04-At/near private drive,02-Thru lane,01-Clear,01-Daylight,MIDBLOCK,
2370,11-015346,20110120,GREENOCK DR btwn BRIARGATE DR & BRIARGATE DR,04-At/near private drive,99-Other,03-Snow,07-Dark,MIDBLOCK,
2371,11-091148,20110424,LANCASTER ST E btwn HOHNER AVE & BRUBACHER ST,04-At/near private drive,02-Thru lane,01-Clear,01-Daylight,MIDBLOCK,
2372,11-115688,20110524,GAY CRES btwn CONWAY DR & CONWAY DR,04-At/near private drive,02-Thru lane,01-Clear,,MIDBLOCK,
2373,11-117880,20110526,CHURCH ST btwn EBY ST S & CEDAR ST S,04-At/near private drive,09-Right shoulder,01-Clear,01-Daylight,MIDBLOCK,
2374,11-014758,20110108,STRANGE ST btwn WAVERLY RD & DOMINION ST,04-At/near private drive,02-Thru lane,01-Clear,01-Daylight,MIDBLOCK,
2375,11-141070,20110622,THORNCLIFFE ST btwn DRIFTWOOD DR & HOMESTEAD PL,04-At/near private drive,09-Right shoulder,01-Clear,01-Daylight,MIDBLOCK,
2376,11-145870,20110628,SOUTHWOOD CRT btwn SOUTHWOOD DR & CUL DE SAC,01-Non intersection,02-Thru lane,01-Clear,01-Daylight,MIDBLOCK,
2377,11-295260,20111224,FOREST HILL DR btwn SUMMIT AVE & UPLANDS DR,01-Non intersection,02-Thru lane,03-Snow,"08-Dark, artificial",MIDBLOCK,
2378,11-235996,20111007,RUSKVIEW RD btwn STONYBROOK DR & SWEETBRIAR DR,04-At/near private drive,09-Right shoulder,01-Clear,01-Daylight,MIDBLOCK,
2379,11-291368,20111218,COUNTRYSTONE PL btwn CUL DE SAC & COUNTRYSTONE DR,04-At/near private drive,09-Right shoulder,03-Snow,"08-Dark, artificial",MIDBLOCK,
2380,11-287480,20111214,GREENBROOK DR btwn FARMBROOK PL & WESTMOUNT RD E,04-At/near private drive,09-Right shoulder,01-Clear,01-Daylight,MIDBLOCK,
2381,11-192200,20110821,UNION BLVD btwn YORK ST & YORK ST,04-At/near private drive,09-Right shoulder,01-Clear,07-Dark,MIDBLOCK,
2382,11-218789,20110920,BLACKFRIARS PL btwn HOLBORN DR & CUL DE SAC,04-At/near private drive,02-Thru lane,01-Clear,01-Daylight,MIDBLOCK,
2383,11-045301,20110226,ACTIVA AVE btwn SNOWDROP CRES & BRIDLEWREATH ST,04-At/near private drive,02-Thru lane,03-Snow,"08-Dark, artificial",MIDBLOCK,
2384,11-031389,20110210,KENNETH AVE btwn TRAFALGAR AVE & FRANKLIN ST N,04-At/near private drive,02-Thru lane,01-Clear,01-Daylight,MIDBLOCK,
2385,11-029655,20110207,WALNUT ST btwn HERLAN AVE & CHERRY ST,04-At/near private drive,99-Other,01-Clear,07-Dark,MIDBLOCK,
2386,11-090782,20110423,BREITHAUPT ST btwn KING ST W & MOORE AVE,01-Non intersection,11-Not on roadway - right side,01-Clear,05-Dusk,MIDBLOCK,
2387,11-031243,20110210,ELM RIDGE DR btwn RAMBLEWOOD WAY & SILVER ASPEN CRES,04-At/near private drive,09-Right shoulder,01-Clear,01-Daylight,MIDBLOCK,
2388,11-101749,20110507,LENNOX CRES btwn MEDFORD ST & STOKE DR,04-At/near private drive,02-Thru lane,01-Clear,01-Daylight,MIDBLOCK,
2389,11-025978,20110203,BEECHMANOR CRES btwn RESURRECTION DR & RESURRECTION DR,04-At/near private drive,09-Right shoulder,01-Clear,07-Dark,MIDBLOCK,
2390,11-054078,20110310,GUELPH ST btwn EDWIN ST & ST VINCENT ST,01-Non intersection,11-Not on roadway - right side,02-Rain,"08-Dark, artificial",MIDBLOCK,
2391,11-144672,20110626,BALFOUR CRES btwn WILSON AVE & TRAYNOR AVE,04-At/near private drive,08-Left shoulder,01-Clear,07-Dark,MIDBLOCK,
2392,11-296635,20111227,BECHTEL DR btwn WHEATFIELD CRES & PIONEER DR,01-Non intersection,02-Thru lane,03-Snow,"08-Dark, artificial",MIDBLOCK,
2393,11-298048,20111229,CEDAR ST S btwn ST GEORGE ST & COURTLAND AVE E,01-Non intersection,11-Not on roadway - right side,03-Snow,"08-Dark, artificial",MIDBLOCK,
2394,11-286064,20111212,KING ST E btwn DANE ST & BORDEN AVE N,02-Intersection related,02-Thru lane,01-Clear,"08-Dark, artificial",MIDBLOCK,
2395,11-283426,20111209,GREY FOX DR btwn QUEEN CHARLOTTE CRES & WILDERNESS DR,01-Non intersection,02-Thru lane,03-Snow,01-Daylight,MIDBLOCK,
2396,11-283435,20111209,FORESTWOOD DR btwn GLEN AVON CRES & GLEN AVON CRES,01-Non intersection,11-Not on roadway - right side,03-Snow,01-Daylight,MIDBLOCK,
2397,11-222866,20110924,NINTH AVE btwn CONNAUGHT ST & GREENFIELD AVE,04-At/near private drive,02-Thru lane,01-Clear,01-Daylight,MIDBLOCK,
2398,11-157812,20110712,DUKE ST E btwn QUEEN ST N & FREDERICK ST,01-Non intersection,09-Right shoulder,01-Clear,01-Daylight,MIDBLOCK,
2399,11-151581,20110705,DONNENWERTH DR btwn ACTIVA AVE & COPPER LEAF CRES,04-At/near private drive,02-Thru lane,01-Clear,01-Daylight,MIDBLOCK,
2400,11-269468,20111119,BENESFORT CRES btwn BENESFORT DR & BENESFORT DR,04-At/near private drive,09-Right shoulder,01-Clear,07-Dark,MIDBLOCK,
2401,11-270320,20111121,KRUG ST btwn LANCASTER ST E & ROSE ST,04-At/near private drive,02-Thru lane,01-Clear,"08-Dark, artificial",MIDBLOCK,
2402,11-270483,20111118,ALBION ST btwn DINISON CRES & ALBION CRT,04-At/near private drive,12-Off highway,01-Clear,07-Dark,MIDBLOCK,
2403,11-198066,20110827,IRON GATE ST btwn LEMON GRASS ST & LEMON GRASS ST,04-At/near private drive,02-Thru lane,01-Clear,01-Daylight,MIDBLOCK,
2404,11-153628,20110707,BELMONT AVE W btwn BELMONT LANE E & UNION BLVD,01-Non intersection,02-Thru lane,01-Clear,01-Daylight,MIDBLOCK,
2405,11-154464,20110708,STOKE DR btwn WEXFORD CRES & WEXFORD CRES,04-At/near private drive,01-Within intersection,01-Clear,01-Daylight,MIDBLOCK,
2406,11-096958,20110501,APPLE RIDGE DR btwn OAKDALE CRT & RIDGEMERE ST,04-At/near private drive,09-Right shoulder,01-Clear,01-Daylight,MIDBLOCK,
2407,11-092321,20110424,KING ST E btwn SCOTT ST & EBY ST S,01-Non intersection,11-Not on roadway - right side,01-Clear,01-Daylight,MIDBLOCK,
2408,11-109094,20110514,MARL MEADOW CRES btwn MARL MEADOW DR & MARL MEADOW DR,04-At/near private drive,99-Other,02-Rain,07-Dark,MIDBLOCK,
2409,11-276051,20111128,TUDOR ST btwn BANFFSHIRE ST & NEWCASTLE DR,04-At/near private drive,09-Right shoulder,02-Rain,"08-Dark, artificial",MIDBLOCK,
2410,11-148627,20110701,MICHENER CRES btwn SPRINGMOUNT DR & SPRINGMOUNT DR,04-At/near private drive,02-Thru lane,01-Clear,01-Daylight,MIDBLOCK,
2411,11-114719,20110522,MILL PARK DR btwn MILL VIEW ST & MILL VIEW ST,04-At/near private drive,09-Right shoulder,99-Other,"08-Dark, artificial",MIDBLOCK,
2412,11-049814,20110311,BLOCK LINE RD btwn RITTENHOUSE RD & STRASBURG RD,01-Non intersection,02-Thru lane,01-Clear,"08-Dark, artificial",MIDBLOCK,
2413,11-028865,20110207,CARWOOD AVE btwn CAYLEY CRT & COURTLAND AVE E,01-Non intersection,02-Thru lane,03-Snow,01-Daylight,MIDBLOCK,
2414,11-016386,20110122,SPRINGMOUNT PL btwn SPRINGMOUNT DR & CUL DE SAC,04-At/near private drive,10-Not on roadway - left side,03-Snow,"08-Dark, artificial",MIDBLOCK,
2415,11-016751,20110123,JANSEN AVE btwn WALKER ST & GUERIN AVE,01-Non intersection,09-Right shoulder,01-Clear,07-Dark,MIDBLOCK,
2416,11-028149,20110205,IDLE CREEK DR btwn ARDWOOD PL & BRIARFIELD CRT,04-At/near private drive,02-Thru lane,03-Snow,"08-Dark, artificial",MIDBLOCK,
2417,11-178201,20110805,QUEEN ST N btwn QUEEN ST S & GOUDIES LANE,99-Other,11-Not on roadway - right side,01-Clear,,MIDBLOCK,
2418,11-114946,20110523,BETZNER AVE N btwn DUKE ST E & WEBER ST E,04-At/near private drive,09-Right shoulder,01-Clear,01-Daylight,MIDBLOCK,
2419,11-075284,20110404,SABRINA CRES btwn BECHTEL DR & BECHTEL DR,04-At/near private drive,02-Thru lane,02-Rain,05-Dusk,MIDBLOCK,
2420,11-042223,20110223,BECHTEL DR btwn DOON VILLAGE RD & COBBLESTONE ST,01-Non intersection,02-Thru lane,01-Clear,01-Daylight,MIDBLOCK,
2421,11-046718,20110301,OVERLEA DR btwn WESTMOUNT RD W & CECILE DR,04-At/near private drive,02-Thru lane,01-Clear,01-Daylight,MIDBLOCK,
2422,11-056620,20110313,LORRAINE AVE btwn RIVER RD E & BIRKSHIRE CRT,01-Non intersection,04-Right turn lane,01-Clear,"08-Dark, artificial",MIDBLOCK,
2423,11-179155,20110806,WOODWARD AVE btwn GUELPH ST & FAIRFIELD AVE,04-At/near private drive,02-Thru lane,01-Clear,01-Daylight,MIDBLOCK,
2424,11-215440,20110917,MAX BECKER DR btwn COPPER LEAF CRES & ISABELLA ST,01-Non intersection,02-Thru lane,01-Clear,01-Daylight,MIDBLOCK,
2425,11-219702,20110922,MILLWOOD CRES btwn CLUTHE CRES & CLUTHE CRES,01-Non intersection,01-Within intersection,01-Clear,01-Daylight,MIDBLOCK,
2426,11-172625,20110729,JULIA CRES btwn RITTENHOUSE RD & RITTENHOUSE RD,04-At/near private drive,09-Right shoulder,01-Clear,"08-Dark, artificial",MIDBLOCK,
2427,11-284017,20111209,KING ST W btwn COLLEGE ST & WATER ST S,02-Intersection related,02-Thru lane,01-Clear,07-Dark,MIDBLOCK,
2428,11-291788,20111220,HERITAGE DR btwn HALIFAX DR & KEEWATIN AVE,04-At/near private drive,11-Not on roadway - right side,01-Clear,07-Dark,MIDBLOCK,
2429,11-291799,20111220,REINHARDT ST btwn END & WEBER ST W,04-At/near private drive,12-Off highway,01-Clear,"08-Dark, artificial",MIDBLOCK,
2430,11-076857,20110406,DIXON ST btwn ECKERT ST & PLYMOUTH RD,04-At/near private drive,09-Right shoulder,01-Clear,01-Daylight,MIDBLOCK,
2431,11-071279,20110329,HIGHVIEW DR btwn DRIFTWOOD DR & HIGHVIEW PL,04-At/near private drive,09-Right shoulder,01-Clear,07-Dark,MIDBLOCK,
2432,11-105049,20110511,RANDERSON AVE btwn MCKENZIE AVE & END,04-At/near private drive,02-Thru lane,01-Clear,01-Daylight,MIDBLOCK,
2433,11-146302,20110628,GREENBROOK DR btwn WESTMOUNT RD E & GRAYSTONE AVE,04-At/near private drive,02-Thru lane,01-Clear,01-Daylight,MIDBLOCK,
2434,11-186353,20110810,GOUNDRY CRES btwn RITTENHOUSE RD & ERINBROOK DR,04-At/near private drive,09-Right shoulder,01-Clear,01-Daylight,MIDBLOCK,
2435,11-127950,20110106,ROLLING ACRES CRT btwn ROLLING ACRES DR & CUL DE SAC,04-At/near private drive,09-Right shoulder,01-Clear,01-Daylight,MIDBLOCK,
2436,11-124976,20110603,DRIFTWOOD DR btwn PARKLAND CRES & YELLOW BIRCH DR,01-Non intersection,09-Right shoulder,01-Clear,01-Daylight,MIDBLOCK,
2437,11-027866,20110205,GREGG CRT btwn QUAISER ST & CUL DE SAC,04-At/near private drive,02-Thru lane,03-Snow,07-Dark,MIDBLOCK,
2438,11-046854,20110301,TRAYNOR AVE btwn BELWOOD CRES & BALFOUR CRES,01-Non intersection,02-Thru lane,01-Clear,01-Daylight,MIDBLOCK,
2439,11-125861,20110605,FALLOWFIELD DR btwn JOSHUA ST & BRISBANE DR,04-At/near private drive,02-Thru lane,01-Clear,01-Daylight,MIDBLOCK,
2440,11-134390,20110614,FALLOWFIELD DR btwn BLOCK LINE RD & BRITTON PL,01-Non intersection,02-Thru lane,01-Clear,01-Daylight,MIDBLOCK,
2441,10-162555,20100803,BROADLEAF PL btwn LAKESIDE DR & MEADOW CRES,04-At/near private drive,02-Thru lane,01-Clear,01-Daylight,MIDBLOCK,
2442,11-089693,20110421,RESURRECTION DR btwn NORTHMANOR CRES & BEECHMANOR CRES,01-Non intersection,09-Right shoulder,01-Clear,01-Daylight,MIDBLOCK,
2443,11-004607,20110107,TREMAINE DR btwn TREMAINE CRES & TREMAINE CRES,04-At/near private drive,02-Thru lane,01-Clear,01-Daylight,MIDBLOCK,
2444,11-292877,20111220,BRIARFIELD ST btwn BRIARMEADOW DR & IDLE CREEK DR,04-At/near private drive,09-Right shoulder,01-Clear,07-Dark,MIDBLOCK,
2445,11-246971,20111022,MISTY ST btwn MISTY CRES & FORWELL RD,04-At/near private drive,09-Right shoulder,01-Clear,07-Dark,MIDBLOCK,
2446,11-253531,20111101,ROLLING MEADOWS DR btwn NEWBURY DR & WINDERMERE CRT,04-At/near private drive,09-Right shoulder,"07-Fog, mist, smoke, dust",01-Daylight,MIDBLOCK,
2447,11-290377,20111218,NICHOLE CRES btwn THE COUNTRY WAY & THE COUNTRY WAY,01-Non intersection,02-Thru lane,03-Snow,07-Dark,MIDBLOCK,
2448,11-012375,20110117,FOREST CREEK DR btwn ROBERT FERRIE DR & DOON CREEK ST,01-Non intersection,02-Thru lane,01-Clear,01-Daylight,MIDBLOCK,