OBJECTID,ACCIDENTNUM,ACCIDENTDATE,LOCATION,ACCIDENT_LOCATION,IMPACT_LOCATION,ENVIRONMENT_CONDITION,LIGHT,COLLISION_TYPE,TRAFFICCOLLISIONSID
2449,11-008832,20110113,HIDDEN VALLEY RD btwn WABANAKI DR & HIDDEN VALLEY CRES,01-Non intersection,10-Not on roadway - left side,03-Snow,07-Dark,MIDBLOCK,
2450,11-008218,20110112,HIGHCROFT CRT btwn ERINBROOK DR & CUL DE SAC,04-At/near private drive,11-Not on roadway - right side,03-Snow,01-Daylight,MIDBLOCK,
2451,11-013078,20110118,DUKE ST E btwn FREDERICK ST & SCOTT ST,01-Non intersection,02-Thru lane,02-Rain,01-Daylight,MIDBLOCK,
2452,11-266195,20111117,KELLY DR btwn FURNESS DR & OVERLEA DR,01-Non intersection,02-Thru lane,01-Clear,01-Daylight,MIDBLOCK,
2453,11-296048,20111226,COUNTRY HILL DR btwn CHERRY HILL DR & CEDARHILL CRES,01-Non intersection,02-Thru lane,01-Clear,"08-Dark, artificial",MIDBLOCK,
2454,11-182440,20110810,BRIARMEADOW DR btwn SANDWELL CRT & BRIARFIELD ST,04-At/near private drive,09-Right shoulder,01-Clear,01-Daylight,MIDBLOCK,
2455,11-249992,20111028,ARDELT AVE btwn ARDELT PL & HANSON AVE,04-At/near private drive,02-Thru lane,01-Clear,01-Daylight,MIDBLOCK,
2456,11-203097,20110903,JASPER CRT btwn HOWLAND DR & CUL DE SAC,04-At/near private drive,02-Thru lane,02-Rain,01-Daylight,MIDBLOCK,
2457,11-203168,20110903,LAURENTIAN DR btwn HOWLAND DR & SHEA CRES,01-Non intersection,02-Thru lane,01-Clear,07-Dark,MIDBLOCK,
2458,11-099539,20110330,BRIARMEADOW PL btwn DAIMLER DR & BRECKWOOD PL,10-Parking lot,12-Off highway,01-Clear,"08-Dark, artificial",MIDBLOCK,
2459,11-210893,20110912,KNOX CRT btwn PINE VALLEY DR & END,04-At/near private drive,09-Right shoulder,01-Clear,01-Daylight,MIDBLOCK,
2460,11-210723,20110910,OPRINGTON DR btwn BENESFORT DR & OPRINGTON CRT,04-At/near private drive,09-Right shoulder,01-Clear,01-Daylight,MIDBLOCK,
2461,11-215249,20110917,HIGHVIEW DR btwn HAVENWOOD CRT & IRA NEEDLES BLVD,04-At/near private drive,09-Right shoulder,01-Clear,01-Daylight,MIDBLOCK,
2462,11-216833,20110917,DUKE ST W btwn WELLINGTON ST N & LOUISA ST,04-At/near private drive,09-Right shoulder,01-Clear,05-Dusk,MIDBLOCK,
2463,11-164025,20110719,HIGHLAND RD E btwn DELAWARE AVE & STIRLING AVE S,01-Non intersection,02-Thru lane,01-Clear,01-Daylight,MIDBLOCK,
2464,11-065825,20110323,JEAN AVE btwn HAROLD AVE & KRAFT AVE,04-At/near private drive,02-Thru lane,03-Snow,01-Daylight,MIDBLOCK,
2465,11-174507,20110801,YARWOOD PL btwn RITTENHOUSE RD & CUL DE SAC,04-At/near private drive,09-Right shoulder,01-Clear,07-Dark,MIDBLOCK,
2466,11-090686,20110423,MARL MEADOW CRT btwn MARL MEADOW DR & CUL DE SAC,04-At/near private drive,02-Thru lane,01-Clear,01-Daylight,MIDBLOCK,
2467,11-091386,20110424,OLD ZELLER DR btwn EDEN OAK TRL & VALEBROOK ST,04-At/near private drive,09-Right shoulder,01-Clear,01-Daylight,MIDBLOCK,
2468,11-047648,20110228,FIFTH AVE btwn KINGSWAY DR & CONNAUGHT ST,04-At/near private drive,12-Off highway,04-Freezing Rain,"08-Dark, artificial",MIDBLOCK,
2469,11-135321,20110616,PATTANDON AVE btwn OLYMPIC DR & OTTAWA ST S,04-At/near private drive,02-Thru lane,01-Clear,"08-Dark, artificial",MIDBLOCK,
2470,11-083282,20110412,SCENIC DR btwn RIVER RD E & VOLTA AVE,04-At/near private drive,09-Right shoulder,01-Clear,01-Daylight,MIDBLOCK,
2471,11-008127,20110112,MORGAN AVE btwn CENTREVILLE ST & FAIRWAY RD N,04-At/near private drive,09-Right shoulder,03-Snow,01-Daylight,MIDBLOCK,
2472,11-023752,20110131,BYRON AVE btwn MAYWOOD RD & WOODHAVEN RD,01-Non intersection,02-Thru lane,01-Clear,01-Daylight,MIDBLOCK,
2473,11-013222,20110117,ROLLING MEADOWS DR btwn DRIFTWOOD DR & MEADOW WOODS CRES,04-At/near private drive,02-Thru lane,01-Clear,05-Dusk,MIDBLOCK,
2474,11-020956,20110127,GEORGIAN CRES btwn GEORGIAN ST & GEORGIAN PL,04-At/near private drive,99-Other,05-Drifting Snow,07-Dark,MIDBLOCK,
2475,11-023054,20110130,ADELAIDE ST btwn BELMONT AVE W & LAWRENCE AVE,04-At/near private drive,02-Thru lane,01-Clear,01-Daylight,MIDBLOCK,
2476,11-285697,20111212,DARCY PL btwn LAURENTIAN DR & CUL DE SAC,04-At/near private drive,02-Thru lane,01-Clear,01-Daylight,MIDBLOCK,
2477,11-218179,20110920,STRASBURG RD btwn OTTAWA ST S & KINGSWOOD DR,04-At/near private drive,02-Thru lane,01-Clear,01-Daylight,MIDBLOCK,
2478,11-172149,20110729,LACKNER BLVD btwn VICTORIA ST N & KEEWATIN AVE,04-At/near private drive,02-Thru lane,01-Clear,01-Daylight,MIDBLOCK,
2479,11-169934,20110722,IRVIN ST btwn FREDERICK ST & SCOTT ST,04-At/near private drive,09-Right shoulder,01-Clear,01-Daylight,MIDBLOCK,
2480,11-212035,20110913,DODGE DR btwn GROH DR & NEW DUNDEE RD,01-Non intersection,11-Not on roadway - right side,01-Clear,05-Dusk,MIDBLOCK,
2481,11-296649,20111227,STIRLING AVE S btwn LORNE CRES & LORNE AVE,01-Non intersection,02-Thru lane,03-Snow,"08-Dark, artificial",MIDBLOCK,
2482,11-160442,20110715,HUBER ST btwn KINZIE AVE & FLORENCE AVE,04-At/near private drive,09-Right shoulder,01-Clear,01-Daylight,MIDBLOCK,
2483,11-157781,20110712,LORRAINE AVE btwn CONFEDERATION DR & HERITAGE DR,04-At/near private drive,09-Right shoulder,01-Clear,01-Daylight,MIDBLOCK,
2484,11-153198,20110705,NEWBURY DR btwn COVINGTON CRES & BURNABY CRES,04-At/near private drive,99-Other,01-Clear,07-Dark,MIDBLOCK,
2485,11-141281,20110620,MARKET ST btwn HORNING DR & PRINCE ST,04-At/near private drive,02-Thru lane,01-Clear,01-Daylight,MIDBLOCK,
2486,11-154057,20110707,ELLIS AVE btwn RAITAR AVE & HARTWOOD AVE,04-At/near private drive,09-Right shoulder,01-Clear,01-Daylight,MIDBLOCK,
2487,11-257175,20111105,ACTIVA AVE btwn WILDERNESS DR & COPPER LEAF ST,04-At/near private drive,02-Thru lane,01-Clear,01-Daylight,MIDBLOCK,
2488,11-212768,20110913,CHANDLER DR btwn LEACREST CRT & MOWAT BLVD,10-Parking lot,12-Off highway,01-Clear,"08-Dark, artificial",MIDBLOCK,
2489,11-242440,20111018,AVON RD btwn PLAZA CRT & MANCHESTER RD,01-Non intersection,02-Thru lane,01-Clear,"08-Dark, artificial",MIDBLOCK,
2490,11-239029,20111014,ISAIAH DR btwn ISAIAH PL & ACTIVA AVE,01-Non intersection,02-Thru lane,02-Rain,"08-Dark, artificial",MIDBLOCK,
2491,11-241326,20111017,PEBBLECREEK DR btwn APPLEROCK CRT & ZELLER DR,04-At/near private drive,09-Right shoulder,01-Clear,01-Daylight,MIDBLOCK,
2492,10-025902,20100206,FOLKSTONE CRES btwn FOLKSTONE PL & RITTENHOUSE RD,04-At/near private drive,02-Thru lane,01-Clear,01-Daylight,MIDBLOCK,
2493,10-221162,20101016,GREENBROOK DR btwn VILLAGE RD & FOREST HILL DR,99-Other,11-Not on roadway - right side,01-Clear,01-Daylight,MIDBLOCK,
2494,10-225729,20101022,FLORAL CRES btwn ROCKWAY DR & DOON RD,01-Non intersection,02-Thru lane,01-Clear,01-Daylight,MIDBLOCK,
2495,10-152169,20100722,GUELPH ST btwn WEBER ST W & ELLIS AVE,04-At/near private drive,02-Thru lane,01-Clear,01-Daylight,MIDBLOCK,
2496,10-268866,20101218,KING ST E btwn EBY ST S & CEDAR ST S,01-Non intersection,09-Right shoulder,01-Clear,07-Dark,MIDBLOCK,
2497,10-078292,20100418,WELLINGTON ST N btwn MOORE AVE & WATERLOO ST,04-At/near private drive,02-Thru lane,01-Clear,01-Daylight,MIDBLOCK,
2498,10-027083,20100208,OLD CARRIAGE DR btwn PIONEER DR & OLD CARRIAGE CRT,04-At/near private drive,12-Off highway,01-Clear,01-Daylight,MIDBLOCK,
2499,10-121758,20100613,DAWN RIDGE DR btwn WESTMEADOW DR & DAWN RIDGE CRT,04-At/near private drive,02-Thru lane,01-Clear,01-Daylight,MIDBLOCK,
2500,10-261425,20101208,FORFAR AVE btwn ROTHSAY AVE & FORFAR CRT,04-At/near private drive,02-Thru lane,01-Clear,01-Daylight,MIDBLOCK,
2501,10-007917,20100113,BLOCK LINE RD btwn LAURENTIAN DR & MCLENNAN PARK GATE,02-Intersection related,02-Thru lane,01-Clear,01-Daylight,MIDBLOCK,
2502,10-087112,20100430,INGE CRT btwn STANLEY AVE & MARISA ST,04-At/near private drive,12-Off highway,01-Clear,"02-Daylight, artificial",MIDBLOCK,
2503,10-088432,20100501,RUTHERFORD DR btwn KINZIE AVE & CUL DE SAC,01-Non intersection,02-Thru lane,01-Clear,01-Daylight,MIDBLOCK,
2504,10-000403,20100101,LITTLEFIELD CRES btwn WILLIAMSBURG RD & WILLIAMSBURG RD,04-At/near private drive,12-Off highway,03-Snow,01-Daylight,MIDBLOCK,
2505,10-142334,20100710,KINZIE AVE btwn THALER AVE & GRULKE ST,01-Non intersection,02-Thru lane,01-Clear,"08-Dark, artificial",MIDBLOCK,
2506,10-148968,20100718,WOODCREST CRT btwn SADDLEWOOD DR & END,04-At/near private drive,02-Thru lane,01-Clear,01-Daylight,MIDBLOCK,
2507,10-272916,20101224,DEVONGLEN DR btwn CENTURY HILL DR & DEVONGLEN CRT,04-At/near private drive,02-Thru lane,01-Clear,05-Dusk,MIDBLOCK,
2508,10-275599,20101229,BURBANK RD btwn DEERFIELD AVE & LYNDHURST DR,04-At/near private drive,02-Thru lane,01-Clear,01-Daylight,MIDBLOCK,
2509,10-243318,20101111,BLACKWELL DR btwn MONTEAGLE CRES & TRAILVIEW DR,04-At/near private drive,02-Thru lane,01-Clear,01-Daylight,MIDBLOCK,
2510,10-236921,20101105,BANKSIDE DR btwn BANKSIDE CRES & WESTFOREST TRAIL,04-At/near private drive,02-Thru lane,02-Rain,01-Daylight,MIDBLOCK,
2511,09-024063,20090207,UNION BLVD btwn DUNBAR RD & WESTMOUNT RD W,01-Non intersection,02-Thru lane,01-Clear,07-Dark,MIDBLOCK,
2512,09-027873,20090212,DUKE ST E btwn MADISON AVE N & CAMERON ST N,01-Non intersection,11-Not on roadway - right side,"07-Fog, mist, smoke, dust",01-Daylight,MIDBLOCK,
2513,09-003147,20090106,HICKSON DR btwn CRAIG DR & CRAIG DR,01-Non intersection,02-Thru lane,01-Clear,01-Daylight,MIDBLOCK,
2514,09-000199,20090101,ISAIAH CRES btwn ISAIAH DR & ISAIAH DR,01-Non intersection,08-Left shoulder,05-Drifting Snow,"08-Dark, artificial",MIDBLOCK,
2515,09-074632,20090421,SHANLEY ST btwn DEKAY ST & WATERLOO ST,01-Non intersection,02-Thru lane,01-Clear,01-Daylight,MIDBLOCK,
2516,09-083589,20090503,TARA CRES btwn ERINBROOK DR & ERINBROOK DR,04-At/near private drive,02-Thru lane,01-Clear,"08-Dark, artificial",MIDBLOCK,
2517,09-130459,20090706,OLD CHICOPEE DR btwn KENORA DR & BOUND BROOK CRT,04-At/near private drive,02-Thru lane,01-Clear,01-Daylight,MIDBLOCK,
2518,09-018960,20090130,MAX BECKER DR btwn ACTIVA AVE & BRIDLEWREATH ST,04-At/near private drive,99-Other,01-Clear,01-Daylight,MIDBLOCK,
2519,09-020488,20090131,VALLEYVIEW RD btwn OTTAWA ST S & WINDALE CRES,01-Non intersection,12-Off highway,01-Clear,"08-Dark, artificial",MIDBLOCK,
2520,09-020275,20090129,STOKE DR btwn LENNOX CRES & MEDFORD ST,04-At/near private drive,02-Thru lane,01-Clear,01-Daylight,MIDBLOCK,
2521,09-019628,20090131,HEATHER AVE btwn BECKER ST & BRUCE ST,04-At/near private drive,02-Thru lane,01-Clear,01-Daylight,MIDBLOCK,
2522,09-079098,20090429,DUKE ST W btwn ONTARIO ST N & YOUNG ST,01-Non intersection,02-Thru lane,01-Clear,01-Daylight,MIDBLOCK,
2523,09-111465,20090611,CLARK AVE btwn SIEBERT AVE & SIEBERT AVE,04-At/near private drive,02-Thru lane,01-Clear,01-Daylight,MIDBLOCK,
2524,09-064176,20090407,DEER RIDGE DR btwn WINIFRED ST & MASTER CRT,04-At/near private drive,02-Thru lane,01-Clear,01-Daylight,MIDBLOCK,
2525,09-119537,20090621,MAUSSER AVE btwn HIGHLAND RD E & LORNE AVE,01-Non intersection,02-Thru lane,01-Clear,07-Dark,MIDBLOCK,
2526,09-012924,20090121,MADISON AVE S btwn COURTLAND AVE E & HOPP ST,01-Non intersection,02-Thru lane,01-Clear,01-Daylight,MIDBLOCK,
2527,09-057581,20090328,FERGUS AVE btwn WEBER ST E & FALESY AVE,04-At/near private drive,02-Thru lane,01-Clear,01-Daylight,MIDBLOCK,
2528,09-159590,20090813,LORNE CRES btwn SENECA DR & DELAWARE AVE,04-At/near private drive,02-Thru lane,01-Clear,07-Dark,MIDBLOCK,
2529,09-124752,20090627,OLD COUNTRY DR btwn STRASBURG RD & THE COUNTRY WAY,04-At/near private drive,09-Right shoulder,01-Clear,"08-Dark, artificial",MIDBLOCK,
2530,09-058323,20090329,QUEEN ST S btwn ST GEORGE ST & COURTLAND AVE E,04-At/near private drive,02-Thru lane,02-Rain,01-Daylight,MIDBLOCK,
2531,09-107114,20090605,BELMONT AVE W btwn HIGHLAND RD W & BURN PL,04-At/near private drive,02-Thru lane,01-Clear,01-Daylight,MIDBLOCK,
2532,09-009784,20090116,MORRISON RD btwn QUINTE CRES & SIMS ESTATE DR,01-Non intersection,02-Thru lane,01-Clear,01-Daylight,MIDBLOCK,
2533,09-155360,20090808,HURON RD btwn STRASBURG RD & HURON RD,01-Non intersection,10-Not on roadway - left side,02-Rain,01-Daylight,MIDBLOCK,
2534,09-110061,20090606,INWOOD CRES btwn INWOOD DR & INWOOD DR,04-At/near private drive,99-Other,01-Clear,01-Daylight,MIDBLOCK,
2535,09-111074,20090610,CORNELL AVE btwn PLYMOUTH RD & CARLIN AVE,98-Other,99-Other,01-Clear,01-Daylight,MIDBLOCK,
2536,09-114027,20090614,CONNAUGHT ST btwn FIFTH AVE & SIXTH AVE,01-Non intersection,02-Thru lane,01-Clear,01-Daylight,MIDBLOCK,
2537,09-114777,20090615,ACTIVA AVE btwn PERIWINKLE ST & YARROW CRT,04-At/near private drive,02-Thru lane,01-Clear,01-Daylight,MIDBLOCK,
2538,09-105577,20090602,PEACHWOOD CRT btwn PEACHWOOD AVE & CUL DE SAC,04-At/near private drive,99-Other,01-Clear,01-Daylight,MIDBLOCK,
2539,09-132842,20090709,SIMEON ST btwn KRUG ST & CAMERON ST N,04-At/near private drive,02-Thru lane,01-Clear,01-Daylight,MIDBLOCK,
2540,09-137269,20090715,WILFRED AVE btwn PROSPECT AVE & KENNETH AVE,04-At/near private drive,02-Thru lane,01-Clear,01-Daylight,MIDBLOCK,
2541,09-126555,20090630,LOCUST ST btwn MANSION ST & FREDERICK ST,04-At/near private drive,02-Thru lane,01-Clear,01-Daylight,MIDBLOCK,
2542,10-242013,20101112,UNION BLVD btwn AVONDALE AVE & DUNBAR RD,01-Non intersection,11-Not on roadway - right side,"07-Fog, mist, smoke, dust","08-Dark, artificial",MIDBLOCK,
2543,10-193424,20100911,RIVER RD E btwn HOLBORN DR & CONWAY DR,04-At/near private drive,02-Thru lane,02-Rain,"08-Dark, artificial",MIDBLOCK,
2544,10-208500,20100930,HERBERT ST btwn PINE ST & WATERLOO BOUNDARY,01-Non intersection,02-Thru lane,01-Clear,01-Daylight,MIDBLOCK,
2545,10-072894,20100411,SCHNEIDER AVE btwn QUEEN ST S & DAVID ST,04-At/near private drive,02-Thru lane,01-Clear,01-Daylight,MIDBLOCK,
2546,10-029383,20100211,LAURENTIAN DR btwn BLOCK LINE RD & ERINBROOK DR,01-Non intersection,02-Thru lane,01-Clear,01-Daylight,MIDBLOCK,
2547,10-038452,20100224,COURTLAND AVE E btwn STIRLING AVE S & STIRLING AVE S,04-At/near private drive,02-Thru lane,01-Clear,"04-Dawn, artificial",MIDBLOCK,
2548,10-034723,20100219,FIRST AVE btwn SECOND AVE & DIXON ST,01-Non intersection,09-Right shoulder,01-Clear,"08-Dark, artificial",MIDBLOCK,
2549,10-087527,20100430,HERITAGE DR btwn OAKHURST CRES & OTTAWA ST N,04-At/near private drive,02-Thru lane,01-Clear,01-Daylight,MIDBLOCK,
2550,10-011799,20100117,KINGSTON CRES btwn QUEENSTON DR & QUEENSTON DR,04-At/near private drive,02-Thru lane,01-Clear,01-Daylight,MIDBLOCK,
2551,10-198240,20100917,ROBERTS CRES btwn KINGSWOOD DR & KINGSWOOD DR,04-At/near private drive,02-Thru lane,01-Clear,01-Daylight,MIDBLOCK,
2552,10-135886,20100630,EASTFOREST TRAIL btwn BANKSIDE DR & OLIVER CRT,04-At/near private drive,09-Right shoulder,01-Clear,01-Daylight,MIDBLOCK,
2553,10-201296,20100921,CHERRY ST btwn WALNUT ST & STRANGE ST,04-At/near private drive,12-Off highway,01-Clear,01-Daylight,MIDBLOCK,
2554,10-265650,20101214,MILL ST btwn SYDNEY ST S & COURTLAND AVE E,01-Non intersection,11-Not on roadway - right side,03-Snow,01-Daylight,MIDBLOCK,
2555,10-127940,20100614,HICKSON DR btwn CROSBY DR & HALLIWELL DR,04-At/near private drive,02-Thru lane,01-Clear,01-Daylight,MIDBLOCK,
2556,10-122193,20100525,WATERBEND CRES btwn GRASSWOOD ST & SIMS ESTATE DR,04-At/near private drive,02-Thru lane,01-Clear,01-Daylight,MIDBLOCK,
2557,10-126292,20100618,SPRUCEDALE CRES btwn CLAYCROFT CRES & BLACKWELL DR,04-At/near private drive,02-Thru lane,01-Clear,01-Daylight,MIDBLOCK,
2558,10-200834,20100920,GENERAL DR btwn LANCASTER ST W & GENERAL DR,01-Non intersection,02-Thru lane,01-Clear,01-Daylight,MIDBLOCK,
2559,10-221597,20101016,RITTENHOUSE RD btwn BLOCK LINE RD & TUERR DR,10-Parking lot,12-Off highway,01-Clear,01-Daylight,MIDBLOCK,
2560,10-224762,20101020,RUSH MEADOW ST btwn RUSH MEADOW CRES & RUSH MEADOW CRES,04-At/near private drive,02-Thru lane,01-Clear,"06-Dusk, artificial",MIDBLOCK,
2561,10-233938,20101030,SETTLERS DR btwn THE COUNTRY WAY & SETTLERS CRT,04-At/near private drive,02-Thru lane,01-Clear,01-Daylight,MIDBLOCK,
2562,10-026743,20100205,EDINBURGH RD btwn BECKER ST & BRUCE ST,04-At/near private drive,09-Right shoulder,01-Clear,07-Dark,MIDBLOCK,
2563,10-074144,20100412,EBY ST S btwn CHARLES ST E & CHURCH ST,10-Parking lot,12-Off highway,01-Clear,01-Daylight,MIDBLOCK,
2564,10-132011,20100626,HAZELGLEN DR btwn CHOPIN DR & DALEGROVE DR,04-At/near private drive,02-Thru lane,02-Rain,01-Daylight,MIDBLOCK,
2565,10-126654,20100619,ERINBROOK DR btwn RIDGEWAY CRES & RITTENHOUSE RD,04-At/near private drive,99-Other,01-Clear,01-Daylight,MIDBLOCK,
2566,10-206778,20100927,COUNTRYSTONE DR btwn COUNTRYSIDE CRES & IRON GATE ST,04-At/near private drive,09-Right shoulder,02-Rain,07-Dark,MIDBLOCK,
2567,10-035368,20100219,COUNTRYSTONE DR btwn COUNTRYSTONE PL & RESURRECTION DR,04-At/near private drive,02-Thru lane,01-Clear,07-Dark,MIDBLOCK,
2568,10-116953,20100604,FALCONRIDGE DR btwn KESTREL ST & RIVERLINK WAY,99-Other,99-Other,99-Other,01-Daylight,MIDBLOCK,
2569,10-120020,20100610,DINISON CRES btwn WILLIAMSBURG RD & RISTAU CRES,04-At/near private drive,02-Thru lane,01-Clear,01-Daylight,MIDBLOCK,
2570,10-147096,20100716,OLD CHICOPEE TRAIL btwn DAIMLER DR & FAIRWAY RD N,01-Non intersection,02-Thru lane,01-Clear,01-Daylight,MIDBLOCK,
2571,10-118691,20100609,LORRAINE AVE btwn CARSON DR & MONTCALM DR,04-At/near private drive,02-Thru lane,01-Clear,01-Daylight,MIDBLOCK,
2572,10-099732,20100516,CLARK AVE btwn BROADMOOR AVE & SIEBERT AVE,04-At/near private drive,02-Thru lane,01-Clear,01-Daylight,MIDBLOCK,
2573,10-179804,20100826,OLD CHICOPEE DR btwn CONWAY DR & NOTCHWOOD CRT,01-Non intersection,02-Thru lane,01-Clear,"04-Dawn, artificial",MIDBLOCK,
2574,10-064465,20100331,SCHWEITZER ST btwn NELSON AVE & SYLVIA ST,01-Non intersection,02-Thru lane,01-Clear,01-Daylight,MIDBLOCK,
2575,10-063246,20100329,HOLBORN DR btwn HOLBORN CRT & OLD CHICOPEE DR,01-Non intersection,02-Thru lane,01-Clear,01-Daylight,MIDBLOCK,
2576,10-241078,20101110,RAMBLEWOOD WAY btwn BROOKSIDE CRES & BROOKSIDE CRES,04-At/near private drive,02-Thru lane,01-Clear,01-Daylight,MIDBLOCK,
2577,10-240716,20101110,LEMON GRASS CRES btwn LEMON GRASS ST & LEMON GRASS ST,01-Non intersection,02-Thru lane,01-Clear,01-Daylight,MIDBLOCK,
2578,10-094310,20100509,MADISON AVE S btwn CHURCH ST & COURTLAND AVE E,04-At/near private drive,02-Thru lane,01-Clear,"08-Dark, artificial",MIDBLOCK,
2579,10-012705,20100119,VERONICA DR btwn VERONICA CRT & VERONICA DR,04-At/near private drive,08-Left shoulder,03-Snow,07-Dark,MIDBLOCK,
2580,10-017707,20100126,SOUTHWOOD DR btwn SANDSPRINGS CRES & CENTURY HILL DR,01-Non intersection,02-Thru lane,03-Snow,01-Daylight,MIDBLOCK,
2581,10-018038,20100126,IDLEWOOD DR btwn CUL DE SAC & GLENWOOD DR,04-At/near private drive,02-Thru lane,01-Clear,01-Daylight,MIDBLOCK,
2582,10-020995,20100130,COACH HILL DR btwn CHERRY HILL DR & CHERRY HILL DR,04-At/near private drive,02-Thru lane,01-Clear,07-Dark,MIDBLOCK,
2583,10-011838,20100115,SAMUEL ST btwn BRUBACHER ST & KRUG ST,04-At/near private drive,02-Thru lane,01-Clear,"08-Dark, artificial",MIDBLOCK,
2584,10-013196,20100120,BONNYLYN DR btwn KELLY DR & EAGEN DR,04-At/near private drive,02-Thru lane,01-Clear,01-Daylight,MIDBLOCK,
2585,10-063348,20100329,HILL ST btwn END & ST VINCENT ST,04-At/near private drive,02-Thru lane,01-Clear,01-Daylight,MIDBLOCK,
2586,10-149533,20100715,FILBERT ST btwn VICTORIA ST N & MANSION ST,04-At/near private drive,09-Right shoulder,01-Clear,"08-Dark, artificial",MIDBLOCK,
2587,10-145626,20100713,WYANDOTTE CRT btwn GRAND RIVER BLVD & CUL DE SAC,04-At/near private drive,02-Thru lane,01-Clear,01-Daylight,MIDBLOCK,
2588,10-150526,20100719,ROSEMOUNT DR btwn BURLINGTON DR & ELKINGTON DR,04-At/near private drive,02-Thru lane,01-Clear,01-Daylight,MIDBLOCK,
2589,10-234815,20101101,BANKSIDE DR btwn OPRINGTON DR & EASTFOREST TRAIL,10-Parking lot,12-Off highway,01-Clear,01-Daylight,MIDBLOCK,
2590,10-034958,20100218,FUNG PL btwn EDGEWATER CRES & CUL DE SAC,04-At/near private drive,02-Thru lane,01-Clear,01-Daylight,MIDBLOCK,
2591,10-275016,20101226,OVERLEA DR btwn KELLY DR & EAGEN DR,04-At/near private drive,02-Thru lane,01-Clear,01-Daylight,MIDBLOCK,
2592,10-266733,20101215,KILKERRAN CRES btwn BIEHN DR & KILBIRNIE CRT,04-At/near private drive,02-Thru lane,01-Clear,01-Daylight,MIDBLOCK,
2593,10-263530,20101204,HODDLE CRES btwn YELLOW BIRCH DR & YELLOW BIRCH DR,04-At/near private drive,02-Thru lane,01-Clear,"08-Dark, artificial",MIDBLOCK,
2594,10-092028,20100506,PROSPERITY DR btwn FOXGLOVE CRES & MAHOGANY ST,04-At/near private drive,99-Other,01-Clear,01-Daylight,MIDBLOCK,
2595,10-087037,20100429,STONYBROOK DR btwn VILLAGE RD & JUNIPER CRES,04-At/near private drive,09-Right shoulder,01-Clear,"08-Dark, artificial",MIDBLOCK,
2596,10-025239,20100205,VANIER DR btwn CUL DE SAC & BONIFACE AVE,04-At/near private drive,02-Thru lane,01-Clear,01-Daylight,MIDBLOCK,
2597,10-027243,20100207,LYNDHURST DR btwn WEDGEWOOD DR & KENWOOD DR,04-At/near private drive,10-Not on roadway - left side,01-Clear,01-Daylight,MIDBLOCK,
2598,10-250248,20101122,DEER RIDGE DR btwn FALL HARVEST DR & DEER RIDGE DR,03-At intersection,01-Within intersection,01-Clear,07-Dark,MIDBLOCK,
2599,10-048279,20100309,KING ST E btwn FAIRVIEW AVE & STIRLING AVE N,01-Non intersection,02-Thru lane,01-Clear,01-Daylight,MIDBLOCK,
2600,10-273791,20101226,DOON MILLS DR btwn APPLE RIDGE DR & TILT DR,04-At/near private drive,09-Right shoulder,01-Clear,01-Daylight,MIDBLOCK,
2601,10-019933,20100128,KEEWATIN AVE btwn NIPIGON ST & GEORGIAN ST,04-At/near private drive,02-Thru lane,01-Clear,01-Daylight,MIDBLOCK,
2602,10-009200,20101229,PINNACLE DR btwn THOMAS SLEE DR & NEW DUNDEE RD,01-Non intersection,10-Not on roadway - left side,01-Clear,01-Daylight,MIDBLOCK,
2603,10-013866,20100120,STONYBROOK DR btwn JUNIPER CRES & WESTMOUNT RD E,04-At/near private drive,99-Other,01-Clear,01-Daylight,MIDBLOCK,
2604,10-015356,20100122,HILL ST btwn ST VINCENT ST & LANCASTER ST W,04-At/near private drive,09-Right shoulder,01-Clear,"08-Dark, artificial",MIDBLOCK,
2605,10-115273,20100605,ARROWHEAD CRES btwn ARROWHEAD PL & GREEN VALLEY DR,01-Non intersection,02-Thru lane,01-Clear,01-Daylight,MIDBLOCK,
2606,10-048183,20100309,BRECKENRIDGE DR btwn GIBSON DR & OTTAWA ST N,04-At/near private drive,02-Thru lane,01-Clear,01-Daylight,MIDBLOCK,
2607,10-050619,20100311,UPPER MERCER ST btwn LOWER MERCER ST & WOOLNER TRAIL,04-At/near private drive,02-Thru lane,01-Clear,01-Daylight,MIDBLOCK,
2608,10-214752,20101008,KING ST W btwn VICTORIA ST N & BREITHAUPT ST,01-Non intersection,02-Thru lane,01-Clear,01-Daylight,MIDBLOCK,
2609,10-220116,20101015,APPLE TREE DR btwn CORFIELD DR & APPLE TREE CRT,04-At/near private drive,02-Thru lane,01-Clear,"04-Dawn, artificial",MIDBLOCK,
2610,10-233913,20101025,OVERLEA DR btwn EAGEN DR & LOMBARDY CRT,04-At/near private drive,02-Thru lane,01-Clear,05-Dusk,MIDBLOCK,
2611,10-106870,20100525,GLASGOW ST btwn GRUHN ST & PARK ST,01-Non intersection,02-Thru lane,01-Clear,01-Daylight,MIDBLOCK,
2612,10-111060,20100530,KINGSWOOD DR btwn APPALACHIAN CRES & APPALACHIAN CRES,04-At/near private drive,02-Thru lane,01-Clear,01-Daylight,MIDBLOCK,
2613,10-242160,20101112,MIDLAND DR btwn OTTAWA ST N & DOOLEY DR,04-At/near private drive,10-Not on roadway - left side,"07-Fog, mist, smoke, dust",01-Daylight,MIDBLOCK,