OBJECTID,ACCIDENTNUM,ACCIDENTDATE,LOCATION,ACCIDENT_LOCATION,IMPACT_LOCATION,ENVIRONMENT_CONDITION,LIGHT,COLLISION_TYPE,TRAFFICCOLLISIONSID
2614,10-133138,20100628,BANKSIDE DR btwn GOLDEN TERRACE CRT & BANKSIDE CRES,01-Non intersection,02-Thru lane,01-Clear,01-Daylight,MIDBLOCK,
2615,10-138148,20100704,WORDSWORTH PL btwn LORRAINE AVE & WIMBLETON CRES,04-At/near private drive,02-Thru lane,01-Clear,01-Daylight,MIDBLOCK,
2616,10-129796,20100624,PETER ST btwn COURTLAND AVE E & MARTIN ST,04-At/near private drive,02-Thru lane,01-Clear,01-Daylight,MIDBLOCK,
2617,10-029278,20100207,WESTMEADOW DR btwn WINDING MEADOW CRT & SUNNY MEADOW CRT,04-At/near private drive,02-Thru lane,01-Clear,01-Daylight,MIDBLOCK,
2618,10-019996,20100128,CONWAY DR btwn GAY CRES & OLD CHICOPEE DR,98-Other,99-Other,01-Clear,07-Dark,MIDBLOCK,
2619,10-021400,20100129,FALLVIEW CRT btwn FALLVIEW ST & CUL DE SAC,04-At/near private drive,99-Other,01-Clear,05-Dusk,MIDBLOCK,
2620,10-006549,20100111,EDENBRIDGE DR btwn OLD CHICOPEE DR & CHARTWELL CRT,04-At/near private drive,09-Right shoulder,03-Snow,01-Daylight,MIDBLOCK,
2621,10-074375,20100413,WILDERNESS DR btwn PINE MARTIN CRES & PINE MARTIN CRES,04-At/near private drive,02-Thru lane,01-Clear,01-Daylight,MIDBLOCK,
2622,10-063176,20100326,ROLLING ACRES DR btwn ROLLING ACRES CRT & CORFIELD DR,01-Non intersection,09-Right shoulder,01-Clear,05-Dusk,MIDBLOCK,
2623,10-112875,20100602,QUEENS BLVD btwn WESTMOUNT RD E & CECILE DR,04-At/near private drive,02-Thru lane,01-Clear,01-Daylight,MIDBLOCK,
2624,10-225283,20101021,STIRLING AVE S btwn RUSSEL ST & HIGHLAND RD E,02-Intersection related,02-Thru lane,02-Rain,01-Daylight,MIDBLOCK,
2625,10-160534,20100801,KEEWATIN AVE btwn LACKNER BLVD & DINEEN CRT,01-Non intersection,02-Thru lane,01-Clear,"08-Dark, artificial",MIDBLOCK,
2626,10-221655,20101016,WHEATFIELD CRES btwn BECHTEL DR & BECHTEL DR,01-Non intersection,02-Thru lane,01-Clear,"08-Dark, artificial",MIDBLOCK,
2627,10-149138,20100717,VANIER DR btwn ERIE AVE & MASSEY AVE,04-At/near private drive,02-Thru lane,01-Clear,"08-Dark, artificial",MIDBLOCK,
2628,10-076846,20100415,RUSHBROOK DR btwn THISTLEDOWN DR & ERINBROOK DR,01-Non intersection,09-Right shoulder,01-Clear,07-Dark,MIDBLOCK,
2629,10-078315,20100418,LAYTON ST btwn BECKER ST & SMITHSON ST,01-Non intersection,02-Thru lane,01-Clear,01-Daylight,MIDBLOCK,
2630,10-181905,20100828,HIDDEN VALLEY RD btwn CANTERS CLOSE & PADDOCK CRT,01-Non intersection,99-Other,01-Clear,01-Daylight,MIDBLOCK,
2631,10-180813,20100826,WESTFOREST TRAIL btwn BEECHROYAL PL & GREENGABLE WAY,04-At/near private drive,02-Thru lane,01-Clear,01-Daylight,MIDBLOCK,
2632,10-161208,20100802,BLACKHORNE DR btwn BRIAR KNOLL DR & ROSENEATH CRES,01-Non intersection,02-Thru lane,01-Clear,07-Dark,MIDBLOCK,
2633,10-184107,20100831,DUMFRIES AVE btwn KRUG ST & STIRLING AVE N,04-At/near private drive,02-Thru lane,01-Clear,01-Daylight,MIDBLOCK,
2634,10-209203,20101001,PLEASANT AVE btwn QUEENS BLVD & BINSCARTH RD,01-Non intersection,10-Not on roadway - left side,01-Clear,01-Daylight,MIDBLOCK,
2635,10-255762,20101130,QUEENS BLVD btwn HAHN PL & WESTMOUNT RD E,04-At/near private drive,02-Thru lane,02-Rain,"08-Dark, artificial",MIDBLOCK,
2636,10-188350,20100905,AVON RD btwn FREDERICK ST & APPLEWOOD AVE,01-Non intersection,02-Thru lane,01-Clear,"08-Dark, artificial",MIDBLOCK,
2637,09-253377,20101227,LOUISA ST btwn MOORE AVE & WATERLOO ST,01-Non intersection,02-Thru lane,01-Clear,07-Dark,MIDBLOCK,
2638,10-000287,20100101,MORGAN AVE btwn GREENDALE CRES & BERWICK PL,01-Non intersection,02-Thru lane,03-Snow,01-Daylight,MIDBLOCK,
2639,10-074818,20100414,DEER RIDGE CRES btwn DEER RIDGE DR & DEER RIDGE CRT,01-Non intersection,02-Thru lane,01-Clear,01-Daylight,MIDBLOCK,
2640,10-261271,20101207,PINEDALE DR btwn HILLSBOROUGH CRES & HILLSBOROUGH CRES,04-At/near private drive,02-Thru lane,03-Snow,"08-Dark, artificial",MIDBLOCK,
2641,10-265076,20101211,COLLEGE ST btwn WEBER ST W & AHRENS ST W,04-At/near private drive,02-Thru lane,01-Clear,01-Daylight,MIDBLOCK,
2642,10-052189,20100314,SILVER ASPEN CRES btwn ELM RIDGE DR & ELM RIDGE DR,04-At/near private drive,02-Thru lane,01-Clear,01-Daylight,MIDBLOCK,
2643,10-052461,20100312,RIDGEWOOD AVE btwn FAIRFIELD AVE & OAKWOOD AVE,04-At/near private drive,02-Thru lane,01-Clear,07-Dark,MIDBLOCK,
2644,10-157463,20100729,TRAYNOR AVE btwn REYBURN AVE & VANIER DR,01-Non intersection,08-Left shoulder,01-Clear,"08-Dark, artificial",MIDBLOCK,
2645,10-265281,20101213,DOON VILLAGE RD btwn DOONBROOK PL & TILT DR,01-Non intersection,10-Not on roadway - left side,03-Snow,"08-Dark, artificial",MIDBLOCK,
2646,10-273933,20101226,DAIMLER DR btwn IDLE CREEK DR & BRIARMEADOW PL,01-Non intersection,02-Thru lane,01-Clear,"08-Dark, artificial",MIDBLOCK,
2647,10-272149,20101222,FARRIER DR btwn FARRIER PL & UPPER CANADA DR,04-At/near private drive,02-Thru lane,01-Clear,"08-Dark, artificial",MIDBLOCK,
2648,10-040770,20100226,WINDING WAY btwn CHERRYTREE CRT & WESTHEIGHTS DR,04-At/near private drive,02-Thru lane,03-Snow,01-Daylight,MIDBLOCK,
2649,10-176210,20100821,HIDDEN VALLEY RD btwn STREET B & STREET C,01-Non intersection,02-Thru lane,01-Clear,07-Dark,MIDBLOCK,
2650,10-082767,20100423,SHERWOOD AVE btwn ISLINGTON AVE & ROSEMOUNT DR,01-Non intersection,09-Right shoulder,01-Clear,01-Daylight,MIDBLOCK,
2651,10-078985,20100418,ERIKA CRT btwn PROSPERITY DR & END,01-Non intersection,99-Other,01-Clear,01-Daylight,MIDBLOCK,
2652,10-153198,20100723,HIGHBROOK CRT btwn HIGHBROOK ST & END,04-At/near private drive,02-Thru lane,01-Clear,01-Daylight,MIDBLOCK,
2653,10-098699,20100514,SPRING HILL PL btwn THE COUNTRY WAY & CUL DE SAC,04-At/near private drive,09-Right shoulder,01-Clear,01-Daylight,MIDBLOCK,
2654,10-040693,20100227,SYDNEY ST S btwn NYBERG ST & DUNDAS AVE,04-At/near private drive,02-Thru lane,03-Snow,01-Daylight,MIDBLOCK,
2655,10-034814,20100219,DALEGROVE DR btwn HAZELGLEN DR & INGLESIDE DR,99-Other,12-Off highway,01-Clear,"08-Dark, artificial",MIDBLOCK,
2656,10-006304,20100110,CARTIER DR btwn KIMBERLY CRES & KIMBERLY CRES,04-At/near private drive,02-Thru lane,01-Clear,01-Daylight,MIDBLOCK,
2657,10-114726,20100604,CARSON DR btwn NATCHEZ RD & LICHTY CRES,04-At/near private drive,02-Thru lane,01-Clear,01-Daylight,MIDBLOCK,
2658,10-119805,20100611,CONFEDERATION DR btwn CHAMPLAIN CRES & AMBER DR,04-At/near private drive,02-Thru lane,01-Clear,01-Daylight,MIDBLOCK,
2659,10-097615,20100513,BOSWORTH CRES btwn RADCLIFFE DR & DUNSMERE DR,04-At/near private drive,02-Thru lane,01-Clear,"08-Dark, artificial",MIDBLOCK,
2660,10-145641,20100714,FAIRVIEW AVE btwn WEBER ST E & SAMUEL ST,04-At/near private drive,02-Thru lane,01-Clear,01-Daylight,MIDBLOCK,
2661,10-073273,20100411,RIDGEMERE CRT btwn PINE VALLEY DR & RIDGEMERE ST,04-At/near private drive,02-Thru lane,01-Clear,01-Daylight,MIDBLOCK,
2662,10-074389,20100407,NATCHEZ RD btwn MATTHEW ST & HALIFAX DR,04-At/near private drive,02-Thru lane,01-Clear,01-Daylight,MIDBLOCK,
2663,10-268661,20101217,SCHWEITZER ST btwn BRIDGE ST E & STANLEY AVE,04-At/near private drive,02-Thru lane,01-Clear,"08-Dark, artificial",MIDBLOCK,
2664,10-180832,20100827,DUNBAR RD btwn GLASGOW ST & CLAREMONT AVE,04-At/near private drive,02-Thru lane,01-Clear,01-Daylight,MIDBLOCK,
2665,10-217117,20101011,ROYAL ORCHARD DR btwn ROYAL ORCHARD PL & DEERWOOD CRES,01-Non intersection,11-Not on roadway - right side,01-Clear,01-Daylight,MIDBLOCK,
2666,10-041503,20100227,BANKSIDE CRES btwn BANKSIDE DR & BANKSIDE DR,04-At/near private drive,02-Thru lane,01-Clear,01-Daylight,MIDBLOCK,
2667,10-082621,20100424,DAIMLER DR btwn OLD CHICOPEE TRAIL & OLD CHICOPEE DR,01-Non intersection,11-Not on roadway - right side,01-Clear,"08-Dark, artificial",MIDBLOCK,
2668,10-205861,20100927,MAX BECKER DR btwn HELENA FEASBY ST & FISCHER HALLMAN RD,04-At/near private drive,02-Thru lane,01-Clear,03-Dawn,MIDBLOCK,
2669,10-098039,20100514,CATALINA CRT btwn MONTE CARLO ST & CUL DE SAC,04-At/near private drive,02-Thru lane,01-Clear,01-Daylight,MIDBLOCK,
2670,10-248699,20101120,DAHLIA ST btwn PROSPERITY DR & PROSPERITY DR,04-At/near private drive,02-Thru lane,01-Clear,"08-Dark, artificial",MIDBLOCK,
2671,10-005881,20100110,SAMUEL ST btwn CHAPEL ST & HOHNER AVE,04-At/near private drive,02-Thru lane,01-Clear,01-Daylight,MIDBLOCK,
2672,10-056766,20100320,SPRINGBANK CRES btwn FOREST HILL DR & FOREST HILL DR,04-At/near private drive,02-Thru lane,01-Clear,07-Dark,MIDBLOCK,
2673,10-158570,20100730,WALTON AVE btwn KIPLING AVE & COURTLAND AVE E,01-Non intersection,02-Thru lane,01-Clear,01-Daylight,MIDBLOCK,
2674,10-171689,20100815,WOOLWICH ST btwn MACVILLE AVE & SUNBRIDGE CRES,01-Non intersection,02-Thru lane,01-Clear,01-Daylight,MIDBLOCK,
2675,10-051516,20100305,SEABROOK DR btwn WOODBINE AVE & VALENCIA AVE,01-Non intersection,02-Thru lane,01-Clear,07-Dark,MIDBLOCK,
2676,10-168401,20100810,PINE MARTIN CRES btwn WILDERNESS DR & WILDERNESS DR,04-At/near private drive,02-Thru lane,01-Clear,01-Daylight,MIDBLOCK,
2677,10-189718,20100907,BECHTEL DR btwn ANVIL ST & SABRINA CRES,04-At/near private drive,02-Thru lane,01-Clear,01-Daylight,MIDBLOCK,
2678,10-244426,20101115,RIVERBEND DR btwn BRIDGEPORT RD & CUL DE SAC,01-Non intersection,02-Thru lane,01-Clear,01-Daylight,MIDBLOCK,
2679,10-200025,20100919,CHERRY HILL DR btwn COUNTRY HILL DR & COACH HILL DR,04-At/near private drive,02-Thru lane,01-Clear,01-Daylight,MIDBLOCK,
2680,10-175744,20100820,MISTY ST btwn MISTY CRES & MISTY CRES,04-At/near private drive,02-Thru lane,01-Clear,01-Daylight,MIDBLOCK,
2681,10-150716,20100719,WOODSMERE DR btwn DOON MILLS DR & DOON SOUTH DR,04-At/near private drive,02-Thru lane,01-Clear,01-Daylight,MIDBLOCK,
2682,10-149882,20100719,BREMBEL ST btwn WESTCHESTER DR & BREMBEL CRES,04-At/near private drive,02-Thru lane,01-Clear,01-Daylight,MIDBLOCK,
2683,10-097708,20100504,TERRACE WOOD CRES btwn DEER RIDGE DR & TERRACE WOOD DR,04-At/near private drive,02-Thru lane,01-Clear,"08-Dark, artificial",MIDBLOCK,
2684,10-190797,20100908,GREEN VALLEY DR btwn ARROWHEAD CRES & MILL PARK DR,04-At/near private drive,02-Thru lane,01-Clear,"08-Dark, artificial",MIDBLOCK,
2685,10-169586,20100813,TROY ST btwn CAMERON ST N & PANDORA AVE N,,,01-Clear,07-Dark,MIDBLOCK,
2686,10-269328,20101219,WINDRUSH TRAIL btwn DOON SOUTH DR & HUNTINGWOOD CRT,04-At/near private drive,99-Other,01-Clear,01-Daylight,MIDBLOCK,
2687,10-046430,20100306,STIRLING AVE S btwn MILL ST & RUSSEL ST,01-Non intersection,03-Left turn lane,01-Clear,"08-Dark, artificial",MIDBLOCK,
2688,10-040233,20100226,HANSON AVE btwn HOMER WATSON BLVD & ARDELT AVE,01-Non intersection,02-Thru lane,03-Snow,"08-Dark, artificial",MIDBLOCK,
2689,10-217385,20101011,GLASGOW ST btwn EDEN AVE & BELMONT AVE W,01-Non intersection,02-Thru lane,01-Clear,01-Daylight,MIDBLOCK,
2690,10-002185,20100104,BRIERDALE DR btwn QUAISER ST & WENDY CRES,04-At/near private drive,02-Thru lane,01-Clear,01-Daylight,MIDBLOCK,
2691,10-194013,20100911,ACTIVA AVE btwn ISAIAH DR & SNOWDROP CRES,04-At/near private drive,02-Thru lane,02-Rain,01-Daylight,MIDBLOCK,
2692,10-204623,20100925,ELM RIDGE DR btwn SILVER ASPEN CRES & HICKORY HEIGHTS CRES,04-At/near private drive,02-Thru lane,01-Clear,01-Daylight,MIDBLOCK,
2693,09-094603,20090519,EVERGLADE CRES btwn FOXGLOVE CRES & FOXGLOVE CRES,04-At/near private drive,11-Not on roadway - right side,01-Clear,01-Daylight,MIDBLOCK,
2694,09-069523,20090414,AHRENS ST W btwn WELLINGTON ST N & LOUISA ST,04-At/near private drive,02-Thru lane,01-Clear,01-Daylight,MIDBLOCK,
2695,09-077789,20090425,WELLINGTON ST N btwn AHRENS ST W & MARGARET AVE,01-Non intersection,02-Thru lane,02-Rain,01-Daylight,MIDBLOCK,
2696,09-073773,20090419,SHAFTSBURY DR btwn HOLBORN DR & OLDFIELD DR,04-At/near private drive,02-Thru lane,01-Clear,01-Daylight,MIDBLOCK,
2697,09-067187,20090411,BORDEN AVE N btwn KING ST E & CRESCENT ST,04-At/near private drive,02-Thru lane,01-Clear,01-Daylight,MIDBLOCK,
2698,09-003248,20090105,PENNSYLVANIA CRES btwn DEER RIDGE DR & DEER RIDGE DR,01-Non intersection,02-Thru lane,01-Clear,01-Daylight,MIDBLOCK,
2699,09-017163,20090127,KEEWATIN AVE btwn GLENCLIFFE CRT & STANMORE AVE,04-At/near private drive,02-Thru lane,01-Clear,"08-Dark, artificial",MIDBLOCK,
2700,09-029562,20090215,ALPINE RD btwn ALPINE CRT & KINGSWOOD DR,01-Non intersection,02-Thru lane,01-Clear,"08-Dark, artificial",MIDBLOCK,
2701,09-004561,20090108,WOOLWICH ST btwn BRIDGE ST W & HILLCREST LANE,04-At/near private drive,02-Thru lane,01-Clear,01-Daylight,MIDBLOCK,
2702,09-156178,20090801,ALICE AVE btwn VICTORIA ST S & KARN ST,04-At/near private drive,02-Thru lane,01-Clear,01-Daylight,MIDBLOCK,
2703,09-171374,20090830,GUELPH ST btwn AHRENS ST W & BRUNSWICK AVE,04-At/near private drive,02-Thru lane,01-Clear,01-Daylight,MIDBLOCK,
2704,09-012283,20090117,THE COUNTRY WAY btwn TUERR DR & COLONY DR,04-At/near private drive,02-Thru lane,03-Snow,01-Daylight,MIDBLOCK,
2705,09-012293,20090118,ERINBROOK DR btwn KILLARNEY CRES & WARWICK CRT,04-At/near private drive,11-Not on roadway - right side,01-Clear,01-Daylight,MIDBLOCK,
2706,09-105732,20090603,DAIMLER DR btwn IDLE RIDGE CRT & IDLE CREEK DR,01-Non intersection,10-Not on roadway - left side,01-Clear,01-Daylight,MIDBLOCK,
2707,09-081328,20090430,STAUFFER DR btwn GROH DR & CARYNDALE DR,01-Non intersection,10-Not on roadway - left side,02-Rain,01-Daylight,MIDBLOCK,
2708,09-026579,20090210,GLEN AVON CRES btwn FORESTWOOD DR & FORESTWOOD DR,04-At/near private drive,02-Thru lane,01-Clear,"08-Dark, artificial",MIDBLOCK,
2709,09-185952,20090918,ALPINE RD btwn OTTAWA ST S & FLINT DR,01-Non intersection,04-Right turn lane,01-Clear,01-Daylight,MIDBLOCK,
2710,09-192834,20090927,AUTUMN HILL CRES btwn CRICKET HOLLOW & BLUE SPRUCE CRT,04-At/near private drive,02-Thru lane,01-Clear,"08-Dark, artificial",MIDBLOCK,
2711,09-193725,20090929,WESTHEIGHTS DR btwn TRAILVIEW DR & AUTUMN HILL CRES,01-Non intersection,11-Not on roadway - right side,02-Rain,01-Daylight,MIDBLOCK,
2712,09-152041,20090803,ST GEORGE ST btwn QUEEN ST S & CLEMENS LANE,01-Non intersection,11-Not on roadway - right side,01-Clear,"08-Dark, artificial",MIDBLOCK,
2713,09-017072,20090115,MARTINGLEN CRES btwn PRIMROSE PATH & COUNTRY HILL DR,04-At/near private drive,02-Thru lane,01-Clear,01-Daylight,MIDBLOCK,
2714,09-000313,20090101,DINISON CRES btwn DINISON PL & ALBION ST,01-Non intersection,02-Thru lane,01-Clear,"08-Dark, artificial",MIDBLOCK,
2715,09-003477,20090106,SHEA CRES btwn BANFF PL & LAURENTIAN DR,01-Non intersection,02-Thru lane,01-Clear,01-Daylight,MIDBLOCK,
2716,09-071621,20090417,LAWRENCE AVE btwn PAULANDER DR & VICTORIA ST S,04-At/near private drive,02-Thru lane,01-Clear,01-Daylight,MIDBLOCK,
2717,09-206111,20091016,WAKE ROBIN DR btwn WAKE ROBIN CRES & WINDFLOWER DR,04-At/near private drive,02-Thru lane,01-Clear,01-Daylight,MIDBLOCK,
2718,09-084504,20090505,BREMBEL CRES btwn BREMBEL ST & BREMBEL ST,04-At/near private drive,12-Off highway,01-Clear,"08-Dark, artificial",MIDBLOCK,
2719,09-087256,20090508,GLASGOW ST btwn KNELL DR & WESTWOOD DR,01-Non intersection,02-Thru lane,01-Clear,01-Daylight,MIDBLOCK,
2720,09-091114,20090514,NATCHEZ RD btwn CARSON DR & MATTHEW ST,04-At/near private drive,11-Not on roadway - right side,02-Rain,01-Daylight,MIDBLOCK,
2721,09-144452,20090724,WILHELM ST btwn HETT AVE & AHRENS ST W,01-Non intersection,02-Thru lane,01-Clear,"02-Daylight, artificial",MIDBLOCK,
2722,09-165887,20090822,KINGSWOOD DR btwn ROBERTS CRES & FLINT DR,04-At/near private drive,09-Right shoulder,01-Clear,01-Daylight,MIDBLOCK,
2723,09-164998,20090821,HARDING ST btwn RIEHM ST & RIEHM ST,04-At/near private drive,02-Thru lane,01-Clear,01-Daylight,MIDBLOCK,
2724,09-198354,20091005,WILSON AVE btwn EIGHTH AVE & NINTH AVE,01-Non intersection,02-Thru lane,02-Rain,01-Daylight,MIDBLOCK,
2725,09-028846,20090214,RUTHERFORD DR btwn FERGUS AVE & KINZIE AVE,01-Non intersection,02-Thru lane,01-Clear,07-Dark,MIDBLOCK,
2726,09-127894,20090702,MONTEAGLE CRES btwn BLACKWELL DR & BLACKWELL DR,98-Other,99-Other,01-Clear,,MIDBLOCK,
2727,09-246536,20091215,LANCASTER ST E btwn FREDERICK ST & BINGEMAN ST,04-At/near private drive,02-Thru lane,03-Snow,07-Dark,MIDBLOCK,
2728,09-101088,20090525,BROOKFIELD CRES btwn RITTENHOUSE RD & RITTENHOUSE RD,04-At/near private drive,02-Thru lane,01-Clear,01-Daylight,MIDBLOCK,
2729,09-133678,20090710,HIGHLAND RD E btwn SPADINA RD E & DELAWARE AVE,01-Non intersection,02-Thru lane,01-Clear,01-Daylight,MIDBLOCK,
2730,09-113012,20090613,NEWCASTLE DR btwn BANFFSHIRE ST & TUDOR ST,01-Non intersection,02-Thru lane,01-Clear,01-Daylight,MIDBLOCK,
2731,09-137622,20090716,SUSAN CRES btwn ZELLER DR & SUSAN CRT,04-At/near private drive,10-Not on roadway - left side,01-Clear,07-Dark,MIDBLOCK,
2732,09-001936,20090103,KING ST E btwn QUEEN ST S & FREDERICK ST,01-Non intersection,02-Thru lane,01-Clear,"08-Dark, artificial",MIDBLOCK,
2733,09-052693,20090321,DOON SOUTH DR btwn WINDRUSH TRAIL & WINDING WOOD CRES,01-Non intersection,99-Other,01-Clear,05-Dusk,MIDBLOCK,
2734,09-080843,20090429,DEER RIDGE DR btwn MASTER CRT & FALL HARVEST DR,04-At/near private drive,02-Thru lane,01-Clear,01-Daylight,MIDBLOCK,
2735,09-017934,20090128,MICHENER CRES btwn OLDFIELD DR & MICHENER CRT,04-At/near private drive,09-Right shoulder,03-Snow,"08-Dark, artificial",MIDBLOCK,
2736,09-007320,20090107,BRYAN CRT btwn LACKNER BLVD & GREGG CRT,01-Non intersection,02-Thru lane,01-Clear,01-Daylight,MIDBLOCK,
2737,09-012594,20090120,FOURTH AVE btwn KINGSWAY DR & CONNAUGHT ST,04-At/near private drive,02-Thru lane,01-Clear,07-Dark,MIDBLOCK,
2738,09-098008,20090523,ONEIDA PL btwn GRAND RIVER BLVD & ONEIDA PL,01-Non intersection,02-Thru lane,01-Clear,01-Daylight,MIDBLOCK,
2739,09-017871,20090128,RIVER RD E btwn LORRAINE AVE & GIBSON DR,03-At intersection,01-Within intersection,03-Snow,"08-Dark, artificial",MIDBLOCK,
2740,09-191827,20090925,AUTUMN HILL CRES btwn CHARNWOOD CRT & CRICKET HOLLOW,04-At/near private drive,02-Thru lane,01-Clear,01-Daylight,MIDBLOCK,
2741,09-188260,20090921,PARK ST btwn MT HOPE ST & UNION BLVD,01-Non intersection,02-Thru lane,02-Rain,01-Daylight,MIDBLOCK,
2742,09-104909,20090602,JOSEPH ST btwn VICTORIA ST S & END,01-Non intersection,02-Thru lane,01-Clear,01-Daylight,MIDBLOCK,
2743,09-101267,20090528,KENT AVE btwn CHARLES ST E & HURST AVE,04-At/near private drive,02-Thru lane,01-Clear,01-Daylight,MIDBLOCK,
2744,09-094997,20090516,COSTAIN CRT btwn TRUSSLER RD & CUL DE SAC,04-At/near private drive,09-Right shoulder,01-Clear,01-Daylight,MIDBLOCK,
2745,09-030935,20090217,VISTA CRES btwn LAKESIDE DR & LAKESIDE DR,04-At/near private drive,02-Thru lane,01-Clear,01-Daylight,MIDBLOCK,
2746,09-033430,20090221,BLUCHER ST btwn END & WEBER ST W,04-At/near private drive,99-Other,01-Clear,"08-Dark, artificial",MIDBLOCK,
2747,09-243954,20091211,GREENBROOK DR btwn BIRCHCLIFF AVE & RUSKVIEW RD,01-Non intersection,11-Not on roadway - right side,"07-Fog, mist, smoke, dust",01-Daylight,MIDBLOCK,
2748,09-174718,20090904,RIVER RD E btwn CONWAY DR & BRADLEY DR,01-Non intersection,02-Thru lane,01-Clear,07-Dark,MIDBLOCK,
2749,09-015863,20090125,RADCLIFFE DR btwn BRIARGATE DR & GRAYWOOD CRT,04-At/near private drive,02-Thru lane,01-Clear,01-Daylight,MIDBLOCK,
2750,09-149299,20090731,PIONEER TOWER RD btwn MARQUETTE DR & MAPLE MANOR CRT,04-At/near private drive,02-Thru lane,01-Clear,01-Daylight,MIDBLOCK,
2751,09-017716,20090127,KATHERINE CRES btwn DUNBAR RD & BRANDON AVE,04-At/near private drive,02-Thru lane,01-Clear,01-Daylight,MIDBLOCK,
2752,09-012908,20090121,ROY ST btwn QUEEN ST N & YOUNG ST,04-At/near private drive,02-Thru lane,03-Snow,03-Dawn,MIDBLOCK,
2753,09-018223,20090129,CLAREMONT AVE btwn DUNBAR RD & CLAREMONT BLVD,04-At/near private drive,02-Thru lane,03-Snow,01-Daylight,MIDBLOCK,
2754,09-053638,20090319,WESTHEIGHTS DR btwn WESTVIEW CRES & BLACKWELL DR,04-At/near private drive,03-Left turn lane,01-Clear,01-Daylight,MIDBLOCK,
2755,09-047960,20090314,CLIVE RD btwn BRENTWOOD AVE & FAIRMOUNT RD,04-At/near private drive,02-Thru lane,01-Clear,01-Daylight,MIDBLOCK,
2756,09-082705,20090501,WINDY RIDGE PL btwn WINDY RIDGE DR & CUL DE SAC,04-At/near private drive,02-Thru lane,01-Clear,01-Daylight,MIDBLOCK,
2757,09-148585,20090729,KEEWATIN AVE btwn DINEEN CRT & KEEWATIN PL,01-Non intersection,02-Thru lane,01-Clear,01-Daylight,MIDBLOCK,
2758,09-158773,20090812,QUEEN ST S btwn MILL ST & HOMEWOOD AVE,01-Non intersection,02-Thru lane,01-Clear,01-Daylight,MIDBLOCK,
2759,09-119517,20090621,HIGHLAND RD E btwn STIRLING AVE S & MAUSSER AVE,01-Non intersection,02-Thru lane,01-Clear,07-Dark,MIDBLOCK,
2760,09-034763,20090220,ROBERT FERRIE DR btwn BRIDLERIDGE ST & DOON SOUTH DR,04-At/near private drive,02-Thru lane,01-Clear,01-Daylight,MIDBLOCK,
2761,09-025736,20090207,PLYMOUTH RD btwn CORNELL AVE & DIXON ST,04-At/near private drive,02-Thru lane,01-Clear,01-Daylight,MIDBLOCK,
2762,09-163555,20090819,HIGHLAND RD E btwn RUBY ST & SPADINA RD E,04-At/near private drive,02-Thru lane,01-Clear,01-Daylight,MIDBLOCK,
2763,09-020345,20090201,SOUTHILL DR btwn THALER AVE & MORGAN AVE,01-Non intersection,02-Thru lane,01-Clear,01-Daylight,MIDBLOCK,
2764,09-045944,20090311,GENERAL DR btwn GENERAL DR & GENERAL PL,04-At/near private drive,02-Thru lane,01-Clear,01-Daylight,MIDBLOCK,
2765,09-005149,20090109,CEDAR CREST ST btwn SUGAR MAPLE ST & YELLOW BIRCH DR,04-At/near private drive,02-Thru lane,01-Clear,01-Daylight,MIDBLOCK,
2766,09-065150,20090408,FEATHERSTONE ST btwn PARKVALE DR & FEATHERSTONE CRES,04-At/near private drive,02-Thru lane,01-Clear,01-Daylight,MIDBLOCK,
2767,09-095709,20090520,PERTH RD btwn PLEASANT AVE & BURNSIDE AVE,04-At/near private drive,99-Other,01-Clear,01-Daylight,MIDBLOCK,
2768,09-132027,20090612,WILLIAMSBURG RD btwn PINEDALE DR & LITTLEFIELD CRES,04-At/near private drive,02-Thru lane,01-Clear,05-Dusk,MIDBLOCK,
2769,09-106556,20090501,KARN ST btwn BRYBECK CRES & LAWRENCE AVE,04-At/near private drive,02-Thru lane,01-Clear,01-Daylight,MIDBLOCK,
2770,09-089895,20090511,RIVER RD E btwn CORONET LANE & EPHRAIM ST,04-At/near private drive,02-Thru lane,01-Clear,01-Daylight,MIDBLOCK,
2771,09-154585,20090802,HILDA PL btwn END & DAVID ST,01-Non intersection,02-Thru lane,01-Clear,01-Daylight,MIDBLOCK,
2772,09-170625,20090829,HIGHBROOK ST btwn HIGHBROOK CRES & HIGHBROOK CRES,01-Non intersection,09-Right shoulder,01-Clear,01-Daylight,MIDBLOCK,
2773,09-001478,20090103,PROSPERITY DR btwn MARIPOSA CRT & FOXGLOVE CRES,04-At/near private drive,11-Not on roadway - right side,01-Clear,"08-Dark, artificial",MIDBLOCK,
2774,09-142321,20090722,CRESCENT ST btwn ONWARD AVE & END,01-Non intersection,02-Thru lane,01-Clear,01-Daylight,MIDBLOCK,
2775,09-140072,20090719,MILL PARK DR btwn GREEN VALLEY DR & GREEN VALLEY DR,01-Non intersection,10-Not on roadway - left side,01-Clear,07-Dark,MIDBLOCK,
2776,09-131972,20090708,WENDY CRES btwn BRIERDALE DR & WENDY CRT,01-Non intersection,02-Thru lane,01-Clear,01-Daylight,MIDBLOCK,
2777,09-115493,20090616,TRAYNOR AVE btwn WILSON AVE & BELWOOD CRES,04-At/near private drive,02-Thru lane,01-Clear,01-Daylight,MIDBLOCK,