OBJECTID,ACCIDENTNUM,ACCIDENTDATE,LOCATION,ACCIDENT_LOCATION,IMPACT_LOCATION,ENVIRONMENT_CONDITION,LIGHT,COLLISION_TYPE,TRAFFICCOLLISIONSID
2778,09-127261,20090701,MARGARET AVE btwn GUELPH ST & FAIRFIELD AVE,04-At/near private drive,02-Thru lane,01-Clear,01-Daylight,MIDBLOCK,
2779,09-252526,20091226,KINGSWOOD DR btwn SELKIRK DR & BLOCK LINE RD,01-Non intersection,02-Thru lane,02-Rain,01-Daylight,MIDBLOCK,
2780,09-026267,20090210,DOON VILLAGE RD btwn ANVIL ST & DOON MILLS DR,01-Non intersection,02-Thru lane,01-Clear,01-Daylight,MIDBLOCK,
2781,09-009997,20090115,BRIDLEWREATH ST btwn ACTIVA AVE & BRIDLEWREATH CRT,04-At/near private drive,02-Thru lane,01-Clear,"08-Dark, artificial",MIDBLOCK,
2782,09-223994,20091111,MONTEREY CRES btwn MONTEREY RD & MONTEREY RD,01-Non intersection,02-Thru lane,01-Clear,"08-Dark, artificial",MIDBLOCK,
2783,09-186833,20090919,SHADELAND CRES btwn HAZELGLEN DR & HAZELGLEN DR,04-At/near private drive,02-Thru lane,01-Clear,01-Daylight,MIDBLOCK,
2784,09-234299,20091126,KEHL ST btwn SOUTHDALE AVE & HOFFMAN ST,01-Non intersection,02-Thru lane,01-Clear,05-Dusk,MIDBLOCK,
2785,09-255138,20091230,SUMMIT AVE btwn LARKSPUR CRES & THORNRIDGE CRES,98-Other,99-Other,01-Clear,01-Daylight,MIDBLOCK,
2786,09-210011,20091021,CHURCH ST btwn CEDAR ST S & MADISON AVE S,04-At/near private drive,02-Thru lane,01-Clear,,MIDBLOCK,
2787,09-223614,20091107,APPALACHIAN CRES btwn KINGSWOOD DR & KINGSWOOD DR,04-At/near private drive,02-Thru lane,01-Clear,01-Daylight,MIDBLOCK,
2788,09-234589,20091127,BURNABY CRES btwn NEWBURY DR & NEWBURY DR,04-At/near private drive,02-Thru lane,01-Clear,07-Dark,MIDBLOCK,
2789,09-007261,20090112,BRIDLEWREATH ST btwn MOUNTAIN LAUREL CRES & MOUNTAIN LAUREL CRES,04-At/near private drive,02-Thru lane,01-Clear,01-Daylight,MIDBLOCK,
2790,09-124917,20090628,ISAIAH DR btwn GRAVEL RIDGE TRAIL & GRAVEL RIDGE TRAIL,04-At/near private drive,02-Thru lane,02-Rain,01-Daylight,MIDBLOCK,
2791,09-111627,20090611,INDIAN RD btwn MCGEE AVE & QUEENSTON DR,01-Non intersection,02-Thru lane,02-Rain,01-Daylight,MIDBLOCK,
2792,09-109995,20090609,DAVID ELSEY ST btwn WILLIAM LEWIS ST & WILLIAM LEWIS ST,98-Other,99-Other,01-Clear,01-Daylight,MIDBLOCK,
2793,09-058396,20090329,LIMERICK DR btwn HELEN AVE & GREENSVIEW DR,04-At/near private drive,02-Thru lane,01-Clear,01-Daylight,MIDBLOCK,
2794,09-016290,20090126,ELLEN ST E btwn MANSION ST & LANCASTER ST E,01-Non intersection,02-Thru lane,01-Clear,01-Daylight,MIDBLOCK,
2795,09-021685,20090203,BANKSIDE DR btwn BENESFORT DR & OPRINGTON DR,01-Non intersection,02-Thru lane,03-Snow,01-Daylight,MIDBLOCK,
2796,09-254096,20091229,GRAYWOOD CRT btwn RADCLIFFE DR & CUL DE SAC,04-At/near private drive,02-Thru lane,01-Clear,01-Daylight,MIDBLOCK,
2797,09-001067,20091105,MARGARET AVE btwn MAYNARD AVE & VICTORIA ST N,01-Non intersection,11-Not on roadway - right side,01-Clear,"08-Dark, artificial",MIDBLOCK,
2798,09-217572,20091101,GREY FOX DR btwn ORCHID CRES & QUEEN CHARLOTTE CRES,98-Other,99-Other,01-Clear,07-Dark,MIDBLOCK,
2799,09-227017,20091115,COVENTRY DR btwn HOLBORN DR & CUL DE SAC,04-At/near private drive,11-Not on roadway - right side,01-Clear,01-Daylight,MIDBLOCK,
2800,10-000756,20091231,JOSHUA ST btwn FALLOWFIELD DR & BRISBANE DR,04-At/near private drive,02-Thru lane,01-Clear,01-Daylight,MIDBLOCK,
2801,09-245755,20091213,PINEDALE DR btwn HILLSBOROUGH CRES & WILLIAMSBURG RD,04-At/near private drive,02-Thru lane,02-Rain,07-Dark,MIDBLOCK,
2802,09-007298,20090112,LYNNHAVEN CRT btwn FENWICK CRT & CUL DE SAC,01-Non intersection,02-Thru lane,01-Clear,07-Dark,MIDBLOCK,
2803,09-110589,20090611,CHARLES ST E btwn MADISON AVE S & MADISON AVE S,01-Non intersection,02-Thru lane,01-Clear,01-Daylight,MIDBLOCK,
2804,09-187629,20090920,OLDFIELD DR btwn JADESTONE CRT & DRUMOAK PL,01-Non intersection,02-Thru lane,01-Clear,07-Dark,MIDBLOCK,
2805,09-245988,20091214,WATERLOO ST btwn BREITHAUPT ST & WELLINGTON ST N,04-At/near private drive,02-Thru lane,02-Rain,"08-Dark, artificial",MIDBLOCK,
2806,09-246367,20091215,HORIZON CRT btwn LANG CRES & CUL DE SAC,01-Non intersection,99-Other,01-Clear,01-Daylight,MIDBLOCK,
2807,09-214688,20091029,WATER ST S btwn KING ST W & HALLS LANE W,04-At/near private drive,02-Thru lane,01-Clear,01-Daylight,MIDBLOCK,
2808,09-147746,20090729,GLASGOW ST btwn SILVERCREST DR & FISCHER HALLMAN RD,04-At/near private drive,02-Thru lane,02-Rain,01-Daylight,MIDBLOCK,
2809,09-149520,20090731,WELLINGTON ST N btwn DUKE ST W & WEBER ST W,04-At/near private drive,02-Thru lane,01-Clear,01-Daylight,MIDBLOCK,
2810,09-197935,20091004,DOON MILLS DR btwn SUGARMILL CRT & PINE VALLEY DR,01-Non intersection,02-Thru lane,01-Clear,01-Daylight,MIDBLOCK,
2811,09-231497,20091122,CAMERON ST N btwn DUKE ST E & WEBER ST E,04-At/near private drive,02-Thru lane,01-Clear,01-Daylight,MIDBLOCK,
2812,09-253980,20091228,MONTCALM DR btwn INDIAN RD & HAMPTON PL,01-Non intersection,12-Off highway,03-Snow,07-Dark,MIDBLOCK,
2813,09-247655,20091211,THE COUNTRY WAY btwn NICHOLE CRES & ERINBROOK DR,04-At/near private drive,02-Thru lane,01-Clear,01-Daylight,MIDBLOCK,
2814,09-243932,20091211,STOKE DR btwn WEXFORD CRES & TRELAWNEY ST,04-At/near private drive,02-Thru lane,01-Clear,01-Daylight,MIDBLOCK,
2815,09-194742,20090930,TU LANE ST btwn KING ST E & GATEWAY PARK DR,02-Intersection related,11-Not on roadway - right side,01-Clear,01-Daylight,MIDBLOCK,
2816,09-071265,20090417,OTTERBEIN RD btwn STANMORE AVE & DEANS GATE CRT,04-At/near private drive,12-Off highway,01-Clear,"08-Dark, artificial",MIDBLOCK,
2817,09-102811,20090530,TAMVALE CRES btwn ERINBROOK DR & ERINBROOK DR,04-At/near private drive,02-Thru lane,01-Clear,01-Daylight,MIDBLOCK,
2818,09-063272,20090404,AHRENS ST W btwn MAYNARD AVE & COLLEGE ST,04-At/near private drive,02-Thru lane,01-Clear,01-Daylight,MIDBLOCK,
2819,09-084904,20090505,BELMONT AVE W btwn ADELAIDE ST & KARN ST,04-At/near private drive,02-Thru lane,01-Clear,01-Daylight,MIDBLOCK,
2820,09-083590,20090503,BROKEN OAK CRES btwn WESTHEIGHTS DR & WESTHEIGHTS DR,04-At/near private drive,11-Not on roadway - right side,01-Clear,"08-Dark, artificial",MIDBLOCK,
2821,09-051378,20090318,COLTON CIR btwn AMELIA ST & AMELIA ST,04-At/near private drive,02-Thru lane,01-Clear,01-Daylight,MIDBLOCK,
2822,09-056197,20090319,MEINZINGER AVE btwn BORDEN PKY & HOFFMAN ST,04-At/near private drive,02-Thru lane,01-Clear,01-Daylight,MIDBLOCK,
2823,09-098786,20090522,FREDERICK ST btwn LOIS ST & RIVER RD E,04-At/near private drive,02-Thru lane,01-Clear,01-Daylight,MIDBLOCK,
2824,09-180345,20090911,BLACKWELL DR btwn MONTEAGLE CRES & LANARK CRES,04-At/near private drive,11-Not on roadway - right side,01-Clear,01-Daylight,MIDBLOCK,
2825,09-215172,20091029,WOOLNER TRAIL btwn FAIRWAY RD N & UPPER MERCER ST,01-Non intersection,02-Thru lane,01-Clear,07-Dark,MIDBLOCK,
2826,09-208797,20091019,BIRCHCLIFF AVE btwn CYPRUS DR & CLOVERDALE CRES,04-At/near private drive,02-Thru lane,01-Clear,01-Daylight,MIDBLOCK,
2827,09-058992,20090329,CARLYLE PL btwn CARLYLE DR & CUL DE SAC,04-At/near private drive,02-Thru lane,01-Clear,"08-Dark, artificial",MIDBLOCK,
2828,09-229348,20091115,SOUTHMOOR DR btwn YAGER AVE & AVALON PL,98-Other,99-Other,01-Clear,01-Daylight,MIDBLOCK,
2829,09-244534,20091211,EPHRAIM ST btwn LOIS ST & RIVER RD E,04-At/near private drive,02-Thru lane,01-Clear,01-Daylight,MIDBLOCK,
2830,09-226649,20091113,DREGER AVE btwn OTTAWA ST N & GRABER PL,04-At/near private drive,02-Thru lane,01-Clear,01-Daylight,MIDBLOCK,
2831,08-156761,20081128,SUNBRIDGE CRES btwn WOOLWICH ST & CUL DE SAC,04-At/near private drive,02-Thru lane,01-Clear,01-Daylight,MIDBLOCK,
2832,08-160474,20081203,GREENFIELD AVE btwn MUNROE ST & TRAYNOR AVE,04-At/near private drive,01-Within intersection,01-Clear,01-Daylight,MIDBLOCK,
2833,08-071234,20080611,CHARLESTON PL btwn TEMPLETON DR & CUL DE SAC,04-At/near private drive,02-Thru lane,01-Clear,01-Daylight,MIDBLOCK,
2834,08-077606,20080621,HARBER AVE btwn BYRON AVE & SIEBERT AVE,01-Non intersection,02-Thru lane,01-Clear,01-Daylight,MIDBLOCK,
2835,08-099602,20080807,BOUND BROOK CRT btwn OLD CHICOPEE DR & CUL DE SAC,01-Non intersection,02-Thru lane,01-Clear,07-Dark,MIDBLOCK,
2836,08-109523,20080801,CHAMPLAIN CRES btwn CONFEDERATION DR & CHAMPLAIN CRT,01-Non intersection,02-Thru lane,,,MIDBLOCK,
2837,08-085547,20080710,WESTMOUNT RD W btwn HIGHLAND RD W & VICMOUNT DR,01-Non intersection,02-Thru lane,01-Clear,01-Daylight,MIDBLOCK,
2838,08-017566,20080211,COMMONWEALTH CRES btwn ISABELLA ST & ISABELLA ST,04-At/near private drive,02-Thru lane,01-Clear,01-Daylight,MIDBLOCK,
2839,08-172786,20081225,LAKESIDE DR btwn VISTA CRES & VISTA CRES,01-Non intersection,02-Thru lane,01-Clear,07-Dark,MIDBLOCK,
2840,08-073184,20080610,GLEN RD btwn PLEASANT AVE & BARCLAY AVE,01-Non intersection,02-Thru lane,01-Clear,01-Daylight,MIDBLOCK,
2841,08-026366,20080303,CARYNDALE DR btwn EVENSTONE AVE & STAUFFER DR,01-Non intersection,02-Thru lane,03-Snow,07-Dark,MIDBLOCK,
2842,08-023901,20080223,BIRCHCLIFF AVE btwn FOREST HILL DR & CYPRUS DR,04-At/near private drive,02-Thru lane,01-Clear,01-Daylight,MIDBLOCK,
2843,08-123400,20080927,RITTENHOUSE RD btwn BLOCK LINE RD & TUERR DR,01-Non intersection,09-Right shoulder,02-Rain,01-Daylight,MIDBLOCK,
2844,08-119290,20080919,GUELPH ST btwn WATERLOO ST & WEBER ST W,01-Non intersection,02-Thru lane,01-Clear,01-Daylight,MIDBLOCK,
2845,08-010229,20080125,SEREDA RD btwn GUELPH ST & ARNOLD ST,04-At/near private drive,01-Within intersection,01-Clear,01-Daylight,MIDBLOCK,
2846,08-172108,20081224,MILL ST btwn WOODLAND AVE & STIRLING AVE S,04-At/near private drive,02-Thru lane,03-Snow,01-Daylight,MIDBLOCK,
2847,08-175409,20081230,STIRLING AVE N btwn LYDIA ST & EAST AVE,02-Intersection related,02-Thru lane,01-Clear,01-Daylight,MIDBLOCK,
2848,08-103425,20080807,LANARK CRES btwn LANARK CRT & CLAYCROFT CRES,10-Parking lot,12-Off highway,01-Clear,01-Daylight,MIDBLOCK,
2849,08-022629,20080222,GUELPH ST btwn ENGLEWOOD PL & LANCASTER ST W,01-Non intersection,02-Thru lane,01-Clear,05-Dusk,MIDBLOCK,
2850,08-154671,20081124,GILMOUR CRES btwn WESTMOUNT RD E & WESTMOUNT RD E,04-At/near private drive,02-Thru lane,01-Clear,01-Daylight,MIDBLOCK,
2851,08-155047,20081125,BRIAR KNOLL PL btwn BRIAR KNOLL DR & CUL DE SAC,04-At/near private drive,09-Right shoulder,03-Snow,01-Daylight,MIDBLOCK,
2852,08-069862,20080608,MAUSSER AVE btwn ASPEN AVE & STIRLING AVE S,01-Non intersection,09-Right shoulder,,"04-Dawn, artificial",MIDBLOCK,
2853,08-005618,20080114,WATER ST S btwn JOSEPH ST & FORK IN ROAD,04-At/near private drive,02-Thru lane,01-Clear,01-Daylight,MIDBLOCK,
2854,08-003897,20080108,TRILLIUM DR btwn STECKLE PL & ADAM FERRIE PL,04-At/near private drive,02-Thru lane,01-Clear,01-Daylight,MIDBLOCK,
2855,08-008243,20080119,FORESTWOOD DR btwn MCGARRY DR & FOREST GLEN CRES,04-At/near private drive,02-Thru lane,01-Clear,"06-Dusk, artificial",MIDBLOCK,
2856,08-008981,20080122,ZELLER DR btwn JANET CRT & WILD MEADOW ST,01-Non intersection,02-Thru lane,03-Snow,01-Daylight,MIDBLOCK,
2857,08-138428,20081030,RUSKVIEW RD btwn SWEETBRIAR DR & GREENBROOK DR,04-At/near private drive,10-Not on roadway - left side,01-Clear,07-Dark,MIDBLOCK,
2858,08-103490,20080813,LUELLA ST btwn LANCASTER ST E & CHESTNUT ST,04-At/near private drive,02-Thru lane,01-Clear,"08-Dark, artificial",MIDBLOCK,
2859,08-102384,20080812,TEMPLEWOOD DR btwn MARL MEADOW DR & MARIANNE DORN TRAIL,04-At/near private drive,02-Thru lane,01-Clear,"08-Dark, artificial",MIDBLOCK,
2860,08-022352,20080222,MAPLE AVE btwn UNION ST & CUL DE SAC,04-At/near private drive,02-Thru lane,01-Clear,01-Daylight,MIDBLOCK,
2861,08-022698,20080222,INGLESIDE DR btwn INGLESIDE PL & DALEGROVE DR,04-At/near private drive,02-Thru lane,01-Clear,01-Daylight,MIDBLOCK,
2862,08-013820,20080202,PLEASANT AVE btwn PERTH RD & CORAL CRES,04-At/near private drive,02-Thru lane,01-Clear,01-Daylight,MIDBLOCK,
2863,08-022774,20080221,CORSICA ST btwn SEABROOK DR & SOPHIA CRES,04-At/near private drive,02-Thru lane,01-Clear,01-Daylight,MIDBLOCK,
2864,08-087542,20080714,RIVER RD E btwn BRADLEY DR & KENORA DR,01-Non intersection,09-Right shoulder,01-Clear,03-Dawn,MIDBLOCK,
2865,08-082564,20080704,PIONEER DR btwn NATHANIEL CRES & BLACK WALNUT DR,01-Non intersection,02-Thru lane,01-Clear,01-Daylight,MIDBLOCK,
2866,08-085941,20080711,FRANKLIN ST N btwn TRAFALGAR AVE & KENNETH AVE,04-At/near private drive,02-Thru lane,02-Rain,01-Daylight,MIDBLOCK,
2867,08-092069,20080723,DOON SOUTH DR btwn WINDING WOOD CRES & AUTUMN RIDGE TRAIL,01-Non intersection,02-Thru lane,01-Clear,"08-Dark, artificial",MIDBLOCK,
2868,08-169888,20081220,BROADVIEW AVE btwn WEBER ST E & PROSPECT AVE,04-At/near private drive,02-Thru lane,01-Clear,01-Daylight,MIDBLOCK,
2869,08-124338,20080929,SWEETBRIAR DR btwn DUNCAIRN AVE & RUSKVIEW RD,04-At/near private drive,11-Not on roadway - right side,01-Clear,"08-Dark, artificial",MIDBLOCK,
2870,08-169824,20081218,CLIFTON RD btwn GUELPH ST & ARNOLD ST,04-At/near private drive,99-Other,01-Clear,07-Dark,MIDBLOCK,
2871,08-159130,20081203,MORRISON RD btwn GRAND RIVER BLVD & QUINTE CRES,01-Non intersection,09-Right shoulder,03-Snow,03-Dawn,MIDBLOCK,
2872,08-159045,20081201,WILSON AVE btwn WEBSTER RD & GOODRICH DR,07-Overpass or bridge,02-Thru lane,01-Clear,"08-Dark, artificial",MIDBLOCK,
2873,08-161578,20081206,KENNETH AVE btwn FRANKLIN ST N & RENNIE DR,01-Non intersection,02-Thru lane,01-Clear,"08-Dark, artificial",MIDBLOCK,
2874,07-104795,20070821,SECORD AVE btwn CROSBY DR & HICKSON DR,04-At/near private drive,02-Thru lane,01-Clear,01-Daylight,MIDBLOCK,
2875,07-014415,20070211,BRADLEY DR btwn ASKIN PL & MIDLAND DR,04-At/near private drive,11-Not on roadway - right side,01-Clear,01-Daylight,MIDBLOCK,
2876,07-018747,20070216,BRIDLERIDGE ST btwn ROBERT FERRIE DR & STEEPLERIDGE ST,04-At/near private drive,02-Thru lane,01-Clear,01-Daylight,MIDBLOCK,
2877,07-026355,20070306,QUEEN ST N btwn WEBER ST W & ROY ST,04-At/near private drive,02-Thru lane,01-Clear,01-Daylight,MIDBLOCK,
2878,07-034000,20070324,INGLESIDE DR btwn DALEGROVE DR & INGLESIDE PL,04-At/near private drive,02-Thru lane,01-Clear,01-Daylight,MIDBLOCK,
2879,07-032758,20070321,ST LEGER ST btwn QUEEN ST N & HERMIE PL,01-Non intersection,02-Thru lane,01-Clear,01-Daylight,MIDBLOCK,
2880,07-121631,20070924,HERMIE PL btwn ELLEN ST W & ST LEGER ST,04-At/near private drive,12-Off highway,01-Clear,01-Daylight,MIDBLOCK,
2881,07-037077,20070330,BEDFORD RD btwn BORDEN AVE S & OTTAWA ST S,01-Non intersection,02-Thru lane,01-Clear,"08-Dark, artificial",MIDBLOCK,
2882,07-028936,20070312,GUELPH ST btwn SPRING VALLEY RD & RIVERBEND DR,06-Underpass or tunnel,02-Thru lane,01-Clear,01-Daylight,MIDBLOCK,
2883,07-021511,20070723,HOMER WATSON BLVD btwn HOMER WATSON ONRAMP & DOON VILLAGE RD,02-Intersection related,02-Thru lane,01-Clear,01-Daylight,MIDBLOCK,
2884,07-021496,20070223,HOMER WATSON BLVD btwn HOMER WATSON OFFRAMP & HOMER WATSON ONRAMP,02-Intersection related,02-Thru lane,01-Clear,01-Daylight,MIDBLOCK,
2885,07-152393,20071129,OLD HURON RD btwn MAXWELL DR & BATTLER RD,01-Non intersection,10-Not on roadway - left side,03-Snow,01-Daylight,MIDBLOCK,
2886,07-052863,20070506,BIRKSHIRE CRT btwn LORRAINE AVE & CUL DE SAC,01-Non intersection,02-Thru lane,01-Clear,"08-Dark, artificial",MIDBLOCK,
2887,07-062392,20070527,OXFORD ST btwn ELIZABETH ST & UNION ST,04-At/near private drive,02-Thru lane,01-Clear,"08-Dark, artificial",MIDBLOCK,
2888,07-061223,20070524,TRILLIUM DR btwn GROFF PL & TRILLIUM PARK PL,10-Parking lot,12-Off highway,01-Clear,07-Dark,MIDBLOCK,
2889,07-164617,20071228,YAGER AVE btwn SOUTHMOOR DR & SOUTHMOOR DR,04-At/near private drive,02-Thru lane,01-Clear,03-Dawn,MIDBLOCK,
2890,07-024844,20070305,CHOPIN DR btwn WESTMOUNT RD W & MARKWOOD DR,01-Non intersection,02-Thru lane,01-Clear,"08-Dark, artificial",MIDBLOCK,
2891,07-041558,20070411,WALKER ST btwn KINZIE AVE & FLORENCE AVE,10-Parking lot,12-Off highway,01-Clear,99-Other,MIDBLOCK,
2892,07-160208,20071217,KING ST W btwn FRANCIS ST N & VICTORIA ST N,01-Non intersection,11-Not on roadway - right side,03-Snow,01-Daylight,MIDBLOCK,
2893,07-044191,20070414,PARKVIEW CRES btwn KENORA DR & KENORA DR,04-At/near private drive,02-Thru lane,01-Clear,01-Daylight,MIDBLOCK,
2894,08-169483,20081219,COUNTRY HILL DR btwn BLOCK LINE RD & CHERRY HILL DR,01-Non intersection,02-Thru lane,05-Drifting Snow,01-Daylight,MIDBLOCK,
2895,08-006731,20080117,LAURENTIAN DR btwn CARTIER DR & HOWLAND DR,01-Non intersection,02-Thru lane,01-Clear,01-Daylight,MIDBLOCK,
2896,08-107643,20080825,THE COUNTRY WAY btwn OLD COUNTRY DR & SETTLERS DR,01-Non intersection,02-Thru lane,01-Clear,01-Daylight,MIDBLOCK,
2897,08-078854,20080626,MITTON PL btwn BIEHN DR & CUL DE SAC,01-Non intersection,02-Thru lane,01-Clear,01-Daylight,MIDBLOCK,
2898,08-021132,20080219,ERINBROOK DR btwn TILLSLEY DR & DUNEDIN CRT,04-At/near private drive,02-Thru lane,01-Clear,01-Daylight,MIDBLOCK,
2899,08-033568,20080319,PERIWINKLE ST btwn ACTIVA AVE & SWEET WILLIAM ST,04-At/near private drive,02-Thru lane,01-Clear,01-Daylight,MIDBLOCK,
2900,08-013584,20080202,DRIFTWOOD DR btwn SOMERFIELD PL & PARKLAND CRES,04-At/near private drive,02-Thru lane,01-Clear,"08-Dark, artificial",MIDBLOCK,
2901,08-017361,20080211,DAVID ST btwn HILDA PL & ROLAND ST,01-Non intersection,02-Thru lane,01-Clear,01-Daylight,MIDBLOCK,
2902,08-029832,20080311,WATER ST N btwn DUKE ST W & FRANCIS ST N,04-At/near private drive,02-Thru lane,01-Clear,01-Daylight,MIDBLOCK,
2903,08-036207,20080326,OPRINGTON DR btwn VICTORIA ST S & BENESFORT DR,04-At/near private drive,02-Thru lane,01-Clear,01-Daylight,MIDBLOCK,
2904,08-035881,20080325,SEVERN AVE btwn UNION BLVD & WATERLOO BOUNDARY,04-At/near private drive,01-Within intersection,01-Clear,01-Daylight,MIDBLOCK,
2905,08-036344,20080325,BLOCK LINE RD btwn HOMER WATSON BLVD & FALLOWFIELD DR,01-Non intersection,09-Right shoulder,03-Snow,01-Daylight,MIDBLOCK,
2906,08-026064,20080222,BLUCHER ST btwn MARGARET AVE & ST LEGER ST,04-At/near private drive,02-Thru lane,03-Snow,01-Daylight,MIDBLOCK,
2907,08-018731,20080213,LOUISA ST btwn AHRENS ST W & MARGARET AVE,01-Non intersection,02-Thru lane,01-Clear,07-Dark,MIDBLOCK,
2908,08-021455,20080220,SUNRISE DR btwn MATTHEW ST & SMETANA DR,04-At/near private drive,12-Off highway,01-Clear,01-Daylight,MIDBLOCK,
2909,08-038689,20080401,LYNN CRT btwn SANDWELL CRT & END,01-Non intersection,02-Thru lane,01-Clear,01-Daylight,MIDBLOCK,
2910,08-045002,20080416,WATERLOO ST btwn DUKE ST W & GUELPH ST,01-Non intersection,02-Thru lane,01-Clear,01-Daylight,MIDBLOCK,
2911,08-044045,20080414,CONNAUGHT ST btwn WOODHAVEN RD & MUNROE ST,04-At/near private drive,12-Off highway,,,MIDBLOCK,
2912,08-142071,20081102,NELSON AVE btwn BLOOMINGDALE RD & NORBERT PL,04-At/near private drive,02-Thru lane,01-Clear,01-Daylight,MIDBLOCK,
2913,08-014319,20080204,BELMONT AVE W btwn GLASGOW ST & BELMONT LANE E,99-Other,12-Off highway,01-Clear,01-Daylight,MIDBLOCK,
2914,08-015574,20080207,GENEVA CRES btwn SELKIRK DR & SELKIRK DR,01-Non intersection,02-Thru lane,01-Clear,01-Daylight,MIDBLOCK,
2915,08-131428,20081013,CASEY DR btwn MCGIBBON CRT & BRIERDALE DR,04-At/near private drive,09-Right shoulder,01-Clear,,MIDBLOCK,
2916,08-075633,20080620,WOODHAVEN RD btwn CONNAUGHT ST & GREENFIELD AVE,01-Non intersection,11-Not on roadway - right side,01-Clear,01-Daylight,MIDBLOCK,
2917,08-111818,20080903,FOREST GLEN CRES btwn FORESTWOOD DR & FOREST GLEN CRT,04-At/near private drive,02-Thru lane,01-Clear,01-Daylight,MIDBLOCK,
2918,08-115424,20080911,CARYNDALE DR btwn CHAPEL HILL DR & EVENSTONE AVE,04-At/near private drive,11-Not on roadway - right side,01-Clear,07-Dark,MIDBLOCK,
2919,08-097612,20080803,MORRISON RD btwn KING ST E & MANOR DR,01-Non intersection,11-Not on roadway - right side,01-Clear,01-Daylight,MIDBLOCK,
2920,08-092275,20080723,STRASBURG RD btwn BARWOOD CRES & SELKIRK DR,01-Non intersection,02-Thru lane,01-Clear,01-Daylight,MIDBLOCK,
2921,08-022086,20080222,DOON SOUTH DR btwn DOON SOUTH DR & WOODSMERE DR,01-Non intersection,10-Not on roadway - left side,03-Snow,01-Daylight,MIDBLOCK,
2922,08-126773,20081004,OLD MILL RD btwn SYDENHAM ST & DOON VALLEY DR,04-At/near private drive,02-Thru lane,01-Clear,01-Daylight,MIDBLOCK,
2923,08-126065,20081002,BELMONT AVE W btwn FARNHAM AVE & MARLBOROUGH AVE,04-At/near private drive,02-Thru lane,02-Rain,07-Dark,MIDBLOCK,
2924,08-131062,20081013,EAST AVE btwn SHERBOURNE AVE & EAST AVE,04-At/near private drive,02-Thru lane,01-Clear,01-Daylight,MIDBLOCK,
2925,08-024918,20080228,QUEENS BLVD btwn REX DR & QUEENS BLVD,01-Non intersection,02-Thru lane,01-Clear,,MIDBLOCK,
2926,08-024144,20080226,UPPER CANADA DR btwn LOWER CANADA CRES & PIONEER DR,01-Non intersection,02-Thru lane,03-Snow,"08-Dark, artificial",MIDBLOCK,
2927,08-018087,20080212,FOREST EDGE TRAIL btwn AUTUMN RIDGE TRAIL & CHESTNUT HILL CRES,01-Non intersection,02-Thru lane,03-Snow,"08-Dark, artificial",MIDBLOCK,
2928,08-023075,20080223,SHELDON AVE N btwn KING ST E & ROSEDALE AVE,04-At/near private drive,02-Thru lane,01-Clear,01-Daylight,MIDBLOCK,
2929,08-019438,20080215,THE COUNTRY WAY btwn SPRING HILL PL & NICHOLE CRES,04-At/near private drive,09-Right shoulder,01-Clear,01-Daylight,MIDBLOCK,
2930,08-014425,20080204,ADAM FERRIE PL btwn TRILLIUM DR & CUL DE SAC,01-Non intersection,99-Other,02-Rain,"08-Dark, artificial",MIDBLOCK,
2931,08-020288,20080217,VERONICA DR btwn END & BANCROFT ST,04-At/near private drive,02-Thru lane,04-Freezing Rain,01-Daylight,MIDBLOCK,
2932,08-099299,20080807,TRILLIUM DR btwn TRILLIUM PARK PL & BEASLEY DR,04-At/near private drive,02-Thru lane,01-Clear,01-Daylight,MIDBLOCK,
2933,08-069981,20080609,EASTFOREST TRAIL btwn OLIVER CRT & WILDLARK CRES,04-At/near private drive,02-Thru lane,01-Clear,01-Daylight,MIDBLOCK,
2934,08-021041,20080217,ELLEN ST W btwn HERMIE PL & VICTORIA ST N,04-At/near private drive,02-Thru lane,01-Clear,01-Daylight,MIDBLOCK,
2935,08-079092,20080627,RIVER RD E btwn MANCHESTER RD & NIAGARA RD,01-Non intersection,02-Thru lane,01-Clear,01-Daylight,MIDBLOCK,
2936,08-074468,20080618,EDGEWATER CRES btwn JANINE ST & JANINE ST,01-Non intersection,02-Thru lane,01-Clear,01-Daylight,MIDBLOCK,
2937,08-023682,20080225,GRUHN ST btwn AGNES ST & GLASGOW ST,01-Non intersection,02-Thru lane,01-Clear,01-Daylight,MIDBLOCK,
2938,08-065592,20080531,JOSEPH SCHOERG CRES btwn JOSEPH SCHOERG PL & LANGTON DR,99-Other,10-Not on roadway - left side,01-Clear,07-Dark,MIDBLOCK,
2939,08-131561,20081013,RED CLOVER CRES btwn RED CLOVER CRT & SNOWDROP CRES,04-At/near private drive,02-Thru lane,01-Clear,01-Daylight,MIDBLOCK,
2940,08-129130,20081007,WILLIAMSBURG RD btwn WILKINS DR & PINEDALE DR,04-At/near private drive,09-Right shoulder,01-Clear,,MIDBLOCK,
2941,08-005752,20080114,WILSON AVE btwn BALFOUR CRES & KINGSWAY DR,01-Non intersection,02-Thru lane,02-Rain,05-Dusk,MIDBLOCK,
2942,08-005463,20080113,ERINBROOK DR btwn HEDGESTONE CRT & RUSHBROOK DR,01-Non intersection,11-Not on roadway - right side,03-Snow,"08-Dark, artificial",MIDBLOCK,
2943,08-170519,20081221,WESTHEIGHTS DR btwn AUTUMN HILL CRES & AUTUMN HILL CRES,04-At/near private drive,02-Thru lane,03-Snow,01-Daylight,MIDBLOCK,