OBJECTID,ACCIDENTNUM,ACCIDENTDATE,LOCATION,ACCIDENT_LOCATION,IMPACT_LOCATION,ENVIRONMENT_CONDITION,LIGHT,COLLISION_TYPE,TRAFFICCOLLISIONSID
2944,08-038239,20080330,GREENBROOK DR btwn RUSKVIEW RD & FISCHER HALLMAN RD,01-Non intersection,02-Thru lane,01-Clear,01-Daylight,MIDBLOCK,
2945,08-007851,20080119,YELLOW BIRCH DR btwn CEDAR CREST ST & HODDLE CRES,04-At/near private drive,02-Thru lane,01-Clear,01-Daylight,MIDBLOCK,
2946,08-011722,20080122,MCGARRY DR btwn FORESTWOOD DR & BROOKSIDE CRES,01-Non intersection,02-Thru lane,03-Snow,01-Daylight,MIDBLOCK,
2947,08-034988,20080323,DEER RIDGE DR btwn LANTERN ST & FALL HARVEST DR,01-Non intersection,02-Thru lane,01-Clear,01-Daylight,MIDBLOCK,
2948,08-042944,20080402,MAHOGANY ST btwn PROSPERITY DR & END,04-At/near private drive,02-Thru lane,01-Clear,01-Daylight,MIDBLOCK,
2949,08-046484,20080418,RESURRECTION DR btwn NORTHMANOR CRES & NORTHMANOR CRES,04-At/near private drive,02-Thru lane,01-Clear,"08-Dark, artificial",MIDBLOCK,
2950,08-140155,20081103,BIEHN DR btwn BLACK WALNUT DR & MARL MEADOW DR,04-At/near private drive,02-Thru lane,99-Other,01-Daylight,MIDBLOCK,
2951,08-135230,20081023,BLACK WALNUT DR btwn PIONEER DR & BLACK WALNUT PL,01-Non intersection,02-Thru lane,01-Clear,07-Dark,MIDBLOCK,
2952,08-035963,20080325,COTTON GRASS ST btwn COPPER LEAF ST & DUBRICK CRES,04-At/near private drive,02-Thru lane,01-Clear,"06-Dusk, artificial",MIDBLOCK,
2953,08-071414,20080612,HALIFAX DR btwn CONFEDERATION DR & NATCHEZ RD,04-At/near private drive,02-Thru lane,01-Clear,01-Daylight,MIDBLOCK,
2954,08-056734,20080512,RIVER VALLEY DR btwn RIVER BIRCH ST & RIVER BIRCH ST,99-Other,12-Off highway,02-Rain,01-Daylight,MIDBLOCK,
2955,08-061554,20080522,MONARCH WOODS DR btwn THOMAS SLEE DR & MOSSGROVE DR,01-Non intersection,02-Thru lane,01-Clear,01-Daylight,MIDBLOCK,
2956,08-012850,20080201,SIMPSON AVE btwn MIDLAND DR & DOOLEY DR,01-Non intersection,02-Thru lane,05-Drifting Snow,01-Daylight,MIDBLOCK,
2957,08-069997,20080607,INGLESIDE DR btwn DALEGROVE DR & HAZELGLEN DR,04-At/near private drive,02-Thru lane,01-Clear,01-Daylight,MIDBLOCK,
2958,08-129543,20081010,QUEEN ST N btwn GOUDIES LANE & DUKE ST W,04-At/near private drive,02-Thru lane,01-Clear,01-Daylight,MIDBLOCK,
2959,08-170468,20081221,TISDALE CRT btwn BRIARMEADOW DR & END,01-Non intersection,02-Thru lane,01-Clear,01-Daylight,MIDBLOCK,
2960,08-163593,20081208,SIMEON ST btwn CHAPEL ST & BRUBACHER ST,04-At/near private drive,02-Thru lane,03-Snow,"08-Dark, artificial",MIDBLOCK,
2961,08-151007,20081119,MORGAN AVE btwn SOUTHILL DR & PEPPERWOOD CRES,04-At/near private drive,02-Thru lane,01-Clear,01-Daylight,MIDBLOCK,
2962,08-084353,20080707,BRADLEY DR btwn MIDLAND DR & BRADLEY PL,04-At/near private drive,12-Off highway,01-Clear,01-Daylight,MIDBLOCK,
2963,08-084208,20080703,BRUBACHER ST btwn SAMUEL ST & SIMEON ST,04-At/near private drive,02-Thru lane,01-Clear,01-Daylight,MIDBLOCK,
2964,08-048436,20080422,TUPPER CRT btwn TUPPER CRES & CUL DE SAC,04-At/near private drive,02-Thru lane,01-Clear,01-Daylight,MIDBLOCK,
2965,08-047624,20080421,STIRLING AVE S btwn SOUTHMOOR DR & AVALON PL,04-At/near private drive,02-Thru lane,01-Clear,01-Daylight,MIDBLOCK,
2966,08-161698,20081206,OWEN AVE btwn HALLIWELL DR & INLET AVE,04-At/near private drive,02-Thru lane,01-Clear,"08-Dark, artificial",MIDBLOCK,
2967,08-024036,20080226,KRUG ST btwn BECKER ST & CAMBRIDGE AVE,04-At/near private drive,02-Thru lane,03-Snow,07-Dark,MIDBLOCK,
2968,08-001852,20080105,LORNE CRES btwn SENECA DR & STIRLING AVE S,01-Non intersection,11-Not on roadway - right side,01-Clear,99-Other,MIDBLOCK,
2969,08-000581,20080101,HERITAGE DR btwn KEEWATIN AVE & LORRAINE AVE,04-At/near private drive,02-Thru lane,01-Clear,"08-Dark, artificial",MIDBLOCK,
2970,08-000681,20080101,BRUCE ST btwn ROSEMOUNT DR & FIFE AVE,01-Non intersection,02-Thru lane,01-Clear,07-Dark,MIDBLOCK,
2971,08-000342,20081231,PATRICIA AVE btwn VICTORIA ST S & TALBOT ST,04-At/near private drive,02-Thru lane,01-Clear,"08-Dark, artificial",MIDBLOCK,
2972,08-069679,20080608,DUNBAR RD btwn CLAREMONT AVE & IRVIN ST,01-Non intersection,10-Not on roadway - left side,01-Clear,01-Daylight,MIDBLOCK,
2973,08-053401,20080503,BIEHN DR btwn KILKERRAN CRES & SPENCER CRT,04-At/near private drive,02-Thru lane,01-Clear,05-Dusk,MIDBLOCK,
2974,08-041692,20080408,WOOLWICH ST btwn HILLCREST LANE & WATERLOO BOUNDARY,04-At/near private drive,02-Thru lane,01-Clear,01-Daylight,MIDBLOCK,
2975,08-054487,20080507,PAIGE ST btwn BRIDGE ST E & PAIGE ST,04-At/near private drive,02-Thru lane,01-Clear,01-Daylight,MIDBLOCK,
2976,08-023112,20080224,SNOWDROP CRES btwn PURPLE SAGE CRES & RED CLOVER CRES,04-At/near private drive,02-Thru lane,01-Clear,01-Daylight,MIDBLOCK,
2977,08-049028,20080424,WESTFOREST TRAIL btwn WESTMEADOW DR & BANKSIDE DR,04-At/near private drive,02-Thru lane,01-Clear,01-Daylight,MIDBLOCK,
2978,08-070027,20080609,FAIRWAY RD S btwn WILSON AVE & MANITOU DR,10-Parking lot,12-Off highway,01-Clear,01-Daylight,MIDBLOCK,
2979,08-070311,20080609,AVALON PL btwn CUL DE SAC & SOUTHMOOR DR,04-At/near private drive,02-Thru lane,01-Clear,"08-Dark, artificial",MIDBLOCK,
2980,08-010080,20080810,GRAND RIVER BLVD btwn ONEIDA PL & CHANDOS DR,04-At/near private drive,02-Thru lane,01-Clear,01-Daylight,MIDBLOCK,
2981,08-072852,20080614,HOFFMAN ST btwn MEINZINGER AVE & KEHL ST,04-At/near private drive,12-Off highway,01-Clear,05-Dusk,MIDBLOCK,
2982,08-085494,20080710,COUNTRY CLAIR ST btwn COUNTRY CLAIR PL & LANDGREN CRT,04-At/near private drive,02-Thru lane,01-Clear,01-Daylight,MIDBLOCK,
2983,08-171716,20081223,TRUSSLER RD btwn COSTAIN CRT & HIGHVIEW DR,01-Non intersection,02-Thru lane,01-Clear,01-Daylight,MIDBLOCK,
2984,08-166389,20081214,MARGARET AVE btwn WILHELM ST & BLUCHER ST,04-At/near private drive,11-Not on roadway - right side,04-Freezing Rain,01-Daylight,MIDBLOCK,
2985,08-161832,20081206,HURON RD btwn CRANSHAW ST & PLAINS RD,01-Non intersection,09-Right shoulder,03-Snow,01-Daylight,MIDBLOCK,
2986,08-017644,20080211,ST GEORGE ST btwn BENTON ST & HEBEL PL,04-At/near private drive,02-Thru lane,01-Clear,"08-Dark, artificial",MIDBLOCK,
2987,08-162482,20081207,PINE VALLEY DR btwn FISCHER CRT & KNOX CRT,01-Non intersection,11-Not on roadway - right side,,,MIDBLOCK,
2988,08-029558,20080310,VANIER DR btwn SIEBERT AVE & TRAYNOR AVE,04-At/near private drive,01-Within intersection,01-Clear,01-Daylight,MIDBLOCK,
2989,08-000648,20080102,CORFIELD DR btwn DAIMLER DR & CORFIELD PL,04-At/near private drive,02-Thru lane,01-Clear,01-Daylight,MIDBLOCK,
2990,08-007080,20080118,AVALON PL btwn BARBARA CRES & CUL DE SAC,01-Non intersection,10-Not on roadway - left side,03-Snow,"08-Dark, artificial",MIDBLOCK,
2991,08-063365,20080526,ANVIL ST btwn FARMINGTON PL & BECHTEL DR,04-At/near private drive,02-Thru lane,01-Clear,01-Daylight,MIDBLOCK,
2992,08-034459,20080321,MCINTYRE DR btwn STRASBURG RD & MCBRINE DR,04-At/near private drive,11-Not on roadway - right side,01-Clear,"08-Dark, artificial",MIDBLOCK,
2993,08-040982,20080407,ORCHID CRES btwn GREY FOX DR & GREY FOX DR,01-Non intersection,02-Thru lane,01-Clear,05-Dusk,MIDBLOCK,
2994,08-032472,20080317,BIEHN DR btwn CARLYLE DR & MAXWELL DR,01-Non intersection,02-Thru lane,01-Clear,01-Daylight,MIDBLOCK,
2995,08-099376,20080805,LARKSPUR CRES btwn SUMMIT AVE & SUMMIT AVE,04-At/near private drive,02-Thru lane,01-Clear,01-Daylight,MIDBLOCK,
2996,08-097665,20080803,CARSON DR btwn STRATHCONA CRES & LORRAINE AVE,04-At/near private drive,09-Right shoulder,01-Clear,01-Daylight,MIDBLOCK,
2997,08-061155,20080520,DUNDAS AVE btwn OTTAWA ST S & SYDNEY ST S,04-At/near private drive,02-Thru lane,01-Clear,01-Daylight,MIDBLOCK,
2998,08-052007,20080429,ABERDEEN RD btwn CLAREMONT AVE & INVERNESS DR,04-At/near private drive,02-Thru lane,01-Clear,"06-Dusk, artificial",MIDBLOCK,
2999,08-063605,20080527,TIMBERLANE CRES btwn ROLLING MEADOWS DR & ROLLING MEADOWS DR,04-At/near private drive,02-Thru lane,01-Clear,01-Daylight,MIDBLOCK,
3000,08-023455,20080224,DAYTONA ST btwn MONTE CARLO ST & CAPRICE CRT,04-At/near private drive,02-Thru lane,01-Clear,01-Daylight,MIDBLOCK,
3001,08-050416,20080427,ROSENEATH CRES btwn BLACKHORNE DR & LAURENTIAN DR,04-At/near private drive,02-Thru lane,01-Clear,01-Daylight,MIDBLOCK,
3002,08-096679,20080801,WATERLOO ST btwn PELTZ AVE & FERDINAND AVE,01-Non intersection,09-Right shoulder,01-Clear,01-Daylight,MIDBLOCK,
3003,08-068644,20080606,SIMEON ST btwn CAMERON ST N & PANDORA AVE N,04-At/near private drive,02-Thru lane,01-Clear,01-Daylight,MIDBLOCK,
3004,08-052138,20080501,ZEFFER PL btwn VERONICA DR & VERONICA DR,01-Non intersection,02-Thru lane,01-Clear,01-Daylight,MIDBLOCK,
3005,08-152584,20081122,MOUNTAIN LAUREL CRES btwn BRIDLEWREATH ST & BERRY MOSS ST,01-Non intersection,02-Thru lane,01-Clear,07-Dark,MIDBLOCK,
3006,08-150985,20081119,DIXON ST btwn PLYMOUTH RD & CARLIN AVE,01-Non intersection,02-Thru lane,03-Snow,07-Dark,MIDBLOCK,
3007,08-117937,20080916,CLARK AVE btwn WILSON AVE & HARBER AVE,04-At/near private drive,02-Thru lane,01-Clear,07-Dark,MIDBLOCK,
3008,08-172246,20081224,THE COUNTRY WAY btwn SETTLERS DR & TUERR DR,04-At/near private drive,02-Thru lane,02-Rain,01-Daylight,MIDBLOCK,
3009,08-139180,20081101,MAX BECKER DR btwn COMMONWEALTH ST & HELENA FEASBY ST,01-Non intersection,02-Thru lane,01-Clear,"08-Dark, artificial",MIDBLOCK,
3010,08-014453,20080202,TOYNBEE CRES btwn ROYAL ORCHARD DR & DRIFTWOOD DR,04-At/near private drive,02-Thru lane,01-Clear,05-Dusk,MIDBLOCK,
3011,08-016578,20080208,HIDDEN CREEK DR btwn HOLLYRIDGE CRES & WESTFOREST TRAIL,04-At/near private drive,02-Thru lane,01-Clear,01-Daylight,MIDBLOCK,
3012,08-013420,20080202,EAST AVE btwn KRUG ST & GLENDALE RD,04-At/near private drive,02-Thru lane,01-Clear,01-Daylight,MIDBLOCK,
3013,08-010623,20080125,JACKSON AVE btwn KING ST E & WEBER ST E,04-At/near private drive,02-Thru lane,01-Clear,01-Daylight,MIDBLOCK,
3014,08-036915,20080328,KING ST E btwn BETZNER AVE S & PANDORA AVE N,04-At/near private drive,11-Not on roadway - right side,01-Clear,01-Daylight,MIDBLOCK,
3015,08-040872,20080406,THALER AVE btwn SCENIC WOOD CRES & SCENIC WOOD CRES,01-Non intersection,02-Thru lane,01-Clear,01-Daylight,MIDBLOCK,
3016,08-042802,20080408,FILBERT ST btwn MANSION ST & FREDERICK ST,04-At/near private drive,99-Other,01-Clear,01-Daylight,MIDBLOCK,
3017,08-029008,20080309,HOWLAND DR btwn OTTAWA ST S & SHEA CRES,04-At/near private drive,02-Thru lane,01-Clear,01-Daylight,MIDBLOCK,
3018,08-058865,20080515,BROOKSIDE CRES btwn RAMBLEWOOD WAY & RAMBLEWOOD WAY,04-At/near private drive,02-Thru lane,01-Clear,05-Dusk,MIDBLOCK,
3019,08-056229,20080510,HIGHVIEW DR btwn SUGAR MAPLE ST & OLD PARK LANE,01-Non intersection,02-Thru lane,01-Clear,"08-Dark, artificial",MIDBLOCK,
3020,08-062793,20080524,WILHELM ST btwn WEBER ST W & HETT AVE,04-At/near private drive,02-Thru lane,01-Clear,01-Daylight,MIDBLOCK,
3021,08-048935,20080422,ZELLER DR btwn BROOKMEAD ST & OLD ZELLER DR,01-Non intersection,09-Right shoulder,01-Clear,01-Daylight,MIDBLOCK,
3022,08-057798,20080514,PETER ST btwn MARTIN ST & WHITNEY PL,01-Non intersection,02-Thru lane,02-Rain,01-Daylight,MIDBLOCK,
3023,08-064210,20080528,FOREST HILL DR btwn GREENBROOK DR & SHADYWOOD CRES,01-Non intersection,02-Thru lane,01-Clear,01-Daylight,MIDBLOCK,
3024,08-173820,20081225,BETTLEY CRES btwn BAIRD AVE & BAIRD AVE,04-At/near private drive,02-Thru lane,01-Clear,01-Daylight,MIDBLOCK,
3025,08-117124,20080914,OLD HURON CRT btwn OLD HURON PL & OLD HURON CRT,04-At/near private drive,02-Thru lane,,"08-Dark, artificial",MIDBLOCK,
3026,07-098084,20070807,PIPERS GREEN CRT btwn ERINBROOK DR & CUL DE SAC,04-At/near private drive,02-Thru lane,01-Clear,01-Daylight,MIDBLOCK,
3027,07-017838,20070214,RIVERBANK DR btwn KING ST E & CAMBRIDGE BOUNDARY,01-Non intersection,02-Thru lane,03-Snow,07-Dark,MIDBLOCK,
3028,07-060073,20070522,STIRLING LANE btwn PANDORA AVE S & STIRLING AVE S,01-Non intersection,12-Off highway,01-Clear,01-Daylight,MIDBLOCK,
3029,07-063613,20070529,MILL PARK DR btwn MORNINGVIEW PL & OLD MILL RD,04-At/near private drive,02-Thru lane,01-Clear,"08-Dark, artificial",MIDBLOCK,
3030,07-091057,20070724,CEDAR ST N btwn MAY PL & KRUG ST,01-Non intersection,07-Passing lane,01-Clear,01-Daylight,MIDBLOCK,
3031,07-087888,20070717,BREITHAUPT ST btwn DUKE ST W & WEBER ST W,01-Non intersection,02-Thru lane,01-Clear,01-Daylight,MIDBLOCK,
3032,07-019109,20070217,SIMEON ST btwn BINGEMAN ST & CHAPEL ST,04-At/near private drive,02-Thru lane,01-Clear,01-Daylight,MIDBLOCK,
3033,07-020257,20070220,LAURENTIAN DR btwn WESTMOUNT RD E & DARCY PL,04-At/near private drive,02-Thru lane,01-Clear,01-Daylight,MIDBLOCK,
3034,07-000946,20070103,OVERLEA DR btwn OVERLEA CRES & OVERLEA CRES,04-At/near private drive,02-Thru lane,01-Clear,"04-Dawn, artificial",MIDBLOCK,
3035,07-058250,20070507,DUNCAIRN AVE btwn SWEETBRIAR DR & SWEETBRIAR DR,01-Non intersection,02-Thru lane,01-Clear,01-Daylight,MIDBLOCK,
3036,07-165863,20071231,PIONEER TOWER RD btwn MAPLE MANOR CRT & PIONEER RIDGE DR,01-Non intersection,02-Thru lane,01-Clear,01-Daylight,MIDBLOCK,
3037,07-084693,20070712,FISCHER CRT btwn PINE VALLEY DR & CUL DE SAC,04-At/near private drive,02-Thru lane,01-Clear,01-Daylight,MIDBLOCK,
3038,07-123247,20070926,MERNER AVE btwn FREDERICK ST & BINGEMAN ST,04-At/near private drive,02-Thru lane,01-Clear,,MIDBLOCK,
3039,07-001869,20070104,EAST AVE btwn FREDERICK ST & BINGEMAN ST,04-At/near private drive,02-Thru lane,02-Rain,"08-Dark, artificial",MIDBLOCK,
3040,07-013792,20070204,OLD HURON RD btwn HURON RD ONRAMP & MAXWELL DR,01-Non intersection,11-Not on roadway - right side,06-Strong wind,07-Dark,MIDBLOCK,
3041,07-125103,20071001,SLEEPY HOLLOW CRT btwn WESTFOREST TRAIL & CUL DE SAC,04-At/near private drive,02-Thru lane,01-Clear,07-Dark,MIDBLOCK,
3042,07-164892,20071228,QUEEN ST S btwn HOMEWOOD AVE & WOODSIDE AVE,01-Non intersection,02-Thru lane,03-Snow,07-Dark,MIDBLOCK,
3043,07-088208,20070718,COMMONWEALTH ST btwn COMMONWEALTH CRES & MAX BECKER DR,01-Non intersection,11-Not on roadway - right side,01-Clear,,MIDBLOCK,
3044,07-128770,20071008,CHANDLER DR btwn BONFIELD PL & ELMSDALE DR,04-At/near private drive,02-Thru lane,01-Clear,01-Daylight,MIDBLOCK,
3045,07-142317,20071105,PROSPERITY DR btwn ERIKA CRT & MARIPOSA CRT,04-At/near private drive,02-Thru lane,01-Clear,07-Dark,MIDBLOCK,
3046,07-110782,20070902,TEMPLETON DR btwn EDENBRIDGE DR & CHARLESTON PL,04-At/near private drive,09-Right shoulder,01-Clear,01-Daylight,MIDBLOCK,
3047,07-163001,20071221,BAIRD AVE btwn BETTLEY CRES & BETTLEY CRES,04-At/near private drive,02-Thru lane,01-Clear,01-Daylight,MIDBLOCK,
3048,07-157574,20071209,SIENNA CRES btwn FRANKFURT ST & VERONA ST,04-At/near private drive,02-Thru lane,01-Clear,07-Dark,MIDBLOCK,
3049,07-073076,20070617,GLASGOW ST btwn NORTHFOREST TRAIL & WATERLOO BOUNDARY,01-Non intersection,12-Off highway,01-Clear,01-Daylight,MIDBLOCK,
3050,07-136738,20071025,APPLEWOOD AVE btwn AVON RD & MONTEREY CRES,04-At/near private drive,02-Thru lane,01-Clear,"08-Dark, artificial",MIDBLOCK,
3051,07-101810,20070814,HILLVIEW ST btwn EDWIN ST & ST VINCENT ST,04-At/near private drive,02-Thru lane,01-Clear,01-Daylight,MIDBLOCK,
3052,07-076988,20070624,BUSH CLOVER CRES btwn HACKBERRY ST & ACTIVA AVE,04-At/near private drive,02-Thru lane,01-Clear,"08-Dark, artificial",MIDBLOCK,
3053,07-064472,20070531,PANDORA AVE N btwn PANDORA AVE S & DUKE ST E,04-At/near private drive,02-Thru lane,01-Clear,01-Daylight,MIDBLOCK,
3054,07-060656,20070523,ELMSDALE DR btwn CHANDLER DR & OTTAWA ST S,04-At/near private drive,02-Thru lane,01-Clear,01-Daylight,MIDBLOCK,
3055,07-090766,20070723,BRIARMEADOW CRES btwn BRIARMEADOW DR & BRIARMEADOW DR,04-At/near private drive,02-Thru lane,01-Clear,01-Daylight,MIDBLOCK,
3056,07-142732,20071107,TURNER AVE btwn VICTORIA ST N & FREDERICK ST,04-At/near private drive,02-Thru lane,01-Clear,01-Daylight,MIDBLOCK,
3057,07-016454,20070210,AMHERST DR btwn DRUMMOND DR & DURHAM ST,04-At/near private drive,10-Not on roadway - left side,01-Clear,07-Dark,MIDBLOCK,
3058,07-111143,20070903,ARDWOOD PL btwn IDLE CREEK DR & BRANWOOD PL,04-At/near private drive,02-Thru lane,01-Clear,01-Daylight,MIDBLOCK,
3059,07-132584,20071016,ERINBROOK DR btwn HIGHCROFT CRT & LAURENTIAN DR,10-Parking lot,12-Off highway,01-Clear,01-Daylight,MIDBLOCK,
3060,07-160541,20071217,HAZELGLEN DR btwn INGLESIDE DR & SHADELAND CRES,04-At/near private drive,02-Thru lane,01-Clear,01-Daylight,MIDBLOCK,
3061,07-160147,20071216,LANARK CRES btwn BLACKWELL DR & LANARK CRT,04-At/near private drive,02-Thru lane,05-Drifting Snow,01-Daylight,MIDBLOCK,
3062,07-163123,20071223,GATEWAY PARK DR btwn TU LANE ST & KING ST E,04-At/near private drive,02-Thru lane,01-Clear,01-Daylight,MIDBLOCK,
3063,07-164689,20071227,INDIGO ST btwn PROSPERITY DR & PROSPERITY DR,04-At/near private drive,02-Thru lane,01-Clear,07-Dark,MIDBLOCK,
3064,07-143454,20071108,TROY ST btwn KRUG ST & CAMERON ST N,04-At/near private drive,02-Thru lane,99-Other,"08-Dark, artificial",MIDBLOCK,
3065,07-146874,20071116,KING ST E btwn CEDAR ST S & MADISON AVE S,01-Non intersection,02-Thru lane,01-Clear,07-Dark,MIDBLOCK,
3066,07-077662,20070624,JACKSON AVE btwn BRENTWOOD AVE & FAIRMOUNT RD,04-At/near private drive,02-Thru lane,01-Clear,01-Daylight,MIDBLOCK,
3067,07-163163,20071223,TILT DR btwn DOON VILLAGE RD & DOON MILLS DR,01-Non intersection,02-Thru lane,06-Strong wind,07-Dark,MIDBLOCK,
3068,07-007825,20070120,WINDY RIDGE DR btwn MILLWOOD CRES & WINDY RIDGE PL,01-Non intersection,02-Thru lane,01-Clear,01-Daylight,MIDBLOCK,
3069,07-040132,20070407,GEORGIAN ST btwn OSWEGO CRT & GEORGIAN CRES,04-At/near private drive,02-Thru lane,01-Clear,01-Daylight,MIDBLOCK,
3070,07-038671,20070404,BLOCK LINE RD btwn COUNTRY HILL DR & KINGSWOOD DR,01-Non intersection,02-Thru lane,01-Clear,01-Daylight,MIDBLOCK,
3071,07-037778,20070402,FOREST HILL DR btwn WESTMOUNT RD E & SPRINGBANK CRES,01-Non intersection,02-Thru lane,01-Clear,07-Dark,MIDBLOCK,
3072,07-084145,20070709,ACTIVA AVE btwn BERRY MOSS ST & DAVID BERGEY DR,04-At/near private drive,02-Thru lane,01-Clear,01-Daylight,MIDBLOCK,
3073,07-161120,20071219,COMMONWEALTH CRES btwn ISABELLA ST & COMMONWEALTH ST,01-Non intersection,02-Thru lane,01-Clear,01-Daylight,MIDBLOCK,
3074,07-154781,20071204,WOOLWICH ST btwn SUNBRIDGE CRES & FALCONRIDGE DR,01-Non intersection,02-Thru lane,01-Clear,07-Dark,MIDBLOCK,
3075,07-150529,20071125,RIVER RD E btwn NIAGARA RD & HALLIWELL DR,01-Non intersection,02-Thru lane,01-Clear,"08-Dark, artificial",MIDBLOCK,
3076,07-068445,20070608,STRASBURG RD btwn KINGSWOOD DR & BARWOOD CRES,03-At intersection,01-Within intersection,01-Clear,01-Daylight,MIDBLOCK,
3077,07-108133,20070828,FORESTWOOD DR btwn MEADOWLANE DR & MCGARRY DR,04-At/near private drive,02-Thru lane,01-Clear,01-Daylight,MIDBLOCK,
3078,07-076422,20070624,TRILLIUM DR btwn BEASLEY DR & STECKLE PL,99-Other,10-Not on roadway - left side,01-Clear,07-Dark,MIDBLOCK,
3079,07-138341,20071028,FRANKLIN ST S btwn GREENFIELD AVE & WILSON AVE,01-Non intersection,02-Thru lane,01-Clear,01-Daylight,MIDBLOCK,
3080,07-111090,20070903,GEHL PL btwn BLEAMS RD & END,01-Non intersection,09-Right shoulder,01-Clear,07-Dark,MIDBLOCK,
3081,07-021042,20070222,WESTWOOD DR btwn HUNTINGTON PL & GALLARNO CRT,01-Non intersection,02-Thru lane,03-Snow,01-Daylight,MIDBLOCK,
3082,07-100837,20070813,ACTIVA AVE btwn DONNENWERTH DR & MAX BECKER DR,01-Non intersection,02-Thru lane,01-Clear,"08-Dark, artificial",MIDBLOCK,
3083,07-018035,20070215,PARK ST btwn GLASGOW ST & GREEN ST,01-Non intersection,02-Thru lane,03-Snow,01-Daylight,MIDBLOCK,
3084,07-024620,20070302,KRUG ST btwn ETON DR & SHERWOOD AVE,04-At/near private drive,02-Thru lane,01-Clear,01-Daylight,MIDBLOCK,
3085,07-085545,20070712,PINEHURST CRES btwn MCGARRY DR & MCGARRY DR,04-At/near private drive,01-Within intersection,01-Clear,07-Dark,MIDBLOCK,
3086,07-133552,20071018,OLD CHICOPEE DR btwn OTTAWA ST N & HOLBORN DR,04-At/near private drive,02-Thru lane,02-Rain,05-Dusk,MIDBLOCK,
3087,07-162264,20071220,SOPHIA CRES btwn WOODBINE AVE & CORSICA ST,01-Non intersection,02-Thru lane,01-Clear,01-Daylight,MIDBLOCK,
3088,07-151440,20071126,BRADLEY DR btwn FRANKLIN ST N & ASKIN PL,01-Non intersection,11-Not on roadway - right side,01-Clear,01-Daylight,MIDBLOCK,
3089,07-154364,20071203,STRASBURG RD btwn BARWOOD CRES & BARWOOD CRES,04-At/near private drive,02-Thru lane,03-Snow,"08-Dark, artificial",MIDBLOCK,
3090,07-137798,20071027,BIEHN DR btwn MAXWELL DR & BLACK WALNUT DR,04-At/near private drive,02-Thru lane,01-Clear,01-Daylight,MIDBLOCK,
3091,07-040114,20070407,BETZNER AVE N btwn KING ST E & DUKE ST E,04-At/near private drive,02-Thru lane,01-Clear,01-Daylight,MIDBLOCK,
3092,07-157221,20071206,UDVARI CRES btwn HIGHBARRY CRES & HIGHBARRY CRES,04-At/near private drive,02-Thru lane,01-Clear,01-Daylight,MIDBLOCK,
3093,07-158530,20071213,LORILEE CRES btwn WESTHEIGHTS DR & LORILEE CRES,04-At/near private drive,02-Thru lane,01-Clear,01-Daylight,MIDBLOCK,
3094,07-007796,20070120,SCHWEITZER ST btwn LARK ST & CUL DE SAC,98-Other,11-Not on roadway - right side,01-Clear,01-Daylight,MIDBLOCK,
3095,07-007662,20070120,GLASGOW ST btwn PARK ST & YORK ST,01-Non intersection,10-Not on roadway - left side,01-Clear,01-Daylight,MIDBLOCK,
3096,07-008933,20070123,DODGE DR btwn NEW DUNDEE RD & GROH DR,04-At/near private drive,11-Not on roadway - right side,03-Snow,01-Daylight,MIDBLOCK,
3097,07-026540,20070306,CARYNDALE DR btwn ROBERTSON CRES & CHAPEL HILL DR,01-Non intersection,09-Right shoulder,01-Clear,01-Daylight,MIDBLOCK,
3098,07-157231,20071208,REISTVIEW ST btwn ACTIVA AVE & HENHOEFFER CRES,04-At/near private drive,02-Thru lane,01-Clear,"08-Dark, artificial",MIDBLOCK,
3099,07-161338,20071219,COLTON CIR btwn AMELIA ST & VENTURIN ST,04-At/near private drive,02-Thru lane,01-Clear,01-Daylight,MIDBLOCK,
3100,07-022047,20070224,BLUE LACE CRES btwn MOUNTAIN LAUREL CRES & MOUNTAIN LAUREL CRES,04-At/near private drive,99-Other,01-Clear,01-Daylight,MIDBLOCK,
3101,07-162122,20071221,KINGSWOOD DR btwn ALPINE RD & GRACEFIELD CRES,04-At/near private drive,02-Thru lane,01-Clear,01-Daylight,MIDBLOCK,
3102,07-158961,20071214,DUNBLANE CRT btwn BANFFSHIRE ST & CUL DE SAC,01-Non intersection,12-Off highway,03-Snow,99-Other,MIDBLOCK,
3103,07-023407,20070227,TRAYNOR AVE btwn FAIRLAWN RD & WILSON AVE,,,03-Snow,07-Dark,MIDBLOCK,
3104,07-031554,20070317,QUEEN CHARLOTTE CRES btwn GREY FOX DR & GREY FOX DR,04-At/near private drive,02-Thru lane,01-Clear,01-Daylight,MIDBLOCK,
3105,07-113489,20070908,FOREST HILL DR btwn DEERPARK CRES & BUTTONWOOD DR,99-Other,10-Not on roadway - left side,01-Clear,"08-Dark, artificial",MIDBLOCK,
3106,07-083150,20070707,WEBER ST E btwn BORDEN AVE N & ONWARD AVE,04-At/near private drive,10-Not on roadway - left side,01-Clear,01-Daylight,MIDBLOCK,
3107,07-077482,20070626,WABANAKI DR btwn KEVCO PL & WILSON AVE,04-At/near private drive,02-Thru lane,01-Clear,01-Daylight,MIDBLOCK,
3108,07-089674,20070721,BELMONT AVE W btwn BURN PL & METZLOFF DR,04-At/near private drive,02-Thru lane,01-Clear,01-Daylight,MIDBLOCK,