OBJECTID,ACCIDENTNUM,ACCIDENTDATE,LOCATION,ACCIDENT_LOCATION,IMPACT_LOCATION,ENVIRONMENT_CONDITION,LIGHT,COLLISION_TYPE,TRAFFICCOLLISIONSID
3109,07-154768,20071204,PARK ST btwn GILDNER ST & WOOD ST,04-At/near private drive,02-Thru lane,03-Snow,"08-Dark, artificial",MIDBLOCK,
3110,07-113307,20070907,INADALE CRT btwn WESTWOOD DR & CUL DE SAC,04-At/near private drive,02-Thru lane,01-Clear,01-Daylight,MIDBLOCK,
3111,07-107965,20070828,BUTLER LANE btwn HIGHLAND RD W & END,01-Non intersection,10-Not on roadway - left side,01-Clear,07-Dark,MIDBLOCK,
3112,07-136330,20071024,STIRLING AVE S btwn MAUSSER AVE & HOMER WATSON BLVD,04-At/near private drive,02-Thru lane,01-Clear,01-Daylight,MIDBLOCK,
3113,07-052796,20070505,CONFEDERATION DR btwn TUPPER CRES & LORRAINE AVE,04-At/near private drive,02-Thru lane,01-Clear,01-Daylight,MIDBLOCK,
3114,07-046680,20070422,BORDEN AVE S btwn COURTLAND AVE E & GRENVILLE AVE,01-Non intersection,10-Not on roadway - left side,03-Snow,05-Dusk,MIDBLOCK,
3115,07-030395,20070315,RITTENHOUSE RD btwn BLOCK LINE RD & TUERR DR,01-Non intersection,02-Thru lane,01-Clear,01-Daylight,MIDBLOCK,
3116,07-078527,20070628,KINZIE AVE btwn RUTHERFORD DR & THALER AVE,01-Non intersection,02-Thru lane,01-Clear,01-Daylight,MIDBLOCK,
3117,07-099164,20070810,SHERWOOD AVE btwn SUFFOLK AVE & KRUG ST,01-Non intersection,11-Not on roadway - right side,01-Clear,07-Dark,MIDBLOCK,
3118,07-116103,20070802,STEEPLERIDGE ST btwn DOON SOUTH DR & CRANBROOK ST,04-At/near private drive,02-Thru lane,01-Clear,01-Daylight,MIDBLOCK,
3119,07-152945,20071130,OXFORD ST btwn ARNOLD ST & ELIZABETH ST,01-Non intersection,11-Not on roadway - right side,01-Clear,"02-Daylight, artificial",MIDBLOCK,
3120,07-093239,20070728,TRAILVIEW DR btwn RIPLEY CRES & BLACKWELL DR,04-At/near private drive,02-Thru lane,01-Clear,05-Dusk,MIDBLOCK,
3121,07-120576,20070921,HEINS AVE btwn JOSEPH ST & JUBILEE DR,04-At/near private drive,02-Thru lane,01-Clear,05-Dusk,MIDBLOCK,
3122,07-048636,20070427,KING ST E btwn PANDORA AVE N & FAIRVIEW AVE,01-Non intersection,02-Thru lane,01-Clear,,MIDBLOCK,
3123,07-010237,20070126,FAIRMOUNT RD btwn SHELDON AVE N & CLIVE RD,04-At/near private drive,02-Thru lane,03-Snow,"08-Dark, artificial",MIDBLOCK,
3124,07-005432,20070114,VERONICA DR btwn KINZIE AVE & VERONICA DR,01-Non intersection,02-Thru lane,03-Snow,01-Daylight,MIDBLOCK,
3125,07-142381,20071106,SYDNEY ST S btwn BEDFORD RD & COURTLAND AVE E,04-At/near private drive,02-Thru lane,02-Rain,01-Daylight,MIDBLOCK,
3126,07-013582,20070204,GREENBROOK DR btwn FOREST HILL DR & FARMBROOK PL,04-At/near private drive,11-Not on roadway - right side,06-Strong wind,07-Dark,MIDBLOCK,
3127,07-050652,20070502,ACTIVA AVE btwn BRIDLEWREATH ST & MAX BECKER DR,01-Non intersection,02-Thru lane,01-Clear,01-Daylight,MIDBLOCK,
3128,07-155756,20071207,STIRLING AVE S btwn HOMER WATSON BLVD & GREENBROOK DR,02-Intersection related,09-Right shoulder,03-Snow,"08-Dark, artificial",MIDBLOCK,
3129,07-045550,20070419,PINEDALE DR btwn WILLIAMSBURG RD & PINEDALE CRT,04-At/near private drive,12-Off highway,01-Clear,01-Daylight,MIDBLOCK,
3130,07-045753,20070421,SHELLEY DR btwn END & SHELLEY PL,01-Non intersection,10-Not on roadway - left side,01-Clear,"08-Dark, artificial",MIDBLOCK,
3131,07-001853,20070105,MARKET LANE btwn MOYER PL & EBY ST N,01-Non intersection,02-Thru lane,02-Rain,01-Daylight,MIDBLOCK,
3132,07-033299,20070323,HIGHVIEW DR btwn OLD MAPLE LANE & HAVENWOOD CRT,04-At/near private drive,12-Off highway,01-Clear,"08-Dark, artificial",MIDBLOCK,
3133,06-041342,20060409,MISTY CRT btwn MISTY ST & CUL DE SAC,04-At/near private drive,02-Thru lane,01-Clear,"08-Dark, artificial",MIDBLOCK,
3134,06-167238,20061230,OVERLEA CRES btwn OVERLEA DR & OVERLEA DR,01-Non intersection,02-Thru lane,01-Clear,01-Daylight,MIDBLOCK,
3135,06-167279,20061230,HIGHGATE CRT btwn HIGHGATE RD & CUL DE SAC,01-Non intersection,02-Thru lane,01-Clear,"08-Dark, artificial",MIDBLOCK,
3136,06-159272,20061210,STANMORE AVE btwn KEEWATIN AVE & GLOUCESTER CRT,01-Non intersection,02-Thru lane,01-Clear,"08-Dark, artificial",MIDBLOCK,
3137,06-138491,20061025,STAUFFER DR btwn CARYNDALE DR & REIDEL DR,01-Non intersection,08-Left shoulder,01-Clear,01-Daylight,MIDBLOCK,
3138,06-092887,20060721,BRANDON AVE btwn DUNBAR RD & KATHERINE CRES,04-At/near private drive,09-Right shoulder,01-Clear,"02-Daylight, artificial",MIDBLOCK,
3139,06-070753,20060607,CANNES ST btwn ROCHEFORT ST & MAITLAND ST,04-At/near private drive,02-Thru lane,01-Clear,01-Daylight,MIDBLOCK,
3140,06-136636,20061021,OLD CHICOPEE DR btwn HUNTINGDALE DR & DAIMLER DR,01-Non intersection,02-Thru lane,,07-Dark,MIDBLOCK,
3141,06-142003,20061102,CHARLES ST E btwn DELTA ST & KING ST E,04-At/near private drive,02-Thru lane,01-Clear,01-Daylight,MIDBLOCK,
3142,06-079784,20060625,WARREN RD btwn BUTTONWOOD DR & FOREST HILL DR,01-Non intersection,02-Thru lane,01-Clear,01-Daylight,MIDBLOCK,
3143,06-011152,20060127,TRILLIUM DR btwn SHOEMAKER ST & STRASBURG RD,99-Other,12-Off highway,01-Clear,01-Daylight,MIDBLOCK,
3144,06-037091,20060328,OSWEGO CRT btwn GEORGIAN ST & OSWEGO CRT,04-At/near private drive,02-Thru lane,01-Clear,01-Daylight,MIDBLOCK,
3145,07-136570,20071024,SIEBERT AVE btwn VANIER DR & COURTLAND AVE E,98-Other,11-Not on roadway - right side,01-Clear,"08-Dark, artificial",MIDBLOCK,
3146,07-133683,20071018,GLEN RD btwn BRANT CRES & PLEASANT AVE,04-At/near private drive,11-Not on roadway - right side,01-Clear,"08-Dark, artificial",MIDBLOCK,
3147,07-023970,20070224,HAROLD AVE btwn JEAN AVE & KRAFT AVE,04-At/near private drive,02-Thru lane,01-Clear,01-Daylight,MIDBLOCK,
3148,07-009302,20070124,BANKSIDE DR btwn EASTFOREST TRAIL & GOLDEN TERRACE CRT,01-Non intersection,02-Thru lane,01-Clear,01-Daylight,MIDBLOCK,
3149,07-073824,20070618,SHANLEY ST btwn WATERLOO ST & DUKE ST W,04-At/near private drive,02-Thru lane,01-Clear,01-Daylight,MIDBLOCK,
3150,07-100779,20070813,LAKESIDE DR btwn BROADLEAF PL & GREENBROOK DR,01-Non intersection,09-Right shoulder,01-Clear,07-Dark,MIDBLOCK,
3151,07-018223,20070215,HUGO CRES btwn HEIMAN ST & CUL DE SAC,01-Non intersection,02-Thru lane,03-Snow,01-Daylight,MIDBLOCK,
3152,07-009130,20070124,EDGEHILL DR btwn BAXTER PL & MARQUETTE DR,01-Non intersection,02-Thru lane,01-Clear,"08-Dark, artificial",MIDBLOCK,
3153,07-005666,20070115,WESTMEADOW DR btwn DAWN RIDGE DR & WESTFOREST TRAIL,01-Non intersection,02-Thru lane,04-Freezing Rain,01-Daylight,MIDBLOCK,
3154,07-156083,20071207,BROADVIEW AVE btwn BROADVIEW CRT & SHUH AVE,04-At/near private drive,02-Thru lane,01-Clear,"08-Dark, artificial",MIDBLOCK,
3155,07-000623,20070102,BELMONT AVE W btwn VICTORIA ST S & TALBOT ST,04-At/near private drive,02-Thru lane,01-Clear,01-Daylight,MIDBLOCK,
3156,07-100948,20070813,MELROSE AVE btwn GRIFFIN AVE & STIRLING AVE N,04-At/near private drive,09-Right shoulder,01-Clear,01-Daylight,MIDBLOCK,
3157,07-127671,20071006,KRUG ST btwn TROY ST & SAMUEL ST,01-Non intersection,11-Not on roadway - right side,02-Rain,01-Daylight,MIDBLOCK,
3158,07-155454,20071206,LORRAINE AVE btwn WORDSWORTH PL & LACKNER BLVD,04-At/near private drive,01-Within intersection,01-Clear,01-Daylight,MIDBLOCK,
3159,06-135417,20061018,CRANBROOK ST btwn STEEPLERIDGE ST & DOON SOUTH DR,01-Non intersection,02-Thru lane,01-Clear,01-Daylight,MIDBLOCK,
3160,06-127016,20060930,HIGHLAND CRES btwn CAMROSE CRT & WYCLIFFE PL,04-At/near private drive,02-Thru lane,02-Rain,01-Daylight,MIDBLOCK,
3161,06-010374,20060125,CONFEDERATION DR btwn AMBER DR & HALIFAX DR,01-Non intersection,02-Thru lane,01-Clear,01-Daylight,MIDBLOCK,
3162,06-142539,20061103,MORGAN AVE btwn GREENDALE CRES & GREENDALE CRES,04-At/near private drive,02-Thru lane,01-Clear,01-Daylight,MIDBLOCK,
3163,06-010533,20060124,MADISON AVE S btwn CHARLES ST E & CHURCH ST,04-At/near private drive,11-Not on roadway - right side,01-Clear,"08-Dark, artificial",MIDBLOCK,
3164,06-142500,20061103,WELLINGTON ST N btwn C_PKY WAT ONRAMP & SHIRLEY AVE,07-Overpass or bridge,11-Not on roadway - right side,01-Clear,01-Daylight,MIDBLOCK,
3165,06-134697,20061016,THERESA ST btwn JUBILEE DR & VICTORIA ST S,04-At/near private drive,02-Thru lane,01-Clear,07-Dark,MIDBLOCK,
3166,06-002740,20060107,APPLE RIDGE DR btwn RIDGEMERE ST & WOODFIELD ST,04-At/near private drive,02-Thru lane,01-Clear,01-Daylight,MIDBLOCK,
3167,06-108087,20060822,MILFOIL CRES btwn WAKE ROBIN DR & WINDFLOWER DR,04-At/near private drive,12-Off highway,01-Clear,01-Daylight,MIDBLOCK,
3168,06-105317,20060817,DUKE ST W btwn BISMARK AVE & WATERLOO ST,01-Non intersection,02-Thru lane,01-Clear,"08-Dark, artificial",MIDBLOCK,
3169,06-110901,20060828,WOOLWICH ST btwn FALCONRIDGE DR & HAWKSWOOD DR,01-Non intersection,02-Thru lane,01-Clear,01-Daylight,MIDBLOCK,
3170,06-006214,20060115,PROSPECT AVE btwn KENNETH AVE & WILFRED AVE,04-At/near private drive,02-Thru lane,01-Clear,01-Daylight,MIDBLOCK,
3171,06-127459,20060930,RAITAR AVE btwn WEBER ST W & ELLIS AVE,04-At/near private drive,02-Thru lane,02-Rain,01-Daylight,MIDBLOCK,
3172,06-150660,20061121,DUNHAM AVE btwn MANSION ST & FREDERICK ST,01-Non intersection,02-Thru lane,01-Clear,01-Daylight,MIDBLOCK,
3173,06-147514,20061114,TRILLIUM DR btwn HURON RD & GROFF PL,01-Non intersection,02-Thru lane,01-Clear,01-Daylight,MIDBLOCK,
3174,06-138622,20061025,HAMEL AVE btwn MACKIE PL & LEANDER PL,01-Non intersection,02-Thru lane,01-Clear,"02-Daylight, artificial",MIDBLOCK,
3175,06-039334,20060402,MOORE AVE btwn LOUISA ST & SHANLEY ST,04-At/near private drive,02-Thru lane,01-Clear,01-Daylight,MIDBLOCK,
3176,06-010694,20060126,WEXFORD CRES btwn STOKE DR & STOKE DR,99-Other,12-Off highway,01-Clear,07-Dark,MIDBLOCK,
3177,06-053410,20060320,ARDELT PL btwn ARDELT AVE & CUL DE SAC,04-At/near private drive,02-Thru lane,01-Clear,01-Daylight,MIDBLOCK,
3178,06-048658,20060422,DEER RIDGE DR btwn PIONEER TOWER CRES & PIONEER TOWER RD,01-Non intersection,02-Thru lane,02-Rain,01-Daylight,MIDBLOCK,
3179,06-054072,20060503,HOLBORN DR btwn OLD CHICOPEE DR & BLACKFRIARS PL,01-Non intersection,01-Within intersection,01-Clear,01-Daylight,MIDBLOCK,
3180,06-057933,20060508,GLASGOW ST btwn YORK ST & EDEN AVE,10-Parking lot,12-Off highway,01-Clear,"06-Dusk, artificial",MIDBLOCK,
3181,06-045834,20060416,HICKSON DR btwn LYLE PL & CRAIG DR,04-At/near private drive,02-Thru lane,01-Clear,01-Daylight,MIDBLOCK,
3182,06-165057,20061225,ADMIRAL RD btwn FARNHAM AVE & MARLBOROUGH AVE,04-At/near private drive,11-Not on roadway - right side,,07-Dark,MIDBLOCK,
3183,06-097353,20060730,HOWE DR btwn WINDALE CRES & OTTAWA ST S,04-At/near private drive,02-Thru lane,01-Clear,"08-Dark, artificial",MIDBLOCK,
3184,06-142634,20061103,PLAZA CRT btwn AVON RD & CUL DE SAC,04-At/near private drive,02-Thru lane,01-Clear,01-Daylight,MIDBLOCK,
3185,06-020189,20060217,MCINTYRE DR btwn MCBRINE DR & TRILLIUM DR,04-At/near private drive,02-Thru lane,03-Snow,01-Daylight,MIDBLOCK,
3186,06-048817,20060422,WESTVIEW CRES btwn WESTHEIGHTS DR & WESTVIEW CRT,04-At/near private drive,02-Thru lane,02-Rain,07-Dark,MIDBLOCK,
3187,06-059574,20060515,KING ST E btwn KINZIE AVE & END,04-At/near private drive,02-Thru lane,01-Clear,01-Daylight,MIDBLOCK,
3188,06-123353,20060922,PENROSE AVE btwn FRANKLIN ST N & EASTWOOD DR,01-Non intersection,09-Right shoulder,02-Rain,07-Dark,MIDBLOCK,
3189,06-120796,20060917,MEDFORD ST btwn STOKE DR & LENNOX CRES,04-At/near private drive,11-Not on roadway - right side,01-Clear,"08-Dark, artificial",MIDBLOCK,
3190,06-121441,20060918,TALBOT ST btwn PATRICIA AVE & BELMONT AVE W,01-Non intersection,02-Thru lane,02-Rain,01-Daylight,MIDBLOCK,
3191,06-126882,20060930,MONTCALM DR btwn GIBSON DR & TECUMSEH CRES,01-Non intersection,02-Thru lane,01-Clear,01-Daylight,MIDBLOCK,
3192,06-042044,20060408,ROYAL ORCHARD DR btwn DEERWOOD CRES & DEERWOOD CRES,04-At/near private drive,02-Thru lane,01-Clear,01-Daylight,MIDBLOCK,
3193,06-042897,20060331,KEHL ST btwn HOFFMAN ST & OTTAWA ST S,04-At/near private drive,09-Right shoulder,01-Clear,"08-Dark, artificial",MIDBLOCK,
3194,06-049200,20060422,MUNROE ST btwn CONNAUGHT ST & GREENFIELD AVE,04-At/near private drive,02-Thru lane,01-Clear,01-Daylight,MIDBLOCK,
3195,06-020888,20060219,CARWOOD AVE btwn CARWOOD AVE & DIXON ST,02-Intersection related,11-Not on roadway - right side,03-Snow,"08-Dark, artificial",MIDBLOCK,
3196,06-023667,20060226,BELMONT AVE W btwn CLAREMONT AVE & ARGYLE ST,01-Non intersection,02-Thru lane,01-Clear,01-Daylight,MIDBLOCK,
3197,06-020288,20060217,DEER RIDGE DR btwn TERRACE WOOD DR & DEER RIDGE CRES,01-Non intersection,02-Thru lane,01-Clear,05-Dusk,MIDBLOCK,
3198,06-018531,20060106,HAWKSWOOD DR btwn EAGLECREST ST & FALCONRIDGE DR,,,,,MIDBLOCK,
3199,05-108870,20060930,HEARTHWOOD DR btwn HEARTHWAY ST & HEARTHWOOD CRES,04-At/near private drive,10-Not on roadway - left side,01-Clear,"08-Dark, artificial",MIDBLOCK,
3200,06-061033,20060517,HICKORY HOLLOW CRES btwn HIGHVIEW DR & WILLOW GREEN CRT,04-At/near private drive,02-Thru lane,01-Clear,"08-Dark, artificial",MIDBLOCK,
3201,06-141290,20061031,HAWKSWOOD DR btwn WOOLWICH ST N & CONDOR ST,04-At/near private drive,02-Thru lane,01-Clear,01-Daylight,MIDBLOCK,
3202,06-140804,20061029,LAURENTIAN DR btwn BRIAR KNOLL DR & RADCLIFFE DR,01-Non intersection,02-Thru lane,01-Clear,01-Daylight,MIDBLOCK,
3203,06-126337,20060929,MONTGOMERY RD btwn DIXON ST & WEBER ST E,01-Non intersection,11-Not on roadway - right side,01-Clear,01-Daylight,MIDBLOCK,
3204,06-108727,20060823,CHELSEA RD btwn WANDSWORTH PL & BELLEVIEW AVE,01-Non intersection,02-Thru lane,02-Rain,"08-Dark, artificial",MIDBLOCK,
3205,06-075624,20060617,BLACKWELL DR btwn MONTANA CRES & CLAYCROFT CRES,04-At/near private drive,02-Thru lane,01-Clear,01-Daylight,MIDBLOCK,
3206,06-072946,20060612,KINGSWAY DR btwn SIXTH AVE & FRANKLIN ST S,01-Non intersection,02-Thru lane,01-Clear,01-Daylight,MIDBLOCK,
3207,06-096822,20060730,EDENBRIDGE DR btwn TEMPLETON DR & CHARLESTON PL,04-At/near private drive,02-Thru lane,01-Clear,01-Daylight,MIDBLOCK,
3208,06-15084020,20061122,TRILLIUM DR btwn STRASBURG RD & MCBRINE DR,02-Intersection related,02-Thru lane,01-Clear,01-Daylight,MIDBLOCK,
3209,06-035575,20060325,GREENGABLE WAY btwn GREENGABLE CRT & WESTFOREST TRAIL,01-Non intersection,10-Not on roadway - left side,03-Snow,"08-Dark, artificial",MIDBLOCK,
3210,06-053392,20060502,GOODRICH DR btwn WILSON AVE & CHANDARIA PL,10-Parking lot,12-Off highway,01-Clear,01-Daylight,MIDBLOCK,
3211,06-029894,20060312,KRAFT AVE btwn JEAN AVE & HAROLD AVE,01-Non intersection,02-Thru lane,01-Clear,01-Daylight,MIDBLOCK,
3212,06-077698,20060618,BROADMOOR AVE btwn HARBER AVE & CLARK AVE,01-Non intersection,02-Thru lane,01-Clear,01-Daylight,MIDBLOCK,
3213,06-084231,20060704,PARK ST btwn STEWART ST & AGNES ST,07-Overpass or bridge,02-Thru lane,01-Clear,01-Daylight,MIDBLOCK,
3214,06-109939,20060825,ROXBOROUGH AVE btwn MARLBOROUGH AVE & HIGHLAND RD W,04-At/near private drive,02-Thru lane,01-Clear,07-Dark,MIDBLOCK,
3215,06-126111,20060928,VANCAMP AVE btwn SPADINA RD W & HIGHLAND RD W,04-At/near private drive,02-Thru lane,01-Clear,01-Daylight,MIDBLOCK,
3216,06-122600,20060920,MAXWELL DR btwn CALVERT CLOSE & BIEHN DR,04-At/near private drive,02-Thru lane,01-Clear,"08-Dark, artificial",MIDBLOCK,
3217,06-165289,20061225,QUEEN ST S btwn KING ST E & HALLS LANE E,01-Non intersection,10-Not on roadway - left side,01-Clear,07-Dark,MIDBLOCK,
3218,06-160224,20061213,FAIRWAY RD N btwn LACKNER BLVD & PEBBLECREEK DR,01-Non intersection,02-Thru lane,01-Clear,07-Dark,MIDBLOCK,
3219,06-151020,20061122,CARSON DR btwn CHAMPLAIN CRES & WOLFES CRT,04-At/near private drive,09-Right shoulder,01-Clear,01-Daylight,MIDBLOCK,
3220,06-144922,20061107,OLD MAPLE LANE btwn HIGHVIEW DR & BENT WILLOW DR,04-At/near private drive,08-Left shoulder,02-Rain,01-Daylight,MIDBLOCK,
3221,06-129499,20061005,OLDFIELD DR btwn FOXWOOD PL & EDENBRIDGE DR,01-Non intersection,11-Not on roadway - right side,01-Clear,"08-Dark, artificial",MIDBLOCK,
3222,06-090897,20060718,DOON RD btwn PLYMOUTH RD & CARWOOD CRES,04-At/near private drive,02-Thru lane,01-Clear,01-Daylight,MIDBLOCK,
3223,06-067207,20060531,HIGHLAND RD E btwn WINSLOW DR & RUBY ST,01-Non intersection,02-Thru lane,01-Clear,01-Daylight,MIDBLOCK,
3224,06-154870,20061201,QUEENS BLVD btwn QUEENS BLVD & PATRICIA AVE,01-Non intersection,02-Thru lane,02-Rain,01-Daylight,MIDBLOCK,
3225,06-157757,20061207,HUNTLEY CRES btwn INVERNESS DR & INVERNESS DR,01-Non intersection,11-Not on roadway - right side,01-Clear,07-Dark,MIDBLOCK,
3226,06-037724,20060329,HENHOEFFER CRES btwn ACTIVA AVE & HENHOEFFER CRT,01-Non intersection,02-Thru lane,01-Clear,01-Daylight,MIDBLOCK,
3227,06-030253,20060313,KINGSWAY DR btwn FIFTH AVE & SIXTH AVE,04-At/near private drive,02-Thru lane,01-Clear,01-Daylight,MIDBLOCK,
3228,06-135054,20061017,HOMER WATSON BLVD btwn HOFFMAN ST & C_PKY STR OFFRAMP,02-Intersection related,03-Left turn lane,02-Rain,07-Dark,MIDBLOCK,
3229,06-068385,20060602,MARKWOOD DR btwn ROSSFORD CRES & ROSSFORD CRES,01-Non intersection,02-Thru lane,01-Clear,05-Dusk,MIDBLOCK,
3230,06-091150,20060718,EDENBRIDGE PL btwn EDENBRIDGE DR & CUL DE SAC,01-Non intersection,11-Not on roadway - right side,01-Clear,01-Daylight,MIDBLOCK,
3231,06-065923,20060528,WEST ACRES CRES btwn WESTHEIGHTS DR & SUMMERHILL CRES,01-Non intersection,08-Left shoulder,01-Clear,"08-Dark, artificial",MIDBLOCK,
3232,06-068214,20060602,EDWIN ST btwn UNION ST & DOWNEY ST,01-Non intersection,02-Thru lane,01-Clear,01-Daylight,MIDBLOCK,
3233,06-035250,20060324,FARRIER PL btwn FARRIER DR & CUL DE SAC,04-At/near private drive,02-Thru lane,01-Clear,01-Daylight,MIDBLOCK,
3234,06-088156,20060627,OTTAWA ST N btwn CROSBY DR & RIVER RD E,04-At/near private drive,02-Thru lane,01-Clear,01-Daylight,MIDBLOCK,
3235,06-076581,20060619,HALLS LANE E btwn SIEGNER LANE & BENTON ST,01-Non intersection,02-Thru lane,01-Clear,01-Daylight,MIDBLOCK,
3236,06-029997,20060312,BINGEMAN ST btwn LANCASTER ST E & SAMUEL ST,01-Non intersection,02-Thru lane,01-Clear,01-Daylight,MIDBLOCK,
3237,06-084596,20060704,SHANTZ LANE btwn PROSPECT AVE & ROSS AVE,04-At/near private drive,02-Thru lane,01-Clear,01-Daylight,MIDBLOCK,
3238,06-003248,20060107,HOMESTEAD PL btwn THORNCLIFFE ST & CUL DE SAC,04-At/near private drive,02-Thru lane,01-Clear,"08-Dark, artificial",MIDBLOCK,
3239,06-003203,20060107,ARROWHEAD CRES btwn GREEN VALLEY DR & ARROWHEAD PL,04-At/near private drive,02-Thru lane,06-Strong wind,"08-Dark, artificial",MIDBLOCK,
3240,06-006570,20060115,SUGAR MAPLE ST btwn SUGAR MAPLE PL & CEDAR CREST ST,04-At/near private drive,02-Thru lane,01-Clear,01-Daylight,MIDBLOCK,
3241,06-090921,20060718,TRILLIUM DR btwn ADAM FERRIE PL & SHOEMAKER ST,04-At/near private drive,02-Thru lane,01-Clear,01-Daylight,MIDBLOCK,
3242,06-074971,20060616,GATEWOOD RD btwn LAKESIDE DR & WESTMOUNT RD E,04-At/near private drive,02-Thru lane,01-Clear,01-Daylight,MIDBLOCK,
3243,06-078925,20060624,DUNHAM AVE btwn VICTORIA ST N & MANSION ST,02-Intersection related,11-Not on roadway - right side,01-Clear,"08-Dark, artificial",MIDBLOCK,
3244,06-101882,20060807,MCKENZIE AVE btwn RANDERSON AVE & SHELDON AVE N,04-At/near private drive,02-Thru lane,01-Clear,01-Daylight,MIDBLOCK,
3245,06-007007,20060117,BREITHAUPT ST btwn WATERLOO ST & DUKE ST W,01-Non intersection,02-Thru lane,04-Freezing Rain,01-Daylight,MIDBLOCK,
3246,05-153782,20051125,BRIARWOOD PL btwn ST LEGER ST & CUL DE SAC,01-Non intersection,11-Not on roadway - right side,01-Clear,01-Daylight,MIDBLOCK,
3247,05-153425,20051124,ELM RIDGE DR btwn MCGARRY DR & HICKORY HEIGHTS CRES,01-Non intersection,02-Thru lane,03-Snow,"08-Dark, artificial",MIDBLOCK,
3248,05-061235,20050525,LANG CRES btwn SPRINGDALE DR & BRIDGEPORT RD,04-At/near private drive,02-Thru lane,01-Clear,01-Daylight,MIDBLOCK,
3249,05-145866,20051110,CLAYCROFT CRES btwn BLACKWELL DR & LANARK CRES,04-At/near private drive,02-Thru lane,02-Rain,"08-Dark, artificial",MIDBLOCK,
3250,05-070819,20050612,TRAILVIEW DR btwn WESTHEIGHTS DR & RIPLEY CRES,04-At/near private drive,02-Thru lane,01-Clear,01-Daylight,MIDBLOCK,
3251,05-100861,20050813,ROEHAMPTON CRT btwn HUNTINGDALE DR & TWEEDSMUIR CRT,04-At/near private drive,02-Thru lane,01-Clear,"08-Dark, artificial",MIDBLOCK,
3252,05-074571,20050622,GRENVILLE AVE btwn COURTLAND AVE E & BORDEN AVE S,04-At/near private drive,11-Not on roadway - right side,01-Clear,01-Daylight,MIDBLOCK,
3253,05-098089,20050807,BINGEMAN ST btwn SIMEON ST & LYDIA ST,01-Non intersection,02-Thru lane,01-Clear,01-Daylight,MIDBLOCK,
3254,05-064354,20050602,SCENIC WOOD CRES btwn THALER AVE & THALER AVE,01-Non intersection,02-Thru lane,01-Clear,"08-Dark, artificial",MIDBLOCK,
3255,05-127283,20051003,MCBRINE DR btwn MCINTYRE DR & MCBRINE PL,04-At/near private drive,02-Thru lane,01-Clear,01-Daylight,MIDBLOCK,
3256,05-040730,20050412,ERINBROOK DR btwn PIPERS GREEN CRT & BONNYBANK CRT,01-Non intersection,02-Thru lane,01-Clear,01-Daylight,MIDBLOCK,
3257,05-140787,20051031,FOREST HILL DR btwn BUTTONWOOD DR & BIRCHCLIFF AVE,01-Non intersection,02-Thru lane,02-Rain,01-Daylight,MIDBLOCK,
3258,05-102120,20050815,BEASLEY DR btwn HOMER WATSON BLVD & TRILLIUM DR,04-At/near private drive,02-Thru lane,01-Clear,01-Daylight,MIDBLOCK,
3259,05-003678,20050402,COUNTRYSIDE CRES btwn KESSELRING DR & TUERR DR,01-Non intersection,02-Thru lane,01-Clear,"08-Dark, artificial",MIDBLOCK,
3260,05-029666,20050318,MAUSSER AVE btwn STIRLING AVE S & CUL DE SAC,04-At/near private drive,01-Within intersection,01-Clear,01-Daylight,MIDBLOCK,
3261,05-088451,20050719,HAWKSWOOD DR btwn OWL RIDGE ST & RIVERLINK WAY,04-At/near private drive,02-Thru lane,01-Clear,01-Daylight,MIDBLOCK,
3262,05-030648,20050319,RESURRECTION DR btwn BEECHMANOR CRES & GLASGOW ST,01-Non intersection,02-Thru lane,03-Snow,"08-Dark, artificial",MIDBLOCK,
3263,05-025756,20050214,MERNER AVE btwn BINGEMAN ST & CHAPEL ST,01-Non intersection,02-Thru lane,,01-Daylight,MIDBLOCK,
3264,05-011114,20050130,FENWICK CRT btwn MONTE CARLO ST & LYNNHAVEN CRT,04-At/near private drive,02-Thru lane,01-Clear,"08-Dark, artificial",MIDBLOCK,
3265,05-073669,20050620,ROSE ST btwn KRUG ST & CAMERON ST N,04-At/near private drive,10-Not on roadway - left side,01-Clear,01-Daylight,MIDBLOCK,
3266,05-032845,20050325,WESTFOREST TRAIL btwn HIDDEN CREEK DR & HIDDEN CREEK DR,04-At/near private drive,02-Thru lane,01-Clear,01-Daylight,MIDBLOCK,
3267,05-024523,20050306,HERITAGE DR btwn OTTAWA ST N & EBYDALE DR,01-Non intersection,10-Not on roadway - left side,01-Clear,07-Dark,MIDBLOCK,
3268,05-011853,20050131,BLACKHORNE DR btwn BLACKHORNE CRES & BLACKHORNE CRES,01-Non intersection,02-Thru lane,01-Clear,01-Daylight,MIDBLOCK,
3269,05-147186,20051113,DOON SOUTH DR btwn DOON VILLAGE RD & WINDRUSH TRAIL,01-Non intersection,10-Not on roadway - left side,02-Rain,01-Daylight,MIDBLOCK,
3270,05-146697,20051112,CENTENNIAL RD btwn CENTENNIAL CRT & VICTORIA ST N,04-At/near private drive,12-Off highway,01-Clear,01-Daylight,MIDBLOCK,
3271,05-145616,20051110,BECHTEL DR btwn COBBLESTONE ST & PATHFINDER CRES,04-At/near private drive,02-Thru lane,02-Rain,,MIDBLOCK,