OBJECTID,ACCIDENTNUM,ACCIDENTDATE,LOCATION,ACCIDENT_LOCATION,IMPACT_LOCATION,ENVIRONMENT_CONDITION,LIGHT,COLLISION_TYPE,TRAFFICCOLLISIONSID
3272,05-023831,20050304,BIRCH AVE btwn GUELPH ST & ARNOLD ST,04-At/near private drive,02-Thru lane,01-Clear,01-Daylight,MIDBLOCK,
3273,05-064695,20050603,PIONEER DR btwn VINTAGE CRES & VINTAGE CRES,01-Non intersection,02-Thru lane,01-Clear,01-Daylight,MIDBLOCK,
3274,05-036107,20050402,WEICHEL ST btwn KARN ST & BELTON DR,01-Non intersection,02-Thru lane,03-Snow,01-Daylight,MIDBLOCK,
3275,05-086719,20050716,SHELDON AVE N btwn MCKENZIE AVE & BRENTWOOD AVE,01-Non intersection,02-Thru lane,02-Rain,01-Daylight,MIDBLOCK,
3276,05-087126,20050717,ERINBROOK DR btwn BONNYBANK CRT & HEDGESTONE CRT,04-At/near private drive,02-Thru lane,02-Rain,07-Dark,MIDBLOCK,
3277,05-090299,20050723,EPHRAIM ST btwn ETHEL ST & LOIS ST,01-Non intersection,02-Thru lane,01-Clear,01-Daylight,MIDBLOCK,
3278,05-100965,20050813,NORTH DR btwn SPADINA RD W & MARLBOROUGH AVE,01-Non intersection,99-Other,01-Clear,01-Daylight,MIDBLOCK,
3279,05-002392,20050103,TUERR DR btwn THE COUNTRY WAY & COUNTRYSIDE CRES,04-At/near private drive,02-Thru lane,03-Snow,"08-Dark, artificial",MIDBLOCK,
3280,05-054964,20050512,LILAC ST btwn OTTAWA ST S & SYDNEY ST S,01-Non intersection,02-Thru lane,01-Clear,"08-Dark, artificial",MIDBLOCK,
3281,05-106514,20050824,QUEEN ST N btwn DUKE ST W & WEBER ST W,04-At/near private drive,11-Not on roadway - right side,01-Clear,01-Daylight,MIDBLOCK,
3282,05-036233,20050323,DANE ST btwn CRESCENT ST & BORDEN AVE N,04-At/near private drive,02-Thru lane,01-Clear,01-Daylight,MIDBLOCK,
3283,05-092361,20050720,DINISON CRES btwn RISTAU CRES & ALBION ST,01-Non intersection,02-Thru lane,01-Clear,01-Daylight,MIDBLOCK,
3284,05-137578,20051024,ST GEORGE ST btwn PETER ST & CEDAR ST S,01-Non intersection,01-Within intersection,01-Clear,01-Daylight,MIDBLOCK,
3285,05-025631,20050309,HOLBORN DR btwn MAYFAIR CRT & LAMBERT PL,04-At/near private drive,02-Thru lane,01-Clear,01-Daylight,MIDBLOCK,
3286,05-099052,20050811,QUEENSTON CRES btwn QUEENSTON DR & QUEENSTON DR,04-At/near private drive,02-Thru lane,01-Clear,01-Daylight,MIDBLOCK,
3287,05-093207,20050729,BELTON DR btwn WEICHEL ST & CUL DE SAC,04-At/near private drive,11-Not on roadway - right side,01-Clear,01-Daylight,MIDBLOCK,
3288,05-023777,20050304,SUMMERHILL CRES btwn WEST ACRES CRES & WESTHEIGHTS DR,04-At/near private drive,02-Thru lane,01-Clear,01-Daylight,MIDBLOCK,
3289,05-029758,20050318,LANG CRES btwn HORIZON CRT & SPRINGDALE DR,04-At/near private drive,02-Thru lane,01-Clear,01-Daylight,MIDBLOCK,
3290,05-052301,20050508,HIGHLAND RD W btwn FIELDGATE ST & EAGEN DR,01-Non intersection,02-Thru lane,01-Clear,07-Dark,MIDBLOCK,
3291,05-062083,20050520,BRIERDALE PL btwn BRIERDALE DR & CUL DE SAC,04-At/near private drive,02-Thru lane,01-Clear,01-Daylight,MIDBLOCK,
3292,05-016781,20050214,CONFEDERATION DR btwn TUPPER CRES & TUPPER CRES,01-Non intersection,02-Thru lane,04-Freezing Rain,01-Daylight,MIDBLOCK,
3293,05-038339,20050407,WESTFOREST TRAIL btwn VICTORIA ST S & BEECHROYAL PL,01-Non intersection,02-Thru lane,01-Clear,01-Daylight,MIDBLOCK,
3294,05-157143,20051202,SPADINA RD E btwn SPADINA RD E & WINDSOR CRES,04-At/near private drive,11-Not on roadway - right side,01-Clear,01-Daylight,MIDBLOCK,
3295,05-019976,20050223,SHELLEY DR btwn SHELLEY PL & VANIER DR,04-At/near private drive,02-Thru lane,01-Clear,01-Daylight,MIDBLOCK,
3296,05-017655,20050216,MEADOWLANE DR btwn MEADOWBROOK DR & FORESTWOOD DR,01-Non intersection,02-Thru lane,01-Clear,01-Daylight,MIDBLOCK,
3297,05-121413,20050922,MOUNTAIN LAUREL CRES btwn BERRY MOSS ST & BLUE LACE CRES,04-At/near private drive,02-Thru lane,01-Clear,01-Daylight,MIDBLOCK,
3298,05-122711,20050924,GUELPH ST btwn ARNOLD ST & ENGLEWOOD PL,04-At/near private drive,02-Thru lane,01-Clear,01-Daylight,MIDBLOCK,
3299,05-007080,20050120,DONNENWERTH DR btwn COPPER LEAF CRES & END,04-At/near private drive,02-Thru lane,01-Clear,01-Daylight,MIDBLOCK,
3300,05-163562,20051216,STRASBURG RD btwn TRILLIUM DR & BATTLER RD,04-At/near private drive,02-Thru lane,01-Clear,01-Daylight,MIDBLOCK,
3301,05-025637,20050309,PANDORA AVE N btwn EAST AVE & LIBERTY AVE,04-At/near private drive,02-Thru lane,01-Clear,01-Daylight,MIDBLOCK,
3302,05-119448,20050918,BECHTEL DR btwn PATHFINDER CRES & ANVIL ST,01-Non intersection,02-Thru lane,01-Clear,"08-Dark, artificial",MIDBLOCK,
3303,05-119054,20050917,ELM RIDGE DR btwn HILLBROOK CRES & QUEENS BLVD,01-Non intersection,02-Thru lane,01-Clear,01-Daylight,MIDBLOCK,
3304,05-163552,20051216,GROH DR btwn STAUFFER DR & DODGE DR,01-Non intersection,02-Thru lane,03-Snow,01-Daylight,MIDBLOCK,
3305,05-160260,20051209,THE COUNTRY WAY btwn COLONY DR & SPRING HILL PL,01-Non intersection,02-Thru lane,03-Snow,01-Daylight,MIDBLOCK,
3306,05-140392,20051028,LOUISA ST btwn MARGARET AVE & ST LEGER ST,10-Parking lot,12-Off highway,01-Clear,,MIDBLOCK,
3307,05-002647,20050108,DAVID BERGEY DR btwn ACTIVA AVE & PEACH BLOSSOM CRES,01-Non intersection,10-Not on roadway - left side,01-Clear,07-Dark,MIDBLOCK,
3308,05-058168,20050520,CLAREMONT AVE btwn BELMONT AVE W & BELMONT LANE E,01-Non intersection,02-Thru lane,01-Clear,01-Daylight,MIDBLOCK,
3309,05-033724,20050327,STANMORE AVE btwn GLOUCESTER CRT & OTTERBEIN RD,01-Non intersection,02-Thru lane,01-Clear,01-Daylight,MIDBLOCK,
3310,05-105105,20050821,OLD PARK LANE btwn HIGHVIEW DR & HIGHVIEW DR,01-Non intersection,02-Thru lane,01-Clear,01-Daylight,MIDBLOCK,
3311,05-063002,20050530,WOODFIELD ST btwn WOODFIELD CRT & OAKDALE CRT,01-Non intersection,02-Thru lane,01-Clear,01-Daylight,MIDBLOCK,
3312,05-055436,20050514,WELLINGTON ST N btwn KING ST W & MOORE AVE,04-At/near private drive,02-Thru lane,02-Rain,01-Daylight,MIDBLOCK,
3313,05-147242,20051112,DREGER AVE btwn GRABER PL & EVELYN CRES,04-At/near private drive,02-Thru lane,01-Clear,01-Daylight,MIDBLOCK,
3314,05-155473,20051125,FAIRLAWN RD btwn WILSON AVE & TRAYNOR AVE,04-At/near private drive,02-Thru lane,02-Rain,"08-Dark, artificial",MIDBLOCK,
3315,05-158671,20051204,ORCHARD MILL CRES btwn DOON VALLEY DR & DOON VALLEY DR,04-At/near private drive,02-Thru lane,03-Snow,01-Daylight,MIDBLOCK,
3316,13-243136,20131018,SOUTHMOOR DR btwn YAGER AVE & YAGER AVE,01-Non intersection,,01-Clear,01-Daylight,MIDBLOCK,
3317,13-248568,20131024,OLIVER CRT btwn EASTFOREST TRAIL & CUL DE SAC,01-Non intersection,11-Not on roadway - right side,02-Rain,01-Daylight,MIDBLOCK,
3318,13-239033,20131013,PIONEER DR btwn GREEN VALLEY DR & HOMER WATSON BLVD,04-At/near private drive,02-Thru lane,02-Rain,01-Daylight,MIDBLOCK,
3319,14-016387,20140122,HIGHLAND RD E btwn HOFFMAN ST & CUL DE SAC,04-At/near private drive,02-Thru lane,01-Clear,01-Daylight,MIDBLOCK,
3320,14-009877,20140113,EDWIN ST btwn GUELPH ST & FAIRFIELD AVE,04-At/near private drive,02-Thru lane,01-Clear,07-Dark,MIDBLOCK,
3321,13-283521,20131207,BANKSIDE DR btwn BANKSIDE CRES & BANKSIDE CRES,04-At/near private drive,02-Thru lane,01-Clear,05-Dusk,MIDBLOCK,
3322,14-028299,20140206,QUEENS BLVD btwn QUEENS BLVD & PLEASANT AVE,04-At/near private drive,02-Thru lane,01-Clear,01-Daylight,MIDBLOCK,
3323,14-008620,20140112,KENSINGTON AVE btwn PERKELL PL & CHELSEA RD,01-Non intersection,02-Thru lane,01-Clear,01-Daylight,MIDBLOCK,
3324,14-029870,20140207,COURTLAND AVE E btwn HAYWARD AVE & HILLMOUNT ST,01-Non intersection,02-Thru lane,01-Clear,01-Daylight,MIDBLOCK,
3325,14-022813,20140130,COPPER LEAF ST btwn WISTERIA CRT & COTTON GRASS ST,04-At/near private drive,02-Thru lane,01-Clear,"08-Dark, artificial",MIDBLOCK,
3326,14-015605,20140121,WESTHEIGHTS DR btwn WINDING WAY & WINDING WAY,04-At/near private drive,09-Right shoulder,01-Clear,01-Daylight,MIDBLOCK,
3327,13-284911,20131209,ROLLING MEADOWS DR btwn TRADEWINDS PL & NEWBURY DR,04-At/near private drive,02-Thru lane,01-Clear,07-Dark,MIDBLOCK,
3328,14-017333,20140123,DOON VALLEY DR btwn ORCHARD MILL CRES & ORCHARD MILL CRES,04-At/near private drive,10-Not on roadway - left side,01-Clear,01-Daylight,MIDBLOCK,
3329,05-146398,20051111,FAIRMOUNT RD btwn JACKSON AVE & MONTGOMERY RD,04-At/near private drive,02-Thru lane,01-Clear,"08-Dark, artificial",MIDBLOCK,
3330,05-009686,20050127,SUSAN CRES btwn SUSAN CRT & JANET CRT,01-Non intersection,02-Thru lane,01-Clear,01-Daylight,MIDBLOCK,
3331,05-015960,20050212,GREENBROOK DR btwn STONYBROOK DR & BIRCHCLIFF AVE,04-At/near private drive,02-Thru lane,01-Clear,01-Daylight,MIDBLOCK,
3332,05-088473,20050719,PIONEER RIDGE DR btwn PIONEER TOWER RD & END,04-At/near private drive,02-Thru lane,01-Clear,01-Daylight,MIDBLOCK,
3333,05-010679,20050125,WESTFOREST TRAIL btwn SHADYRIDGE PL & BEECHCROFT PL,01-Non intersection,02-Thru lane,01-Clear,01-Daylight,MIDBLOCK,
3334,05-014805,20050209,OVERLEA DR btwn LOMBARDY CRT & OVERLEA CRES,04-At/near private drive,10-Not on roadway - left side,03-Snow,01-Daylight,MIDBLOCK,
3335,05-016571,20050214,WILDERNESS DR btwn WATERWILLOW CRT & MOUNTAIN MINT CRES,,,,,MIDBLOCK,
3336,05-014064,20050206,BISHOP CRT btwn MONTCALM DR & CUL DE SAC,01-Non intersection,02-Thru lane,01-Clear,"08-Dark, artificial",MIDBLOCK,
3337,05-029439,20050317,ROTHSAY AVE btwn FORFAR AVE & NATCHEZ RD,04-At/near private drive,09-Right shoulder,01-Clear,07-Dark,MIDBLOCK,
3338,05-016717,20050214,PIONEER TOWER RD btwn BAXTER PL & MARQUETTE DR,01-Non intersection,02-Thru lane,04-Freezing Rain,01-Daylight,MIDBLOCK,
3339,05-020088,20050223,BROOKVIEW CRT btwn STONEGATE DR & CUL DE SAC,04-At/near private drive,02-Thru lane,01-Clear,01-Daylight,MIDBLOCK,
3340,05-075211,20050617,AMELIA CRT btwn AMELIA ST & CUL DE SAC,01-Non intersection,02-Thru lane,01-Clear,05-Dusk,MIDBLOCK,
3341,05-020945,20050225,PEACH BLOSSOM CRT btwn PEACH BLOSSOM CRES & END,01-Non intersection,02-Thru lane,01-Clear,01-Daylight,MIDBLOCK,
3342,05-037994,20050406,STANLEY AVE btwn TAGGE ST & INGE CRT,04-At/near private drive,02-Thru lane,01-Clear,01-Daylight,MIDBLOCK,
3343,05-056618,20050517,SELKIRK DR btwn KINGSWOOD DR & JAY CRT,01-Non intersection,02-Thru lane,01-Clear,01-Daylight,MIDBLOCK,
3344,05-169861,20051231,WENDY CRT btwn WENDY CRES & CUL DE SAC,01-Non intersection,02-Thru lane,03-Snow,"06-Dusk, artificial",MIDBLOCK,
3345,05-169086,20051229,DUKE ST W btwn QUEEN ST N & ONTARIO ST N,01-Non intersection,02-Thru lane,01-Clear,01-Daylight,MIDBLOCK,
3346,05-165169,20051220,IRVIN ST btwn SCOTT ST & LANCASTER ST E,04-At/near private drive,02-Thru lane,01-Clear,01-Daylight,MIDBLOCK,
3347,05-009300,20050126,BROADVIEW AVE btwn PROSPECT AVE & SHUH AVE,04-At/near private drive,10-Not on roadway - left side,01-Clear,01-Daylight,MIDBLOCK,
3348,05-019707,20050222,RIVER RD E btwn SCENIC DR & MORGAN AVE,04-At/near private drive,02-Thru lane,03-Snow,01-Daylight,MIDBLOCK,
3349,05-020085,20050223,LYDIA ST btwn FREDERICK ST & BINGEMAN ST,04-At/near private drive,02-Thru lane,01-Clear,01-Daylight,MIDBLOCK,
3350,05-024961,20050107,YOUNG ST btwn KING ST W & DUKE ST W,01-Non intersection,02-Thru lane,01-Clear,"08-Dark, artificial",MIDBLOCK,
3351,05-065454,20050604,FREDERICK ST btwn AVON RD & VICTORIA ST N,01-Non intersection,11-Not on roadway - right side,01-Clear,01-Daylight,MIDBLOCK,
3352,05-067430,20050419,NOTCHWOOD CRT btwn OLD CHICOPEE DR & NOTCHWOOD CRT,04-At/near private drive,01-Within intersection,01-Clear,01-Daylight,MIDBLOCK,
3353,05-074297,20050621,NINTH AVE btwn KINGSWAY DR & CONNAUGHT ST,04-At/near private drive,02-Thru lane,01-Clear,01-Daylight,MIDBLOCK,
3354,05-164830,20051219,PATRICIA AVE btwn TALBOT ST & ADELAIDE ST,04-At/near private drive,09-Right shoulder,03-Snow,01-Daylight,MIDBLOCK,
3355,05-076848,20050626,DAVID ST btwn SCHNEIDER AVE & DILL ST,01-Non intersection,10-Not on roadway - left side,01-Clear,01-Daylight,MIDBLOCK,
3356,05-166994,20051223,DOMINION ST btwn PARK ST & STRANGE ST,04-At/near private drive,02-Thru lane,01-Clear,"08-Dark, artificial",MIDBLOCK,
3357,05-125809,20050930,WESTWOOD DR btwn INWOOD DR & WESTWOOD CRES,04-At/near private drive,02-Thru lane,01-Clear,01-Daylight,MIDBLOCK,
3358,05-009416,20050126,KING ST E btwn CAMERON ST S & BETZNER AVE S,04-At/near private drive,02-Thru lane,01-Clear,01-Daylight,MIDBLOCK,
3359,05-166273,20051221,ROLLING MEADOWS DR btwn TIMBERLANE CRES & TRAILWOOD CRES,01-Non intersection,11-Not on roadway - right side,01-Clear,01-Daylight,MIDBLOCK,
3360,05-098092,20050807,DEVONGLEN DR btwn DEVONGLEN CRT & SOUTHWOOD DR,01-Non intersection,02-Thru lane,01-Clear,01-Daylight,MIDBLOCK,
3361,05-065953,20050605,ACTIVA AVE btwn FISCHER HALLMAN RD & GREY FOX DR,01-Non intersection,02-Thru lane,01-Clear,01-Daylight,MIDBLOCK,
3362,05-036816,20050404,WESTWOOD DR btwn KNELL DR & HUNTINGTON PL,01-Non intersection,08-Left shoulder,01-Clear,,MIDBLOCK,
3363,05-066981,20050501,CARSON DR btwn LICHTY CRES & CHAMPLAIN CRES,01-Non intersection,09-Right shoulder,01-Clear,01-Daylight,MIDBLOCK,
3364,05-052924,20050509,HOLBORN DR btwn RIVER RD E & HOLBORN CRT,04-At/near private drive,02-Thru lane,01-Clear,01-Daylight,MIDBLOCK,
3365,05-162084,20051213,MCKENZIE AVE btwn OTTAWA ST N & RANDERSON AVE,01-Non intersection,02-Thru lane,01-Clear,01-Daylight,MIDBLOCK,
3366,05-016544,20050214,DUNSMERE DR btwn RADCLIFFE DR & BOSWORTH CRES,04-At/near private drive,02-Thru lane,04-Freezing Rain,01-Daylight,MIDBLOCK,
3367,05-016550,20050214,EAST AVE btwn STIRLING AVE N & BORDEN AVE N,01-Non intersection,02-Thru lane,04-Freezing Rain,01-Daylight,MIDBLOCK,
3368,05-141445,20051029,OLD COUNTRY PL btwn OLD COUNTRY DR & CUL DE SAC,01-Non intersection,02-Thru lane,01-Clear,"08-Dark, artificial",MIDBLOCK,
3369,05-016613,20050201,KINGSWOOD DR btwn GRACEFIELD CRES & SELKIRK DR,01-Non intersection,11-Not on roadway - right side,04-Freezing Rain,01-Daylight,MIDBLOCK,
3370,05-111402,20050902,MARLIS CRES btwn ERINBROOK DR & ERINBROOK DR,01-Non intersection,02-Thru lane,01-Clear,05-Dusk,MIDBLOCK,
3371,05-113942,20050907,RAUCH CRT btwn CUL DE SAC & PENELOPE DR,04-At/near private drive,99-Other,01-Clear,07-Dark,MIDBLOCK,
3372,05-111210,20050902,HEARTHWOOD CRES btwn HEARTHWOOD DR & HEARTHWOOD DR,04-At/near private drive,02-Thru lane,01-Clear,01-Daylight,MIDBLOCK,
3373,05-153779,20051125,UNION BLVD btwn GOLFVIEW PL & ABERDEEN RD,04-At/near private drive,01-Within intersection,03-Snow,01-Daylight,MIDBLOCK,
3374,13-171833,20130724,TREMAINE DR btwn WILLIAM LEWIS ST & EDGEWATER CRES,04-At/near private drive,02-Thru lane,01-Clear,01-Daylight,MIDBLOCK,
3375,13-175496,20130722,BLUCHER BLVD btwn EDWIN ST & ST VINCENT ST,04-At/near private drive,02-Thru lane,01-Clear,01-Daylight,MIDBLOCK,
3376,13-206719,20130905,GAUKEL ST btwn KING ST W & HALLS LANE W,04-At/near private drive,02-Thru lane,01-Clear,01-Daylight,MIDBLOCK,
3377,13-168712,20130717,COVINGTON CRES btwn NEWBURY DR & NEWBURY DR,01-Non intersection,09-Right shoulder,01-Clear,01-Daylight,MIDBLOCK,
3378,13-194041,20130821,HURON RD btwn TEMPLEWOOD DR & STRASBURG RD,01-Non intersection,02-Thru lane,01-Clear,01-Daylight,MIDBLOCK,
3379,13-142670,20130621,ERINBROOK DR btwn THE COUNTRY WAY & THISTLEDOWN DR,04-At/near private drive,02-Thru lane,01-Clear,"08-Dark, artificial",MIDBLOCK,
3380,13-204209,20130902,BORDEN AVE S btwn CHARLES ST E & NYBERG ST,01-Non intersection,09-Right shoulder,01-Clear,01-Daylight,MIDBLOCK,
3381,13-146145,20130626,HIGHBROOK ST btwn HIGHBROOK CRT & HIGHBROOK CRES,04-At/near private drive,09-Right shoulder,01-Clear,01-Daylight,MIDBLOCK,
3382,13-170183,20130723,RIVER RD E btwn KRUG ST & MANCHESTER RD,01-Non intersection,02-Thru lane,01-Clear,01-Daylight,MIDBLOCK,
3383,13-197424,20130825,KELLY DR btwn BONNYLYN DR & FURNESS DR,01-Non intersection,02-Thru lane,01-Clear,01-Daylight,MIDBLOCK,
3384,13-202013,20130830,EDENBRIDGE PL btwn EDENBRIDGE PL & EDENBRIDGE PL,99-Other,11-Not on roadway - right side,02-Rain,07-Dark,MIDBLOCK,
3385,13-155941,20130706,ROBERT FERRIE DR btwn REYNOLDS CRT & BRIDLERIDGE ST,04-At/near private drive,02-Thru lane,01-Clear,01-Daylight,MIDBLOCK,
3386,13-213846,20130913,HIDDEN VALLEY CRES btwn RIVER BIRCH ST & HIDDEN VALLEY RD,01-Non intersection,10-Not on roadway - left side,01-Clear,01-Daylight,MIDBLOCK,
3387,13-234608,20131006,AHRENS ST W btwn QUEEN ST N & YOUNG ST,01-Non intersection,02-Thru lane,"07-Fog, mist, smoke, dust",07-Dark,MIDBLOCK,
3388,13-240786,20131012,FERNWOOD PL btwn FERNWOOD PL & FERNWOOD PL,04-At/near private drive,09-Right shoulder,01-Clear,01-Daylight,MIDBLOCK,
3389,13-245040,20130101,NEWCASTLE DR btwn TUDOR ST & ROCKCLIFFE DR,04-At/near private drive,09-Right shoulder,,,MIDBLOCK,
3390,13-272553,20131123,SAMUEL ST btwn FREDERICK ST & BINGEMAN ST,04-At/near private drive,02-Thru lane,03-Snow,01-Daylight,MIDBLOCK,
3391,13-222327,20130921,WINDFLOWER DR btwn WINDFLOWER CRES & FOXGLOVE CRES,04-At/near private drive,02-Thru lane,02-Rain,01-Daylight,MIDBLOCK,
3392,13-223196,20130924,ONTARIO ST N btwn KING ST W & GOUDIES LANE,01-Non intersection,02-Thru lane,01-Clear,01-Daylight,MIDBLOCK,
3393,13-248347,20131024,SANDWELL CRT btwn LYNN CRT & END,04-At/near private drive,02-Thru lane,01-Clear,01-Daylight,MIDBLOCK,
3394,13-271028,20131121,STRANGE ST btwn ELM ST & PARK ST,01-Non intersection,09-Right shoulder,01-Clear,01-Daylight,MIDBLOCK,
3395,13-234542,20131008,THOMAS SLEE DR btwn ROBERT FERRIE DR & MONARCH WOODS DR,01-Non intersection,11-Not on roadway - right side,01-Clear,07-Dark,MIDBLOCK,
3396,13-251543,20131019,BANFFSHIRE CRES btwn BANFFSHIRE CRT & BANFFSHIRE ST,04-At/near private drive,02-Thru lane,02-Rain,01-Daylight,MIDBLOCK,
3397,13-273098,20131123,SELKIRK DR btwn JAY CRT & GENEVA CRES,04-At/near private drive,09-Right shoulder,01-Clear,07-Dark,MIDBLOCK,
3398,13-271527,20131121,JUBILEE DR btwn THERESA ST & PARK ST,01-Non intersection,02-Thru lane,02-Rain,"08-Dark, artificial",MIDBLOCK,
3399,13-223512,20130924,DEER RIDGE DR btwn DEER RIDGE DR & TERRACE WOOD DR,04-At/near private drive,02-Thru lane,01-Clear,01-Daylight,MIDBLOCK,
3400,13-262982,20131111,CLAREMONT AVE btwn BELMONT AVE W & BELMONT LANE W,01-Non intersection,02-Thru lane,02-Rain,01-Daylight,MIDBLOCK,
3401,13-272289,20131123,LACKNER BLVD btwn ZELLER DR & DAIMLER DR,01-Non intersection,11-Not on roadway - right side,03-Snow,01-Daylight,MIDBLOCK,
3402,13-272741,20131123,EDGEHILL DR btwn HELEN AVE & STANSON CLOSE,04-At/near private drive,02-Thru lane,01-Clear,07-Dark,MIDBLOCK,
3403,13-227839,20130929,YELLOW BIRCH DR btwn FRAN ELLEN CRES & HODDLE CRES,01-Non intersection,02-Thru lane,01-Clear,07-Dark,MIDBLOCK,
3404,13-220602,20130921,DOON VILLAGE RD btwn MILLWOOD CRES & PIONEER DR,01-Non intersection,02-Thru lane,02-Rain,01-Daylight,MIDBLOCK,
3405,13-261277,20131109,SHELDON AVE N btwn ROSEDALE AVE & EDMUND RD,01-Non intersection,09-Right shoulder,01-Clear,07-Dark,MIDBLOCK,
3406,13-258373,20131105,DUKE ST W btwn HEIT LANE & VICTORIA ST N,04-At/near private drive,02-Thru lane,01-Clear,01-Daylight,MIDBLOCK,
3407,13-263928,20131112,CRAY CRES btwn CRAY CRES & CRAY CRES,04-At/near private drive,02-Thru lane,01-Clear,"08-Dark, artificial",MIDBLOCK,
3408,13-264497,20131111,GILDNER ST btwn YORK ST & EDEN AVE,04-At/near private drive,09-Right shoulder,01-Clear,"08-Dark, artificial",MIDBLOCK,
3409,13-207162,20130905,WOOD ST btwn YORK ST & EDEN AVE,04-At/near private drive,02-Thru lane,01-Clear,01-Daylight,MIDBLOCK,
3410,13-229191,20130930,FERGUS AVE btwn END & WEBER ST E,01-Non intersection,02-Thru lane,02-Rain,01-Daylight,MIDBLOCK,
3411,13-258434,20131105,STIRLING AVE S btwn PLEASANT AVE & MAUSSER AVE,01-Non intersection,02-Thru lane,01-Clear,01-Daylight,MIDBLOCK,
3412,13-212401,20130911,KESSELRING DR btwn KESSELRING CRT & COUNTRYSIDE CRES,04-At/near private drive,09-Right shoulder,06-Strong wind,01-Daylight,MIDBLOCK,
3413,13-210673,20130909,MT HOPE ST btwn KING ST W & PARK ST,01-Non intersection,02-Thru lane,01-Clear,07-Dark,MIDBLOCK,
3414,13-211207,20130910,SPADINA RD E btwn WENTWORTH AVE & MILL ST,04-At/near private drive,02-Thru lane,01-Clear,01-Daylight,MIDBLOCK,
3415,13-219691,20130920,PINE VALLEY DR btwn RIDGEMERE CRT & APPLE RIDGE DR,04-At/near private drive,09-Right shoulder,"07-Fog, mist, smoke, dust",01-Daylight,MIDBLOCK,
3416,13-250824,20131027,CARISBROOK DR btwn BRIDGE ST W & END,01-Non intersection,02-Thru lane,01-Clear,07-Dark,MIDBLOCK,
3417,13-244033,20131017,CHARLES ST E btwn MADISON AVE S & CAMERON ST S,04-At/near private drive,02-Thru lane,01-Clear,01-Daylight,MIDBLOCK,
3418,13-209598,20130905,HIGHLAND RD W btwn ROXBOROUGH AVE & LAWRENCE AVE,04-At/near private drive,03-Left turn lane,01-Clear,01-Daylight,MIDBLOCK,
3419,13-213000,20130912,KRAFT AVE btwn FALESY AVE & JEAN AVE,04-At/near private drive,02-Thru lane,01-Clear,01-Daylight,MIDBLOCK,
3420,13-243736,20131018,HAVENWOOD CRT btwn GOLDEN MEADOW DR & CUL DE SAC,01-Non intersection,11-Not on roadway - right side,01-Clear,07-Dark,MIDBLOCK,
3421,13-245046,20131020,PANDORA AVE N btwn DUKE ST E & WEBER ST E,04-At/near private drive,02-Thru lane,01-Clear,"08-Dark, artificial",MIDBLOCK,
3422,13-254135,20131031,CLARENCE PL btwn LANCASTER ST E & GORDON AVE,01-Non intersection,02-Thru lane,02-Rain,01-Daylight,MIDBLOCK,
3423,13-245209,20131020,ISLINGTON AVE btwn CAMDEN PL & RIVER RD E,04-At/near private drive,02-Thru lane,01-Clear,01-Daylight,MIDBLOCK,
3424,13-216893,20130917,LOUISA ST btwn DUKE ST W & WEBER ST W,01-Non intersection,02-Thru lane,01-Clear,07-Dark,MIDBLOCK,
3425,13-207753,20130906,ERINBROOK DR btwn UXBRIDGE CRES & RITTENHOUSE RD,04-At/near private drive,02-Thru lane,01-Clear,01-Daylight,MIDBLOCK,
3426,13-212532,20130911,DUMFRIES AVE btwn EDNA ST & CHAPEL ST,01-Non intersection,02-Thru lane,02-Rain,"08-Dark, artificial",MIDBLOCK,
3427,13-255858,20131102,CHANDLER DR btwn WOODFERN CRT & BONFIELD PL,01-Non intersection,02-Thru lane,01-Clear,,MIDBLOCK,
3428,13-207499,20130905,UNION BLVD btwn ESSON ST & BELMONT AVE W,,02-Thru lane,01-Clear,01-Daylight,MIDBLOCK,
3429,13-248547,20131024,HOMER WATSON BLVD btwn C_PKY STR ONRAMP & C_PKY WAT ONRAMP,01-Non intersection,02-Thru lane,02-Rain,01-Daylight,MIDBLOCK,
3430,13-254679,20131101,KING ST E btwn ONWARD AVE & OTTAWA ST S,01-Non intersection,02-Thru lane,02-Rain,07-Dark,MIDBLOCK,
3431,13-213711,20130913,CHERRY ST btwn PARK ST & WALNUT ST,01-Non intersection,02-Thru lane,01-Clear,01-Daylight,MIDBLOCK,
3432,13-284487,20131209,GREENGABLE WAY btwn WESTFOREST TRAIL & GREENGABLE CRT,04-At/near private drive,10-Not on roadway - left side,03-Snow,01-Daylight,MIDBLOCK,
3433,13-284717,20131209,SPRING VALLEY RD btwn GUELPH ST & WELLINGTON ST N,01-Non intersection,11-Not on roadway - right side,03-Snow,01-Daylight,MIDBLOCK,
3434,13-292733,20131220,WESTHEIGHTS DR btwn BLACKWELL DR & QUEENS BLVD,01-Non intersection,11-Not on roadway - right side,02-Rain,"08-Dark, artificial",MIDBLOCK,
3435,14-005539,20140101,WENDY CRES btwn WENDY CRT & OLDFIELD DR,04-At/near private drive,02-Thru lane,01-Clear,07-Dark,MIDBLOCK,
3436,13-292948,20131220,OLDFIELD DR btwn SHAFTSBURY DR & CASEY DR,04-At/near private drive,02-Thru lane,02-Rain,"08-Dark, artificial",MIDBLOCK,
3437,14-006192,20140109,NORTH DR btwn QUEENS BLVD & SPADINA RD W,04-At/near private drive,02-Thru lane,01-Clear,01-Daylight,MIDBLOCK,