OBJECTID,ACCIDENTNUM,ACCIDENTDATE,LOCATION,ACCIDENT_LOCATION,IMPACT_LOCATION,ENVIRONMENT_CONDITION,LIGHT,COLLISION_TYPE,TRAFFICCOLLISIONSID
3768,15-192892,20150909,HALLS LANE E btwn BENTON ST & EBY ST S,01-Non intersection,02-Thru lane,01-Clear,01-Daylight,MIDBLOCK,
3769,15-235383,20151102,ONTARIO ST N btwn DUKE ST W & WEBER ST W,01-Non intersection,02-Thru lane,01-Clear,01-Daylight,MIDBLOCK,
3770,15-242468,20151111,PARK ST btwn WOOD ST & MT HOPE ST,01-Non intersection,02-Thru lane,01-Clear,01-Daylight,MIDBLOCK,
3771,16-012772,20160118,GREENFIELD AVE btwn CARROL ST & WOODHAVEN RD,04-At/near private drive,09-Right shoulder,03-Snow,01-Daylight,MIDBLOCK,
3772,15-212605,20151003,OLD CHICOPEE DR btwn HOLBORN DR & CONWAY DR,01-Non intersection,02-Thru lane,02-Rain,07-Dark,MIDBLOCK,
3773,15-247251,20151117,HURST AVE btwn PALMER AVE & KENT AVE,01-Non intersection,02-Thru lane,01-Clear,"04-Dawn, artificial",MIDBLOCK,
3774,15-270308,20151218,RIVER RD E btwn KINZIE AVE & FAIRWAY RD N,01-Non intersection,02-Thru lane,01-Clear,"08-Dark, artificial",MIDBLOCK,
3775,15-129482,20150617,MONTCALM DR btwn LORRAINE AVE & HUDSON CRES,04-At/near private drive,09-Right shoulder,01-Clear,"08-Dark, artificial",MIDBLOCK,
3776,15-243361,20151112,DOLL CRT btwn ACTIVA AVE & END,04-At/near private drive,03-Left turn lane,02-Rain,07-Dark,MIDBLOCK,
3777,15-267848,20151215,CONESTOGA COLLEGE BLVD btwn PINNACLE DR & NEW DUNDEE RD,04-At/near private drive,02-Thru lane,01-Clear,01-Daylight,MIDBLOCK,
3778,15-266954,20151211,WINDWARD PL btwn WESTFOREST TRAIL & CUL DE SAC,04-At/near private drive,02-Thru lane,01-Clear,"08-Dark, artificial",MIDBLOCK,
3779,15-248833,20151119,HIGHLAND RD W btwn HIGHLAND CRES & FIELDGATE ST,04-At/near private drive,02-Thru lane,01-Clear,01-Daylight,MIDBLOCK,
3780,15-197140,20150914,YARROW CRT btwn YARROW CRT & YARROW CRT,04-At/near private drive,02-Thru lane,01-Clear,01-Daylight,MIDBLOCK,
3781,15-190195,20150906,WOOLWICH ST btwn BRIDLE TRAIL & EXMOOR ST,04-At/near private drive,02-Thru lane,01-Clear,"08-Dark, artificial",MIDBLOCK,
3782,15-239370,20151106,TISDALE CRT btwn TISDALE CRT & TISDALE CRT,04-At/near private drive,99-Other,01-Clear,05-Dusk,MIDBLOCK,
3783,15-161091,20150729,PERKELL PL btwn KENSINGTON AVE & CUL DE SAC,04-At/near private drive,02-Thru lane,01-Clear,01-Daylight,MIDBLOCK,
3784,15-211495,20151002,PEBBLECREEK DR btwn COUNTRY HILL DR & VENTURIN ST,01-Non intersection,02-Thru lane,01-Clear,01-Daylight,MIDBLOCK,
3785,15-248688,20151119,MANOR DR btwn LEWIS CRES & LEWIS CRES,04-At/near private drive,02-Thru lane,01-Clear,01-Daylight,MIDBLOCK,
3786,15-231337,20151027,HOMER WATSON BLVD btwn CONESTOGA COLLEGE BLVD & 401 LON ONRAMP,01-Non intersection,02-Thru lane,01-Clear,03-Dawn,MIDBLOCK,
3787,15-255303,20151128,HOFFMAN ST btwn OTTAWA ST S & DONLEY ST,01-Non intersection,02-Thru lane,01-Clear,01-Daylight,MIDBLOCK,
3788,14-079441,20140413,FOLKSTONE PL btwn FOLKSTONE PL & FOLKSTONE PL,99-Other,99-Other,01-Clear,01-Daylight,MIDBLOCK,
3789,15-194963,20150911,DONALD ST btwn END & ADA ST,01-Non intersection,02-Thru lane,02-Rain,07-Dark,MIDBLOCK,
3790,15-220956,20151014,BEAUMONT CRES btwn BEAUMONT CRES & DESMOND ST,04-At/near private drive,02-Thru lane,01-Clear,01-Daylight,MIDBLOCK,
3791,15-227592,20151023,ANSON CRT btwn ANSON CRT & ANSON CRT,04-At/near private drive,02-Thru lane,01-Clear,01-Daylight,MIDBLOCK,
3792,15-229191,20151025,BINSCARTH RD btwn PLEASANT AVE & BARCLAY AVE,04-At/near private drive,02-Thru lane,01-Clear,01-Daylight,MIDBLOCK,
3793,15-249697,20151120,BECHTEL DR btwn PIONEER DR & DOON VILLAGE RD,04-At/near private drive,02-Thru lane,01-Clear,05-Dusk,MIDBLOCK,
3794,15-230996,20151028,ROCHEFORT ST btwn TOTTENHAM ST & CHANTILLY ST,04-At/near private drive,02-Thru lane,02-Rain,01-Daylight,MIDBLOCK,
3795,15-231740,20151029,GLASGOW ST btwn WESTMOUNT RD W & GLASGOW LANE,01-Non intersection,02-Thru lane,01-Clear,01-Daylight,MIDBLOCK,
3796,15-227360,20151022,GRIFFIN AVE btwn LIBERTY AVE & MELROSE AVE,04-At/near private drive,02-Thru lane,01-Clear,01-Daylight,MIDBLOCK,
3797,14-074613,20140407,QUINTE CRES btwn QUINTE CRT & MORRISON RD,99-Other,12-Off highway,01-Clear,01-Daylight,MIDBLOCK,
3798,15-162353,20150731,NYBERG ST btwn BORDEN AVE S & OTTAWA ST S,01-Non intersection,02-Thru lane,01-Clear,01-Daylight,MIDBLOCK,
3799,15-235914,20151102,KENT AVE btwn KENNEDY AVE & COURTLAND AVE E,04-At/near private drive,02-Thru lane,01-Clear,99-Other,MIDBLOCK,
3800,15-109730,20150525,RIVER RD E btwn FAIRWAY RD N & SCENIC DR,04-At/near private drive,11-Not on roadway - right side,01-Clear,07-Dark,MIDBLOCK,
3801,15-163903,20150802,PETER ST btwn ST GEORGE ST & COURTLAND AVE E,04-At/near private drive,02-Thru lane,01-Clear,01-Daylight,MIDBLOCK,
3802,15-158664,20150726,CONWAY DR btwn RIVER RD E & WAYNE DR,01-Non intersection,09-Right shoulder,01-Clear,01-Daylight,MIDBLOCK,
3803,15-131981,20150621,CASEY DR btwn BRIERDALE DR & GRAY ST,01-Non intersection,02-Thru lane,01-Clear,"08-Dark, artificial",MIDBLOCK,
3804,15-163238,20150725,GRAVEL RIDGE TRAIL btwn ELIZA AVE & AUDREY ST,04-At/near private drive,02-Thru lane,01-Clear,01-Daylight,MIDBLOCK,
3805,14-227700,20141004,GRAND RIVER BLVD btwn UNDERHILL CRES & MORRISON RD,99-Other,12-Off highway,01-Clear,07-Dark,MIDBLOCK,
3806,15-235028,20151102,MCKENZIE AVE btwn SHERBOURNE AVE & OTTAWA ST N,01-Non intersection,02-Thru lane,01-Clear,03-Dawn,MIDBLOCK,
3807,15-253789,20151126,HURON RD btwn HOMER WATSON BLVD & MILL PARK DR,01-Non intersection,02-Thru lane,01-Clear,03-Dawn,MIDBLOCK,
3808,16-012792,20160118,DOON VILLAGE RD btwn TILT DR & OREGON DR,01-Non intersection,11-Not on roadway - right side,03-Snow,"08-Dark, artificial",MIDBLOCK,
3809,15-276454,20151228,FAIRWAY RD S btwn KING ST BYPASS OFFRAMP & WABANAKI DR,04-At/near private drive,02-Thru lane,03-Snow,"06-Dusk, artificial",MIDBLOCK,
3810,15-270809,20151219,ROBERTSON CRES btwn MACINTOSH PL & SUTHERLAND WALK,01-Non intersection,02-Thru lane,01-Clear,01-Daylight,MIDBLOCK,
3811,15-234969,20151102,ACTIVA AVE btwn BRIDLEWREATH ST & HENHOEFFER CRES,01-Non intersection,12-Off highway,01-Clear,"08-Dark, artificial",MIDBLOCK,
3812,15-259327,20151127,WINDFLOWER DR btwn WINDFLOWER PL & WINDFLOWER CRES,04-At/near private drive,02-Thru lane,02-Rain,"08-Dark, artificial",MIDBLOCK,
3813,15-253166,20151125,ACTIVA AVE btwn COTTON GRASS ST & BRIDLEWREATH ST,01-Non intersection,02-Thru lane,01-Clear,01-Daylight,MIDBLOCK,
3814,16-003816,20160106,HELENA FEASBY ST btwn HARDING ST & FREY CRES,01-Non intersection,12-Off highway,01-Clear,01-Daylight,MIDBLOCK,
3815,16-040676,20160225,SEREDA RD btwn ARNOLD ST & MAPLE AVE,01-Non intersection,11-Not on roadway - right side,03-Snow,"08-Dark, artificial",MIDBLOCK,
3816,15-246216,20151116,BLUCHER ST btwn DIEPPE AVE & MARGARET AVE,99-Other,12-Off highway,01-Clear,01-Daylight,MIDBLOCK,
3817,16-031629,20160212,BREITHAUPT ST btwn MOORE AVE & WATERLOO ST,04-At/near private drive,02-Thru lane,03-Snow,01-Daylight,MIDBLOCK,
3818,16-038042,20160220,FAIRFIELD AVE btwn RIDGEWOOD AVE & ST LEGER ST,04-At/near private drive,02-Thru lane,01-Clear,01-Daylight,MIDBLOCK,
3819,16-030732,20160206,BRICK ST btwn OTTAWA ST N & ROSEDALE AVE,04-At/near private drive,02-Thru lane,01-Clear,07-Dark,MIDBLOCK,
3820,16-036954,20160220,ELM RIDGE DR btwn SILVER ASPEN CRES & SILVER ASPEN CRES,01-Non intersection,09-Right shoulder,01-Clear,07-Dark,MIDBLOCK,
3821,16-048526,20160305,OPRINGTON CRT btwn OPRINGTON DR & CUL DE SAC,01-Non intersection,02-Thru lane,01-Clear,01-Daylight,MIDBLOCK,
3822,16-028457,20160208,DEER RIDGE CRES btwn DEER RIDGE CRT & PIONEER TOWER CRES,01-Non intersection,12-Off highway,01-Clear,01-Daylight,MIDBLOCK,
3823,16-021489,20160130,SPORTSWORLD CROSSING RD btwn KING ST E & SPORTSWORLD DR,04-At/near private drive,02-Thru lane,01-Clear,01-Daylight,MIDBLOCK,
3824,16-012033,20160117,STRANGE ST btwn VICTORIA ST S & HERLAN AVE,01-Non intersection,10-Not on roadway - left side,01-Clear,01-Daylight,MIDBLOCK,
3825,16-056993,20160317,FRANCIS ST S btwn KING ST W & HALLS LANE W,04-At/near private drive,02-Thru lane,01-Clear,01-Daylight,MIDBLOCK,
3826,16-073002,20160407,HURON RD btwn HURON RD ONRAMP & TRILLIUM DR,04-At/near private drive,02-Thru lane,02-Rain,07-Dark,MIDBLOCK,
3827,16-080959,20160417,HEBEL PL btwn ST GEORGE ST & COURTLAND AVE E,04-At/near private drive,02-Thru lane,01-Clear,01-Daylight,MIDBLOCK,
3828,16-045757,20160302,WEBER ST E btwn BROADVIEW AVE & FRANKLIN ST N,04-At/near private drive,02-Thru lane,01-Clear,"08-Dark, artificial",MIDBLOCK,
3829,16-072994,20160407,SORRENTO ST btwn POMPEII ST & BIANCA CRT,01-Non intersection,02-Thru lane,02-Rain,07-Dark,MIDBLOCK,
3830,16-038502,20160222,BONNYBANK CRT btwn ERINBROOK DR & CUL DE SAC,99-Other,12-Off highway,01-Clear,07-Dark,MIDBLOCK,
3831,16-048948,20160306,HIGHBROOK CRES btwn HIGHBROOK ST & HIGHBROOK ST,01-Non intersection,02-Thru lane,01-Clear,07-Dark,MIDBLOCK,
3832,16-183473,20160821,GOLDEN MEADOW CRES btwn GOLDEN MEADOW DR & GOLDEN MEADOW DR,04-At/near private drive,02-Thru lane,01-Clear,01-Daylight,MIDBLOCK,
3833,16-135735,20160623,MASSEY AVE btwn BONIFACE AVE & VANIER DR,01-Non intersection,02-Thru lane,01-Clear,01-Daylight,MIDBLOCK,
3834,16-148917,20160709,WESTMEADOW DR btwn JACQUELINE PL & BRAMBLEWOOD ST,01-Non intersection,02-Thru lane,01-Clear,"08-Dark, artificial",MIDBLOCK,
3835,16-182016,20160819,AMELIA ST btwn AMELIA CRT & COLTON CIR,04-At/near private drive,02-Thru lane,01-Clear,01-Daylight,MIDBLOCK,
3836,16-210364,20160921,CARWOOD AVE btwn DOON RD & DIXON ST,04-At/near private drive,02-Thru lane,01-Clear,01-Daylight,MIDBLOCK,
3837,16-213629,20160926,CATALINA CRT btwn CATALINA CRT & CATALINA CRT,01-Non intersection,08-Left shoulder,01-Clear,"08-Dark, artificial",MIDBLOCK,
3838,16-162617,20160727,CEDAR ST S btwn CHURCH ST & ST GEORGE ST,04-At/near private drive,02-Thru lane,01-Clear,01-Daylight,MIDBLOCK,
3839,16-182099,20160820,DAVID BERGEY DR btwn PEACH BLOSSOM CRES & PEACH BLOSSOM CRES,01-Non intersection,02-Thru lane,01-Clear,01-Daylight,MIDBLOCK,
3840,16-203096,20160914,EAST AVE btwn BINGEMAN ST & CHAPEL ST,04-At/near private drive,02-Thru lane,01-Clear,01-Daylight,MIDBLOCK,
3841,16-191211,20160831,MOWAT BLVD btwn CHANDLER DR & OTTAWA ST S,04-At/near private drive,02-Thru lane,01-Clear,"08-Dark, artificial",MIDBLOCK,
3842,16-175124,20160811,PLEASANT AVE btwn CORAL CRES & STIRLING AVE S,01-Non intersection,02-Thru lane,01-Clear,01-Daylight,MIDBLOCK,
3843,16-206237,20160917,GREEN VALLEY DR btwn ARROWHEAD CRES & ARROWHEAD CRES,01-Non intersection,09-Right shoulder,01-Clear,"08-Dark, artificial",MIDBLOCK,
3844,16-213121,20160926,SHIRLEY DR btwn END & CEDARVIEW PL,01-Non intersection,02-Thru lane,01-Clear,01-Daylight,MIDBLOCK,
3845,16-206819,20160919,SHIRLEY DR btwn CRESTVIEW PL & RIVERVIEW PL,04-At/near private drive,02-Thru lane,01-Clear,01-Daylight,MIDBLOCK,
3846,16-194914,20160904,HOLBORN DR btwn CARNABY CRES & MAYFAIR CRT,01-Non intersection,02-Thru lane,01-Clear,01-Daylight,MIDBLOCK,
3847,16-149735,20160710,STIRLING AVE S btwn FORK IN ROAD & COURTLAND AVE E,01-Non intersection,02-Thru lane,01-Clear,"08-Dark, artificial",MIDBLOCK,
3848,16-243002,20161102,ELLIS AVE btwn BLUCHER ST & GUELPH ST,04-At/near private drive,02-Thru lane,01-Clear,01-Daylight,MIDBLOCK,
3849,16-255201,20161118,PIONEER DR btwn PERIN PL & NATHANIEL CRES,01-Non intersection,02-Thru lane,01-Clear,05-Dusk,MIDBLOCK,
3850,16-253814,20161117,QUEENS BLVD btwn EAGEN DR & BONFAIR CRT,01-Non intersection,02-Thru lane,01-Clear,01-Daylight,MIDBLOCK,
3851,16-124685,20160610,COMMONWEALTH CRES btwn COMMONWEALTH ST & ISABELLA ST,01-Non intersection,09-Right shoulder,01-Clear,01-Daylight,MIDBLOCK,
3852,16-237270,20161025,WESTMEADOW DR btwn SUNNY MEADOW CRT & MICHELLE CRT,01-Non intersection,02-Thru lane,01-Clear,"08-Dark, artificial",MIDBLOCK,
3853,16-215849,20160930,SELKIRK DR btwn LUCERNE DR & STRASBURG RD,01-Non intersection,02-Thru lane,01-Clear,01-Daylight,MIDBLOCK,
3854,16-209519,20160922,ELM RIDGE DR btwn HICKORY HEIGHTS CRES & RAMBLEWOOD WAY,01-Non intersection,11-Not on roadway - right side,01-Clear,01-Daylight,MIDBLOCK,
3855,16-228241,20161015,DEER CREEK ST btwn DEER CREEK PL & BROOKMEAD ST,01-Non intersection,02-Thru lane,01-Clear,01-Daylight,MIDBLOCK,
3856,16-243179,20161103,WELLINGTON ST S btwn KING ST W & WALTER ST,01-Non intersection,02-Thru lane,01-Clear,01-Daylight,MIDBLOCK,
3857,16-243228,20161103,FALCONRIDGE DR btwn FALCONRIDGE CRES & REDTAIL ST,01-Non intersection,02-Thru lane,01-Clear,07-Dark,MIDBLOCK,
3858,16-238449,20161028,KINGSWAY DR btwn EIGHTH AVE & NINTH AVE,01-Non intersection,02-Thru lane,01-Clear,01-Daylight,MIDBLOCK,
3859,16-082721,20160419,HOFFMAN ST btwn SOUTHDALE AVE & HIGHLAND RD E,04-At/near private drive,02-Thru lane,01-Clear,01-Daylight,MIDBLOCK,
3860,16-112759,20160527,HAZELGLEN DR btwn MOOREGATE CRES & MOOREGATE CRES,04-At/near private drive,09-Right shoulder,01-Clear,01-Daylight,MIDBLOCK,
3861,16-103214,20160516,DUKE ST E btwn CAMERON ST N & BETZNER AVE N,01-Non intersection,02-Thru lane,01-Clear,"08-Dark, artificial",MIDBLOCK,
3862,16-126850,20160610,FAIRWAY RD N btwn JANSEN AVE & THALER AVE,01-Non intersection,02-Thru lane,01-Clear,07-Dark,MIDBLOCK,
3863,16-110027,20160520,SHADYWOOD CRES btwn FOREST HILL DR & CUL DE SAC,01-Non intersection,09-Right shoulder,01-Clear,05-Dusk,MIDBLOCK,
3864,16-102686,20160515,CLEMENS LANE btwn ST GEORGE ST & COURTLAND AVE E,99-Other,12-Off highway,99-Other,01-Daylight,MIDBLOCK,
3865,16-082251,20160419,FALLOWFIELD DR btwn ANASTASIA DR & FALLVIEW ST,01-Non intersection,02-Thru lane,01-Clear,01-Daylight,MIDBLOCK,
3866,16-094267,20160504,JUBILEE DR btwn DAVID ST & WATER ST S,01-Non intersection,02-Thru lane,01-Clear,01-Daylight,MIDBLOCK,
3867,16-112637,20160527,PERIN PL btwn PIONEER DR & CUL DE SAC,04-At/near private drive,02-Thru lane,01-Clear,01-Daylight,MIDBLOCK,
3868,16-223872,20161009,LYNNVALLEY CRES btwn TRELAWNEY ST & LYNNVALLEY CRT,04-At/near private drive,02-Thru lane,01-Clear,01-Daylight,MIDBLOCK,
3869,16-218825,20161003,WORDSWORTH PL btwn WORDSWORTH PL & WORDSWORTH PL,04-At/near private drive,02-Thru lane,02-Rain,07-Dark,MIDBLOCK,
3870,16-212730,20160926,VICTORIA ST S btwn LAWRENCE AVE & ALICE AVE,04-At/near private drive,02-Thru lane,01-Clear,01-Daylight,MIDBLOCK,
3871,16-228038,20161012,HOMESTEAD PL btwn DRIFTWOOD DR & THORNCLIFFE ST,04-At/near private drive,02-Thru lane,01-Clear,05-Dusk,MIDBLOCK,
3872,16-218415,20161002,BANFFSHIRE CRT btwn BANFFSHIRE CRES & CUL DE SAC,01-Non intersection,02-Thru lane,01-Clear,"08-Dark, artificial",MIDBLOCK,
3873,16-216991,20161001,CAMERON ST S btwn KING ST E & CHARLES ST E,04-At/near private drive,99-Other,02-Rain,01-Daylight,MIDBLOCK,
3874,16-211353,20160924,KING ST E btwn CRESSMAN AVE & TU LANE ST,04-At/near private drive,02-Thru lane,01-Clear,01-Daylight,MIDBLOCK,
3875,16-223010,20161008,WEBER ST E btwn FERGUS AVE & KINZIE AVE,04-At/near private drive,02-Thru lane,01-Clear,01-Daylight,MIDBLOCK,
3876,16-180322,20160813,DREGER AVE btwn EVELYN CRES & FRANKLIN ST N,04-At/near private drive,02-Thru lane,01-Clear,01-Daylight,MIDBLOCK,
3877,16-212185,20160925,TILLSLEY DR btwn ERINBROOK DR & WESTMOUNT RD E,01-Non intersection,02-Thru lane,01-Clear,01-Daylight,MIDBLOCK,
3878,16-154864,20160715,SHELDON AVE N btwn WEBER ST E & MCKENZIE AVE,04-At/near private drive,08-Left shoulder,01-Clear,07-Dark,MIDBLOCK,
3879,16-225143,20161011,PINE ST btwn MARY ST & HERBERT ST,01-Non intersection,02-Thru lane,01-Clear,01-Daylight,MIDBLOCK,
3880,16-223803,20161009,WESTCHESTER DR btwn DENLOW ST & DERBY LANE,01-Non intersection,02-Thru lane,01-Clear,07-Dark,MIDBLOCK,
3881,16-216156,20160929,BIANCA CRT btwn PARKVALE DR & SORRENTO ST,04-At/near private drive,02-Thru lane,02-Rain,01-Daylight,MIDBLOCK,
3882,16-250012,20161112,WINDWARD PL btwn WINDWARD PL & WINDWARD PL,01-Non intersection,02-Thru lane,01-Clear,01-Daylight,MIDBLOCK,
3883,16-256790,20161121,ROBERT FERRIE DR btwn FOREST CREEK DR & SOUTH CREEK DR,04-At/near private drive,02-Thru lane,01-Clear,01-Daylight,MIDBLOCK,
3884,16-159082,20160722,FEATHERSTONE ST btwn FEATHERSTONE CRES & FEATHERSTONE CRES,04-At/near private drive,02-Thru lane,01-Clear,01-Daylight,MIDBLOCK,
3885,16-251181,20161114,GRAVEL RIDGE TRAIL btwn ISAIAH DR & MAGDALENA CRT,04-At/near private drive,02-Thru lane,01-Clear,01-Daylight,MIDBLOCK,
3886,16-245073,20161105,CLOVERDALE CRES btwn UPLANDS DR & UPLANDS DR,04-At/near private drive,02-Thru lane,01-Clear,07-Dark,MIDBLOCK,
3887,16-081906,20160418,PINNACLE DR btwn OLD MILL RD & AMHERST DR,01-Non intersection,02-Thru lane,01-Clear,01-Daylight,MIDBLOCK,
3888,16-089660,20160428,EPHRAIM ST btwn BRUCE ST & ETHEL ST,01-Non intersection,09-Right shoulder,01-Clear,01-Daylight,MIDBLOCK,
3889,16-088595,20160427,BIEHN DR btwn MARL MEADOW DR & MCLEOD CRT,01-Non intersection,02-Thru lane,01-Clear,01-Daylight,MIDBLOCK,
3890,16-091186,20160430,TUERR DR btwn THE COUNTRY WAY & RITTENHOUSE RD,04-At/near private drive,02-Thru lane,01-Clear,01-Daylight,MIDBLOCK,
3891,16-064769,20160326,GUELPH ST btwn WOODWARD AVE & CRESTWOOD AVE,04-At/near private drive,11-Not on roadway - right side,01-Clear,"08-Dark, artificial",MIDBLOCK,
3892,16-062142,20160323,EDGEHILL DR btwn CRESSMAN AVE & BAXTER PL,04-At/near private drive,02-Thru lane,03-Snow,01-Daylight,MIDBLOCK,
3893,16-098971,20160510,OVERLEA CRT btwn OVERLEA DR & CUL DE SAC,01-Non intersection,02-Thru lane,01-Clear,01-Daylight,MIDBLOCK,
3894,16-093102,20160417,FARRIER DR btwn DUNLOP PL & PRESCOTT CRT,04-At/near private drive,09-Right shoulder,01-Clear,01-Daylight,MIDBLOCK,
3895,15-262368,20151207,PETER ST btwn CHURCH ST & ST GEORGE ST,01-Non intersection,09-Right shoulder,01-Clear,"08-Dark, artificial",MIDBLOCK,
3896,16-073687,20160408,LAURENTIAN DR btwn ROSENEATH CRES & BLACKHORNE DR,01-Non intersection,11-Not on roadway - right side,03-Snow,07-Dark,MIDBLOCK,
3897,16-090952,20160429,PANDORA AVE N btwn LIBERTY AVE & MELROSE AVE,01-Non intersection,02-Thru lane,01-Clear,01-Daylight,MIDBLOCK,
3898,16-098177,20160509,EASTFOREST TRAIL btwn HIGHLAND RD W & BANKSIDE DR,01-Non intersection,02-Thru lane,01-Clear,01-Daylight,MIDBLOCK,
3899,16-127912,20160614,YORK ST btwn UNION BLVD & WATERLOO BOUNDARY,04-At/near private drive,02-Thru lane,01-Clear,01-Daylight,MIDBLOCK,
3900,16-120426,20160605,KRUG ST btwn DUMFRIES AVE & BECKER ST,01-Non intersection,02-Thru lane,01-Clear,01-Daylight,MIDBLOCK,
3901,16-145475,20160705,MAYWOOD RD btwn GERARD AVE & WOODHAVEN RD,01-Non intersection,09-Right shoulder,01-Clear,01-Daylight,MIDBLOCK,
3902,16-161990,20160725,NYBERG ST btwn OTTAWA ST S & SYDNEY ST S,01-Non intersection,02-Thru lane,01-Clear,07-Dark,MIDBLOCK,
3903,16-130563,20160617,OTTAWA ST S btwn HOFFMAN ST & KEHL ST,04-At/near private drive,02-Thru lane,01-Clear,01-Daylight,MIDBLOCK,
3904,16-138770,20160627,DOON VILLAGE RD btwn ST EMILION PL & DOONBROOK PL,01-Non intersection,09-Right shoulder,01-Clear,01-Daylight,MIDBLOCK,
3905,16-166385,20160731,MARL MEADOW DR btwn TEMPLEWOOD DR & MARL MEADOW CRES,99-Other,12-Off highway,01-Clear,01-Daylight,MIDBLOCK,
3906,16-097176,20160508,VANIER DR btwn WALTON AVE & ERIE AVE,04-At/near private drive,09-Right shoulder,01-Clear,01-Daylight,MIDBLOCK,
3907,16-147980,20160708,GILDNER ST btwn PARK ST & YORK ST,04-At/near private drive,02-Thru lane,01-Clear,01-Daylight,MIDBLOCK,
3908,16-117817,20160602,LANCASTER ST E btwn BRUBACHER ST & KRUG ST,01-Non intersection,02-Thru lane,01-Clear,01-Daylight,MIDBLOCK,
3909,16-138304,20160626,CARSON DR btwn TILLEY CRT & CONFEDERATION DR,01-Non intersection,11-Not on roadway - right side,01-Clear,01-Daylight,MIDBLOCK,
3910,16-153998,20160716,QUEENS BLVD btwn OVERLEA DR & FISCHER HALLMAN RD,04-At/near private drive,02-Thru lane,01-Clear,01-Daylight,MIDBLOCK,
3911,15-098569,20150510,WILHELM ST btwn DIEPPE AVE & MARGARET AVE,01-Non intersection,09-Right shoulder,02-Rain,01-Daylight,MIDBLOCK,
3912,16-149923,20160710,KENORA DR btwn PARKVIEW CRES & OLD CHICOPEE DR,04-At/near private drive,02-Thru lane,01-Clear,01-Daylight,MIDBLOCK,
3913,16-158950,20160722,CARTIER DR btwn KIMBERLY CRES & LAURENTIAN DR,01-Non intersection,02-Thru lane,01-Clear,"08-Dark, artificial",MIDBLOCK,
3914,16-153178,20160713,RAMBLEWOOD WAY btwn ELM RIDGE DR & BROOKSIDE CRES,04-At/near private drive,02-Thru lane,01-Clear,01-Daylight,MIDBLOCK,
3915,16-131285,20160618,COUNTRYSTONE PL btwn COUNTRYSTONE PL & COUNTRYSTONE PL,04-At/near private drive,02-Thru lane,01-Clear,01-Daylight,MIDBLOCK,
3916,16-140384,20160627,CHELSEA RD btwn KENSINGTON AVE & WANDSWORTH PL,04-At/near private drive,02-Thru lane,01-Clear,01-Daylight,MIDBLOCK,
3917,16-155011,20160717,PATRICIA AVE btwn JACK AVE & VICTORIA ST S,01-Non intersection,02-Thru lane,01-Clear,01-Daylight,MIDBLOCK,
3918,16-185196,20160824,KESTREL ST btwn OLD COTTAGE PL & RIVERLINK WAY,01-Non intersection,02-Thru lane,01-Clear,01-Daylight,MIDBLOCK,
3919,16-147129,20160707,ONWARD AVE btwn CRESCENT ST & WEBER ST E,04-At/near private drive,11-Not on roadway - right side,01-Clear,01-Daylight,MIDBLOCK,
3920,16-164811,20160729,OLD HURON PL btwn OLD HURON CRT & BIEHN DR,04-At/near private drive,02-Thru lane,01-Clear,01-Daylight,MIDBLOCK,
3921,16-094963,20160505,SEABROOK DR btwn VALENCIA AVE & FISCHER HALLMAN RD,99-Other,12-Off highway,01-Clear,01-Daylight,MIDBLOCK,
3922,16-131632,20160618,ACTIVA AVE btwn COPPER LEAF ST & COTTON GRASS ST,01-Non intersection,09-Right shoulder,01-Clear,"08-Dark, artificial",MIDBLOCK,
3923,16-154232,20160716,CHARLES ST W btwn ONTARIO ST S & GAUKEL ST,04-At/near private drive,10-Not on roadway - left side,01-Clear,01-Daylight,MIDBLOCK,
3924,16-153519,20160715,WIMBLETON CRES btwn LORRAINE AVE & WORDSWORTH PL,04-At/near private drive,02-Thru lane,01-Clear,01-Daylight,MIDBLOCK,
3925,16-139575,20160628,WATER ST N btwn BELL LANE & DUKE ST W,01-Non intersection,02-Thru lane,01-Clear,01-Daylight,MIDBLOCK,
3926,16-244136,20161104,MAPLEWOOD PL btwn UNION ST & CUL DE SAC,04-At/near private drive,08-Left shoulder,01-Clear,07-Dark,MIDBLOCK,
3927,16-274004,20161214,HARVEST CRT btwn HARVEST CRT & HARVEST CRT,01-Non intersection,02-Thru lane,03-Snow,07-Dark,MIDBLOCK,
3928,16-274351,20161215,MILL PARK DR btwn GREEN VALLEY DR & MORNINGVIEW PL,01-Non intersection,02-Thru lane,03-Snow,01-Daylight,MIDBLOCK,
3929,17-070560,20170401,GRAVEL RIDGE TRAIL btwn ELIZA AVE & GRAVEL RIDGE PL,04-At/near private drive,02-Thru lane,01-Clear,07-Dark,MIDBLOCK,
3930,17-073387,20170405,HURON RD btwn BATTLER RD & TEMPLEWOOD DR,01-Non intersection,02-Thru lane,02-Rain,07-Dark,MIDBLOCK,
3931,17-073632,20170406,MONTCALM DR btwn OLD YORK CRES & INDIAN RD,01-Non intersection,02-Thru lane,02-Rain,01-Daylight,MIDBLOCK,
3932,17-047207,20170303,UPLANDS DR btwn CLOVERDALE CRES & CLOVERDALE CRES,04-At/near private drive,09-Right shoulder,01-Clear,01-Daylight,MIDBLOCK,
3933,17-048765,20170305,BLOCK LINE RD btwn LENNOX LEWIS WAY & END,01-Non intersection,02-Thru lane,01-Clear,01-Daylight,MIDBLOCK,