OBJECTID,ACCIDENTNUM,ACCIDENTDATE,LOCATION,ACCIDENT_LOCATION,IMPACT_LOCATION,ENVIRONMENT_CONDITION,LIGHT,COLLISION_TYPE,TRAFFICCOLLISIONSID
3934,17-031352,20170212,ECKERT ST btwn FIRST AVE & DIXON ST,01-Non intersection,11-Not on roadway - right side,03-Snow,"08-Dark, artificial",MIDBLOCK,
3935,17-062290,20170323,ISAIAH DR btwn GRAVEL RIDGE TRAIL & ISAIAH PL,01-Non intersection,02-Thru lane,01-Clear,01-Daylight,MIDBLOCK,
3936,17-101568,20170510,KENWOOD DR btwn LYNDHURST DR & BELLEVIEW AVE,04-At/near private drive,02-Thru lane,01-Clear,07-Dark,MIDBLOCK,
3937,17-081107,20170415,SAMUEL ST btwn PANDORA AVE N & FAIRVIEW AVE,04-At/near private drive,02-Thru lane,01-Clear,01-Daylight,MIDBLOCK,
3938,16-180996,20160818,ETON DR btwn ROSEMOUNT DR & HEATHER AVE,04-At/near private drive,02-Thru lane,01-Clear,01-Daylight,MIDBLOCK,
3939,17-099696,20170505,ST CLAIR AVE btwn ST CLAIR AVE & NORFOLK CRES,04-At/near private drive,09-Right shoulder,"07-Fog, mist, smoke, dust","08-Dark, artificial",MIDBLOCK,
3940,17-093398,20170430,WESTFOREST TRAIL btwn BANKSIDE DR & HIGHLAND RD W,04-At/near private drive,02-Thru lane,02-Rain,"08-Dark, artificial",MIDBLOCK,
3941,17-092763,20170429,PIONEER DR btwn BLACK WALNUT DR & BECHTEL DR,04-At/near private drive,02-Thru lane,01-Clear,01-Daylight,MIDBLOCK,
3942,17-093914,20170427,PROSPERITY DR btwn FOXGLOVE CRES & DAHLIA ST,04-At/near private drive,02-Thru lane,01-Clear,01-Daylight,MIDBLOCK,
3943,17-089559,20170426,QUEEN ST S btwn BROCK ST & HIGHLAND RD W,04-At/near private drive,02-Thru lane,01-Clear,01-Daylight,MIDBLOCK,
3944,17-085557,20170421,BELMONT LANE E btwn BELMONT AVE W & CLAREMONT AVE,01-Non intersection,02-Thru lane,01-Clear,01-Daylight,MIDBLOCK,
3945,17-095129,20170502,BENESFORT DR btwn BANKSIDE DR & BENESFORT CRES,04-At/near private drive,09-Right shoulder,02-Rain,01-Daylight,MIDBLOCK,
3946,17-087145,20170421,BRISBANE CRT btwn BRISBANE CRT & BRISBANE CRT,04-At/near private drive,02-Thru lane,01-Clear,07-Dark,MIDBLOCK,
3947,17-096971,20170501,RADCLIFFE DR btwn LAURENTIAN DR & BRIARGATE DR,01-Non intersection,09-Right shoulder,01-Clear,01-Daylight,MIDBLOCK,
3948,17-083196,20170418,CAYLEY CRT btwn CUL DE SAC & CARWOOD AVE,01-Non intersection,02-Thru lane,01-Clear,01-Daylight,MIDBLOCK,
3949,17-102348,20170511,CHAPEL ST btwn EAST AVE & MELROSE AVE,04-At/near private drive,09-Right shoulder,01-Clear,01-Daylight,MIDBLOCK,
3950,17-086019,20170421,DOON MILLS DR btwn WOODSMERE DR & SUGARMILL CRT,01-Non intersection,02-Thru lane,01-Clear,07-Dark,MIDBLOCK,
3951,17-109986,20170521,GREENFIELD AVE btwn EIGHTH AVE & NINTH AVE,01-Non intersection,02-Thru lane,02-Rain,01-Daylight,MIDBLOCK,
3952,17-110724,20170522,OTTERBEIN RD btwn DEANS GATE CRT & BRANDY CRES,04-At/near private drive,09-Right shoulder,01-Clear,01-Daylight,MIDBLOCK,
3953,17-114823,20170522,HARTWOOD AVE btwn BRUNSWICK AVE & MARGARET AVE,01-Non intersection,02-Thru lane,01-Clear,05-Dusk,MIDBLOCK,
3954,17-125128,20170608,WATER ST S btwn FORK IN ROAD & JUBILEE DR,01-Non intersection,12-Off highway,01-Clear,01-Daylight,MIDBLOCK,
3955,17-150057,20170707,WINDOM RD btwn THALER AVE & CUL DE SAC,04-At/near private drive,02-Thru lane,01-Clear,01-Daylight,MIDBLOCK,
3956,17-161940,20170721,WOODHAVEN RD btwn REYBURN AVE & SIEBERT AVE,01-Non intersection,11-Not on roadway - right side,01-Clear,01-Daylight,MIDBLOCK,
3957,17-131162,20170615,STRASBURG RD btwn BLEAMS RD & SHOEMAKER ST,04-At/near private drive,02-Thru lane,01-Clear,01-Daylight,MIDBLOCK,
3958,16-120010,20160605,MCLENNAN PARK GATE btwn BLACKHORNE DR & BLOCK LINE RD,01-Non intersection,06-Two-way left turn lane,02-Rain,"08-Dark, artificial",MIDBLOCK,
3959,17-159314,20170718,BRIARGATE DR btwn GREENOCK DR & GREENOCK DR,01-Non intersection,02-Thru lane,01-Clear,01-Daylight,MIDBLOCK,
3960,16-163012,20160727,BROADVIEW CRT btwn BROADVIEW CRT & BROADVIEW CRT,01-Non intersection,01-Within intersection,01-Clear,01-Daylight,MIDBLOCK,
3961,16-282868,20161227,BRIDLEWREATH CRT btwn BRIDLEWREATH CRT & BRIDLEWREATH CRT,04-At/near private drive,10-Not on roadway - left side,01-Clear,"08-Dark, artificial",MIDBLOCK,
3962,16-253273,20161116,MANCHESTER RD btwn AVON RD & MONTEREY RD,04-At/near private drive,02-Thru lane,01-Clear,07-Dark,MIDBLOCK,
3963,16-257898,20161123,MONTCALM DR btwn HUDSON CRES & GIBSON DR,99-Other,11-Not on roadway - right side,01-Clear,07-Dark,MIDBLOCK,
3964,16-261211,20161127,RUSH MEADOW ST btwn RUSH MEADOW CRT & ANSON CRT,04-At/near private drive,02-Thru lane,01-Clear,01-Daylight,MIDBLOCK,
3965,16-280065,20161223,WESTHEIGHTS DR btwn BROKEN OAK CRES & BROKEN OAK CRES,99-Other,12-Off highway,03-Snow,01-Daylight,MIDBLOCK,
3966,16-268750,20161207,COLONY DR btwn THE COUNTRY WAY & BLEAMS RD,04-At/near private drive,02-Thru lane,01-Clear,01-Daylight,MIDBLOCK,
3967,16-259651,20161124,UNION BLVD btwn WATERLOO BOUNDARY & PARK ST,98-Other,02-Thru lane,"07-Fog, mist, smoke, dust","08-Dark, artificial",MIDBLOCK,
3968,16-267898,20161206,GUELPH ST btwn LANCASTER ST W & CLIFTON RD,01-Non intersection,02-Thru lane,01-Clear,01-Daylight,MIDBLOCK,
3969,16-271532,20161211,SIENNA CRES btwn SIENNA CRT & FRANKFURT ST,01-Non intersection,02-Thru lane,03-Snow,01-Daylight,MIDBLOCK,
3970,16-197032,20160903,FAIRWAY CRT btwn FAIRWAY CRT & FAIRWAY CRT,01-Non intersection,09-Right shoulder,01-Clear,"08-Dark, artificial",MIDBLOCK,
3971,16-189859,20160829,PARKVALE DR btwn PARKVALE CRT & BIANCA CRT,01-Non intersection,02-Thru lane,01-Clear,"08-Dark, artificial",MIDBLOCK,
3972,16-266889,20161205,MANITOU DR btwn CRESS LANE & BLEAMS RD,01-Non intersection,02-Thru lane,03-Snow,07-Dark,MIDBLOCK,
3973,16-262807,20161127,BLUCHER ST btwn ELLIS AVE & AHRENS ST W,01-Non intersection,02-Thru lane,02-Rain,"08-Dark, artificial",MIDBLOCK,
3974,16-251130,20161114,C_PKY STR ONRAMP btwn HOMER WATSON BLVD & CONESTOGA PKY(HWY7/8) STRA BND,01-Non intersection,02-Thru lane,01-Clear,01-Daylight,MIDBLOCK,
3975,16-199855,20160910,EDEN OAK TRAIL btwn OLD ZELLER DR & STILLWATER ST,04-At/near private drive,09-Right shoulder,01-Clear,01-Daylight,MIDBLOCK,
3976,16-208795,20160921,CHARLES BEST PL btwn CHARLES BEST PL & CHARLES BEST PL,04-At/near private drive,02-Thru lane,01-Clear,01-Daylight,MIDBLOCK,
3977,16-252065,20161115,WATERWILLOW CRT btwn WATERWILLOW CRT & WATERWILLOW CRT,04-At/near private drive,12-Off highway,01-Clear,01-Daylight,MIDBLOCK,
3978,17-006156,20170109,OTTO ST btwn FREDERICK ST & QUEEN ST N,04-At/near private drive,02-Thru lane,03-Snow,01-Daylight,MIDBLOCK,
3979,16-199570,20160910,VICTORIA ST N btwn RIVER RD E & TURNER AVE,04-At/near private drive,02-Thru lane,01-Clear,01-Daylight,MIDBLOCK,
3980,17-003368,20170102,DOON MILLS DR btwn WATERFORD CRT & APPLE RIDGE DR,04-At/near private drive,09-Right shoulder,01-Clear,"08-Dark, artificial",MIDBLOCK,
3981,16-271609,20161211,INGE CRT btwn INGE CRT & INGE CRT,04-At/near private drive,02-Thru lane,03-Snow,01-Daylight,MIDBLOCK,
3982,16-285333,20161231,KINZIE AVE btwn HUBER ST & WALKER ST,04-At/near private drive,02-Thru lane,06-Strong wind,01-Daylight,MIDBLOCK,
3983,16-276640,20161218,ANVIL ST btwn WHIPPLETREE PL & FARMINGTON PL,04-At/near private drive,02-Thru lane,01-Clear,01-Daylight,MIDBLOCK,
3984,16-232387,20161020,KRUG ST btwn SAMUEL ST & SIMEON ST,04-At/near private drive,02-Thru lane,01-Clear,07-Dark,MIDBLOCK,
3985,17-004160,20170106,UNION ST btwn ST LEGER ST & VALEWOOD PL,04-At/near private drive,02-Thru lane,01-Clear,01-Daylight,MIDBLOCK,
3986,16-281808,20161225,DONALD ST btwn ADA ST & KENWOOD DR,04-At/near private drive,02-Thru lane,01-Clear,01-Daylight,MIDBLOCK,
3987,17-006595,20170110,BELMONT AVE W btwn SANDRA AVE & EDGEWOOD DR,01-Non intersection,11-Not on roadway - right side,03-Snow,01-Daylight,MIDBLOCK,
3988,16-276148,20161217,SHIRLEY DR btwn END & END,01-Non intersection,10-Not on roadway - left side,04-Freezing Rain,"08-Dark, artificial",MIDBLOCK,
3989,16-281570,20161225,KINGSWAY DR btwn NINTH AVE & ST JEROME AVE,01-Non intersection,02-Thru lane,01-Clear,"08-Dark, artificial",MIDBLOCK,
3990,16-281799,20161226,SNOWDROP CRES btwn ACTIVA AVE & SNOWDROP CRT,01-Non intersection,09-Right shoulder,04-Freezing Rain,01-Daylight,MIDBLOCK,
3991,16-263932,20161201,FRANKLIN ST N btwn BRADLEY DR & PENROSE AVE,01-Non intersection,10-Not on roadway - left side,01-Clear,07-Dark,MIDBLOCK,
3992,16-280345,20161223,BELMONT AVE W btwn EDGEWOOD DR & JACK AVE,04-At/near private drive,02-Thru lane,01-Clear,01-Daylight,MIDBLOCK,
3993,16-276708,20161217,QUEENS BLVD btwn CECILE DR & WARREN RD,01-Non intersection,09-Right shoulder,01-Clear,"08-Dark, artificial",MIDBLOCK,
3994,16-280675,20161224,QUEENS BLVD btwn PLEASANT AVE & BARCLAY AVE,01-Non intersection,02-Thru lane,04-Freezing Rain,07-Dark,MIDBLOCK,
3995,16-267774,20161129,EAGLECREST ST btwn FALCONRIDGE DR & GREYHAWK ST,01-Non intersection,02-Thru lane,01-Clear,01-Daylight,MIDBLOCK,
3996,17-005430,20170108,WESTHEIGHTS DR btwn DRIFTWOOD DR & BROKEN OAK CRES,01-Non intersection,02-Thru lane,01-Clear,01-Daylight,MIDBLOCK,
3997,16-281831,20161224,HILLMOUNT ST btwn SHELLEY DR & HIGHPARK AVE,01-Non intersection,02-Thru lane,01-Clear,07-Dark,MIDBLOCK,
3998,16-253500,20161117,WINDOM RD btwn WINDOM RD & WINDOM RD,01-Non intersection,09-Right shoulder,01-Clear,01-Daylight,MIDBLOCK,
3999,16-284003,20161229,SIENNA CRES btwn FRANKFURT ST & SIENNA CRT,01-Non intersection,02-Thru lane,03-Snow,01-Daylight,MIDBLOCK,
4000,17-026981,20170206,GUELPH ST btwn BRUNSWICK AVE & MARGARET AVE,04-At/near private drive,02-Thru lane,01-Clear,01-Daylight,MIDBLOCK,
4001,17-034163,20170215,ST GEORGE ST btwn HEBEL PL & PETER ST,04-At/near private drive,02-Thru lane,01-Clear,"08-Dark, artificial",MIDBLOCK,
4002,17-061270,20170321,GENERAL DR btwn GENERAL PL & GENERAL DR,04-At/near private drive,09-Right shoulder,01-Clear,01-Daylight,MIDBLOCK,
4003,17-035930,20170217,FERGUS AVE btwn OBERMEYER DR & RUTHERFORD DR,01-Non intersection,02-Thru lane,01-Clear,07-Dark,MIDBLOCK,
4004,17-040106,20170223,HUNTINGDALE DR btwn HUNTINGDALE PL & ROEHAMPTON CRT,04-At/near private drive,11-Not on roadway - right side,01-Clear,01-Daylight,MIDBLOCK,
4005,17-040376,20170223,MADISON AVE N btwn MADISON AVE S & DUKE ST E,04-At/near private drive,02-Thru lane,01-Clear,01-Daylight,MIDBLOCK,
4006,17-018943,20170124,WATER ST N btwn WEBER ST W & VICTORIA ST N,04-At/near private drive,02-Thru lane,02-Rain,01-Daylight,MIDBLOCK,
4007,17-037719,20170220,STOKE DR btwn MEDFORD ST & LENNOX CRES,04-At/near private drive,02-Thru lane,01-Clear,01-Daylight,MIDBLOCK,
4008,17-018649,20170125,QUEEN ST N btwn ROY ST & AHRENS ST E,04-At/near private drive,02-Thru lane,01-Clear,01-Daylight,MIDBLOCK,
4009,17-006624,20170110,ONTARIO ST N btwn GOUDIES LANE & DUKE ST W,01-Non intersection,02-Thru lane,03-Snow,01-Daylight,MIDBLOCK,
4010,17-015632,20170121,DEVONGLEN CRT btwn DEVONGLEN CRT & DEVONGLEN CRT,01-Non intersection,02-Thru lane,"07-Fog, mist, smoke, dust",01-Daylight,MIDBLOCK,
4011,17-028716,20170205,DUBRICK CRES btwn SWARTZ ST & COMMONWEALTH ST,04-At/near private drive,09-Right shoulder,03-Snow,"08-Dark, artificial",MIDBLOCK,
4012,17-000231,20170101,FLORAL CRES btwn DELTA ST & ROCKWAY DR,01-Non intersection,10-Not on roadway - left side,01-Clear,01-Daylight,MIDBLOCK,
4013,17-028610,20170128,CARLYLE DR btwn WINDY RIDGE DR & BIEHN DR,99-Other,12-Off highway,01-Clear,01-Daylight,MIDBLOCK,
4014,17-070569,20170401,WEDGEWOOD DR btwn ADA ST & KENWOOD DR,04-At/near private drive,02-Thru lane,01-Clear,01-Daylight,MIDBLOCK,
4015,17-054544,20170312,ERIE AVE btwn MASSEY AVE & VANIER DR,01-Non intersection,02-Thru lane,01-Clear,01-Daylight,MIDBLOCK,
4016,17-054864,20170313,PLEASANT AVE btwn GLEN RD & PERTH RD,01-Non intersection,02-Thru lane,03-Snow,07-Dark,MIDBLOCK,
4017,17-054878,20170314,TAMROTH CLOSE btwn HEIMAN ST & CUL DE SAC,04-At/near private drive,02-Thru lane,03-Snow,01-Daylight,MIDBLOCK,
4018,17-057042,20170317,CONESTOGA PKY(HWY 7/8) STRA BND btwn C_PKY STR ONRAMP & C_PKY STR OFFRAMP,99-Other,12-Off highway,01-Clear,01-Daylight,MIDBLOCK,
4019,17-057491,20170317,BROOKMEAD ST btwn ZELLER DR & VALEBROOK ST,04-At/near private drive,02-Thru lane,01-Clear,01-Daylight,MIDBLOCK,
4020,17-066525,20170328,EAGEN DR btwn OVERLEA DR & RALGREEN CRES,04-At/near private drive,02-Thru lane,01-Clear,01-Daylight,MIDBLOCK,
4021,17-237478,20171019,FOREST HILL DR btwn BARBERRY PL & WESTMOUNT RD E,99-Other,11-Not on roadway - right side,01-Clear,07-Dark,MIDBLOCK,
4022,18-006405,20180109,RUBY ST btwn HIGHLAND RD E & SPADINA RD E,01-Non intersection,02-Thru lane,01-Clear,01-Daylight,MIDBLOCK,
4023,18-001302,20180102,SHIRLEY DR btwn RIVERVIEW PL & VICTORIA ST N,01-Non intersection,02-Thru lane,01-Clear,05-Dusk,MIDBLOCK,
4024,18-021067,20180126,GARDEN PATH PL btwn GARDEN PATH PL & GARDEN PATH PL,04-At/near private drive,02-Thru lane,01-Clear,07-Dark,MIDBLOCK,
4025,18-017010,20180120,MELINDA ST btwn GRAVEL RIDGE TRAIL & MERKLING ST,01-Non intersection,09-Right shoulder,02-Rain,"08-Dark, artificial",MIDBLOCK,
4026,17-292074,20171225,GLEN PARK CRES btwn FORESTWOOD DR & FORESTWOOD DR,04-At/near private drive,02-Thru lane,01-Clear,01-Daylight,MIDBLOCK,
4027,17-294238,20171230,MONTCALM DR btwn HAMPTON PL & BISHOP CRT,04-At/near private drive,02-Thru lane,01-Clear,01-Daylight,MIDBLOCK,
4028,18-007461,20180110,MOORLANDS CRES btwn SOUTH CREEK DR & SOUTH CREEK DR,04-At/near private drive,02-Thru lane,02-Rain,01-Daylight,MIDBLOCK,
4029,17-161133,20170719,LORNE CRES btwn DELAWARE AVE & SENECA DR,04-At/near private drive,02-Thru lane,01-Clear,01-Daylight,MIDBLOCK,
4030,17-119144,20170601,CAMROSE CRT btwn CAMROSE CRT & CAMROSE CRT,01-Non intersection,11-Not on roadway - right side,01-Clear,01-Daylight,MIDBLOCK,
4031,17-146357,20170703,CHARLOTTE CRES btwn CROSBY DR & CROSBY DR,04-At/near private drive,02-Thru lane,01-Clear,01-Daylight,MIDBLOCK,
4032,17-106667,20170515,WESTHEIGHTS DR btwn WINDING WAY & DRIFTWOOD DR,04-At/near private drive,02-Thru lane,01-Clear,01-Daylight,MIDBLOCK,
4033,17-142207,20170628,EDWIN ST btwn LEONARD ST & ELIZABETH ST,04-At/near private drive,02-Thru lane,01-Clear,01-Daylight,MIDBLOCK,
4034,17-106601,20170517,KING ST E btwn DEER RIDGE DR & SPORTSWORLD DR,04-At/near private drive,02-Thru lane,01-Clear,01-Daylight,MIDBLOCK,
4035,17-156917,20170715,MIDLAND DR btwn SIMPSON AVE & BRADLEY DR,04-At/near private drive,09-Right shoulder,01-Clear,01-Daylight,MIDBLOCK,
4036,17-014098,20170120,GRAVEL RIDGE TRAIL btwn MELINDA ST & GRAVEL RIDGE PL,01-Non intersection,02-Thru lane,"07-Fog, mist, smoke, dust",01-Daylight,MIDBLOCK,
4037,17-130212,20170614,DENLOW ST btwn BREMBEL ST & TAMI CRT,01-Non intersection,09-Right shoulder,01-Clear,01-Daylight,MIDBLOCK,
4038,17-117281,20170522,BRIAR AVE btwn MOORE AVE & DEKAY ST,01-Non intersection,09-Right shoulder,01-Clear,01-Daylight,MIDBLOCK,
4039,17-158692,20170717,HENHOEFFER CRES btwn HENHOEFFER CRT & REISTVIEW ST,04-At/near private drive,02-Thru lane,01-Clear,05-Dusk,MIDBLOCK,
4040,17-116681,20170529,CHERRYTREE CRT btwn CHERRYTREE CRT & CHERRYTREE CRT,04-At/near private drive,09-Right shoulder,01-Clear,01-Daylight,MIDBLOCK,
4041,17-147504,20170704,HIGHVIEW DR btwn HIGHVIEW PL & HICKORY HOLLOW CRES,01-Non intersection,02-Thru lane,01-Clear,01-Daylight,MIDBLOCK,
4042,17-078831,20170412,HOMER WATSON BLVD btwn C_PKY STR OFFRAMP & C_PKY STR ONRAMP,01-Non intersection,02-Thru lane,01-Clear,01-Daylight,MIDBLOCK,
4043,17-200331,20170907,OTTERBEIN RD btwn BRANDY CRES & BRANDY CRES,01-Non intersection,02-Thru lane,01-Clear,07-Dark,MIDBLOCK,
4044,17-221015,20170930,COURTLAND AVE E btwn MADISON AVE S & STIRLING AVE S,01-Non intersection,11-Not on roadway - right side,01-Clear,01-Daylight,MIDBLOCK,
4045,17-224869,20171004,WOODBINE AVE btwn SEABROOK DR & PARKVALE DR,01-Non intersection,02-Thru lane,01-Clear,01-Daylight,MIDBLOCK,
4046,17-219590,20170928,AGNES ST btwn KING ST W & WALTER ST,04-At/near private drive,02-Thru lane,01-Clear,01-Daylight,MIDBLOCK,
4047,17-217310,20170925,FALL HARVEST DR btwn SPRING MIST DR & END,01-Non intersection,02-Thru lane,01-Clear,01-Daylight,MIDBLOCK,
4048,17-216963,20170925,GLASGOW ST btwn INWOOD DR & KNELL DR,01-Non intersection,08-Left shoulder,01-Clear,05-Dusk,MIDBLOCK,
4049,17-280870,20171204,MASTER CRT btwn DEER RIDGE DR & END,04-At/near private drive,11-Not on roadway - right side,03-Snow,07-Dark,MIDBLOCK,
4050,17-292144,20171227,BLACKWELL DR btwn MONTANA CRES & HIGH ACRES CRES,01-Non intersection,11-Not on roadway - right side,03-Snow,01-Daylight,MIDBLOCK,
4051,18-023541,20180130,BLACKWELL DR btwn HIGH ACRES CRES & CLAYCROFT CRES,01-Non intersection,02-Thru lane,03-Snow,01-Daylight,MIDBLOCK,
4052,17-291529,20171226,BREITHAUPT ST btwn WEBER ST W & AHRENS ST W,01-Non intersection,02-Thru lane,03-Snow,01-Daylight,MIDBLOCK,
4053,17-294076,20171230,PLEASANT AVE btwn BINSCARTH RD & GLEN RD,01-Non intersection,08-Left shoulder,03-Snow,"08-Dark, artificial",MIDBLOCK,
4054,18-031698,20180209,DOON VILLAGE RD btwn WILFONG DR & DOON SOUTH DR,04-At/near private drive,02-Thru lane,03-Snow,01-Daylight,MIDBLOCK,
4055,18-009226,20180112,DUKE ST W btwn SHANLEY ST & WILHELM ST,04-At/near private drive,12-Off highway,03-Snow,05-Dusk,MIDBLOCK,
4056,18-033026,20180210,ROBERT FERRIE DR btwn SOUTH CREEK DR & ELMBANK TRAIL,04-At/near private drive,09-Right shoulder,03-Snow,"08-Dark, artificial",MIDBLOCK,
4057,18-034631,20180212,SPADINA RD E btwn WINDSOR CRES & GLEN RD,01-Non intersection,09-Right shoulder,01-Clear,03-Dawn,MIDBLOCK,
4058,17-289784,20171223,KEEWATIN AVE btwn STANMORE AVE & DENLOW ST,04-At/near private drive,02-Thru lane,03-Snow,01-Daylight,MIDBLOCK,
4059,18-001252,20180102,THE BOARDWALK btwn THE BOARDWALK & UNIVERSITY AVE W,04-At/near private drive,02-Thru lane,01-Clear,07-Dark,MIDBLOCK,
4060,18-005764,20180108,UNIVERSITY AVE W btwn COUNTRYSTONE DR & WEST HILL DR,01-Non intersection,02-Thru lane,03-Snow,01-Daylight,MIDBLOCK,
4061,18-037174,20180216,FLORAL CRES btwn DOON RD & CUL DE SAC,01-Non intersection,02-Thru lane,01-Clear,01-Daylight,MIDBLOCK,
4062,18-025889,20180202,VERONICA DR btwn BETTINA PL & KRISTI PL,04-At/near private drive,02-Thru lane,01-Clear,01-Daylight,MIDBLOCK,
4063,18-018713,20180121,VINTAGE CRES btwn PIONEER DR & PIONEER DR,04-At/near private drive,02-Thru lane,01-Clear,05-Dusk,MIDBLOCK,
4064,17-266573,20171124,WILSON AVE btwn TRAYNOR AVE & BALFOUR CRES,04-At/near private drive,02-Thru lane,01-Clear,01-Daylight,MIDBLOCK,
4065,17-263096,20171120,GRAVEL RIDGE TRAIL btwn MELINDA ST & ISAIAH DR,01-Non intersection,02-Thru lane,01-Clear,01-Daylight,MIDBLOCK,
4066,17-183030,20170816,BRAUN ST btwn ANDREW ST & LINWOOD AVE,01-Non intersection,02-Thru lane,01-Clear,01-Daylight,MIDBLOCK,
4067,17-213838,20170922,CHICOPEE PARK CRT btwn FAIRWAY RD N & END,01-Non intersection,02-Thru lane,01-Clear,07-Dark,MIDBLOCK,
4068,17-208358,20170916,COOPERSHAWK ST btwn RIVERLINK WAY & EAGLECREST ST,04-At/near private drive,02-Thru lane,01-Clear,01-Daylight,MIDBLOCK,
4069,17-189200,20170823,DANIEL AVE btwn BLOOMINGDALE RD & SCHWEITZER ST,04-At/near private drive,02-Thru lane,01-Clear,01-Daylight,MIDBLOCK,
4070,17-130171,20170614,DUMART PL btwn HOLLINGER CRES & CUL DE SAC,01-Non intersection,02-Thru lane,01-Clear,01-Daylight,MIDBLOCK,
4071,17-206966,20170914,DURHAM ST btwn END & AMHERST DR,04-At/near private drive,02-Thru lane,01-Clear,01-Daylight,MIDBLOCK,
4072,17-200966,20170907,FAIRFIELD AVE btwn BOEHMER ST & EDWIN ST,04-At/near private drive,02-Thru lane,01-Clear,01-Daylight,MIDBLOCK,
4073,17-205531,20170913,FARRIER DR btwn MILLWOOD CRES & DUNLOP PL,04-At/near private drive,02-Thru lane,01-Clear,01-Daylight,MIDBLOCK,
4074,17-206625,20170914,HOWLAND DR btwn SHEA CRES & CARTIER DR,04-At/near private drive,02-Thru lane,01-Clear,01-Daylight,MIDBLOCK,
4075,17-208995,20170916,INDIANA ST btwn VICTORIA ST N & MANSION ST,01-Non intersection,11-Not on roadway - right side,01-Clear,07-Dark,MIDBLOCK,
4076,17-216948,20170925,YORK ST btwn GLASGOW ST & GILDNER ST,04-At/near private drive,09-Right shoulder,01-Clear,01-Daylight,MIDBLOCK,
4077,18-013083,20180115,OPRINGTON CRT btwn OPRINGTON CRT & OPRINGTON CRT,01-Non intersection,02-Thru lane,01-Clear,01-Daylight,MIDBLOCK,
4078,17-252090,20171106,BENTON ST btwn WHITNEY PL & BRUDER AVE,01-Non intersection,02-Thru lane,01-Clear,01-Daylight,MIDBLOCK,
4079,17-289171,20171222,HOMER WATSON BLVD btwn BLOCK LINE RD & BLEAMS RD,01-Non intersection,02-Thru lane,01-Clear,01-Daylight,MIDBLOCK,
4080,17-255596,20171110,BRUNSWICK AVE btwn BLUCHER ST & GUELPH ST,04-At/near private drive,02-Thru lane,01-Clear,01-Daylight,MIDBLOCK,
4081,18-000942,20180102,DEKAY ST btwn GUELPH ST & DELISLE AVE,01-Non intersection,09-Right shoulder,03-Snow,01-Daylight,MIDBLOCK,
4082,17-267265,20171125,SPADINA RD E btwn RUBY ST & GLEN RD,01-Non intersection,02-Thru lane,01-Clear,07-Dark,MIDBLOCK,
4083,18-002840,20180104,KING ST E btwn KINGSBURY DR & MORGAN AVE,04-At/near private drive,02-Thru lane,01-Clear,"08-Dark, artificial",MIDBLOCK,
4084,17-292232,20171226,KING ST E btwn LIMERICK DR & 401 LON ONRAMP,04-At/near private drive,06-Two-way left turn lane,03-Snow,07-Dark,MIDBLOCK,
4085,17-289159,20171222,STRANGE ST btwn CHERRY ST & WAVERLY RD,04-At/near private drive,02-Thru lane,01-Clear,01-Daylight,MIDBLOCK,
4086,17-273642,20171202,WOODBINE AVE btwn SOPHIA CRES & SEABROOK DR,01-Non intersection,11-Not on roadway - right side,01-Clear,"08-Dark, artificial",MIDBLOCK,
4087,17-235799,20171017,LYNDHURST DR btwn DEERFIELD AVE & BURBANK RD,04-At/near private drive,08-Left shoulder,01-Clear,07-Dark,MIDBLOCK,
4088,17-263128,20171120,RESURRECTION DR btwn WATERLOO BOUNDARY & NORTHMANOR CRES,01-Non intersection,02-Thru lane,01-Clear,01-Daylight,MIDBLOCK,
4089,17-101430,20170511,WESTMOUNT RD E btwn QUEENS BLVD & GATEWOOD RD,01-Non intersection,02-Thru lane,01-Clear,01-Daylight,MIDBLOCK,
4090,17-134494,20170618,DRIFTWOOD DR btwn HOMESTEAD PL & WESTHEIGHTS DR,01-Non intersection,02-Thru lane,01-Clear,01-Daylight,MIDBLOCK,
4091,17-206778,20170914,KINGSWOOD DR btwn STRASBURG RD & LUCERNE DR,04-At/near private drive,02-Thru lane,01-Clear,01-Daylight,MIDBLOCK,
4092,17-173347,20170804,KIPLING AVE btwn WALTON AVE & HIGHPARK AVE,01-Non intersection,09-Right shoulder,01-Clear,01-Daylight,MIDBLOCK,
4093,17-198922,20170905,OVERLEA CRT btwn OVERLEA CRT & OVERLEA CRT,01-Non intersection,02-Thru lane,02-Rain,"08-Dark, artificial",MIDBLOCK,
4094,17-175973,20170808,CRAIG DR btwn YULE PL & HICKSON DR,99-Other,12-Off highway,01-Clear,01-Daylight,MIDBLOCK,
4095,17-194283,20170829,RIPLEY CRES btwn TRAILVIEW DR & TRAILVIEW DR,01-Non intersection,09-Right shoulder,01-Clear,99-Other,MIDBLOCK,
4096,17-144116,20170630,HICKSON DR btwn HALLIWELL DR & INLET AVE,01-Non intersection,02-Thru lane,01-Clear,01-Daylight,MIDBLOCK,
4097,17-052720,20170311,FREDERICK ST btwn KING ST E & GOUDIES LANE,01-Non intersection,11-Not on roadway - right side,03-Snow,01-Daylight,MIDBLOCK,
4098,17-172533,20170802,DUKE ST E btwn SCOTT ST & WILTON PL,01-Non intersection,02-Thru lane,01-Clear,01-Daylight,MIDBLOCK,
4099,17-150788,20170708,WHITNEY PL btwn BENTON ST & PETER ST,04-At/near private drive,02-Thru lane,01-Clear,01-Daylight,MIDBLOCK,